tran_id,orig_acct,bene_acct,tx_type,base_amt,tran_timestamp,is_sar,alert_id
1,33,43,1,979.21,2010-01-01T00:00:00Z,FALSE,-1
2,16,83,1,302.33,2010-01-01T00:00:00Z,FALSE,-1
3,50,62,2,234.08,2010-01-01T00:00:00Z,TRUE,0
4,28,35,3,789.99,2010-01-01T00:00:00Z,FALSE,-1
5,97,93,3,394.91,2010-01-01T00:00:00Z,FALSE,-1
6,79,95,1,201.63,2010-01-01T00:00:00Z,TRUE,2
7,80,77,4,539.36,2010-01-01T00:00:00Z,FALSE,-1
8,29,28,1,214.61,2010-01-01T00:00:00Z,TRUE,1
9,9,23,1,577.16,2010-01-01T00:00:00Z,FALSE,-1
10,10,41,3,293.9,2010-01-01T00:00:00Z,FALSE,-1
11,69,17,2,981.33,2010-01-01T00:00:00Z,FALSE,-1
12,22,62,1,531.2,2010-01-01T00:00:00Z,FALSE,-1
13,98,81,3,395.89,2010-01-01T00:00:00Z,FALSE,-1
14,87,72,1,262.5,2010-01-02T00:00:00Z,FALSE,-1
15,62,5,1,419.39,2010-01-02T00:00:00Z,FALSE,-1
16,16,44,3,888.27,2010-01-02T00:00:00Z,FALSE,-1
17,53,32,1,749.87,2010-01-02T00:00:00Z,FALSE,-1
18,29,39,1,317.02,2010-01-02T00:00:00Z,FALSE,-1
19,99,98,3,539.77,2010-01-02T00:00:00Z,FALSE,-1
20,19,97,3,933.07,2010-01-02T00:00:00Z,FALSE,-1
21,18,91,1,336.94,2010-01-02T00:00:00Z,FALSE,-1
22,91,95,3,717.07,2010-01-02T00:00:00Z,FALSE,-1
23,12,57,3,229.34,2010-01-02T00:00:00Z,FALSE,-1
24,13,95,3,998.31,2010-01-02T00:00:00Z,FALSE,-1
25,0,27,3,605.07,2010-01-02T00:00:00Z,FALSE,-1
26,92,39,1,692.79,2010-01-02T00:00:00Z,FALSE,-1
27,90,7,3,955.42,2010-01-02T00:00:00Z,FALSE,-1
28,49,31,1,821.21,2010-01-02T00:00:00Z,FALSE,-1
29,11,26,3,113.19,2010-01-02T00:00:00Z,FALSE,-1
30,77,65,2,833.39,2010-01-03T00:00:00Z,FALSE,-1
31,94,49,2,893.8,2010-01-03T00:00:00Z,FALSE,-1
32,4,24,3,732.17,2010-01-03T00:00:00Z,FALSE,-1
33,20,92,1,649.31,2010-01-03T00:00:00Z,FALSE,-1
34,17,70,1,503.41,2010-01-03T00:00:00Z,FALSE,-1
35,56,20,3,700.96,2010-01-03T00:00:00Z,FALSE,-1
36,9,38,3,206.76,2010-01-03T00:00:00Z,FALSE,-1
37,89,86,3,793.74,2010-01-03T00:00:00Z,FALSE,-1
38,55,0,1,596.51,2010-01-03T00:00:00Z,FALSE,-1
39,6,25,4,532.89,2010-01-03T00:00:00Z,FALSE,-1
40,3,47,1,969.14,2010-01-03T00:00:00Z,FALSE,-1
41,10,41,3,960.27,2010-01-03T00:00:00Z,FALSE,-1
42,3,47,1,720.02,2010-01-03T00:00:00Z,FALSE,-1
43,59,7,2,492.92,2010-01-04T00:00:00Z,FALSE,-1
44,79,17,3,287.95,2010-01-04T00:00:00Z,FALSE,-1
45,13,34,1,451.15,2010-01-04T00:00:00Z,FALSE,-1
46,83,94,3,368.18,2010-01-04T00:00:00Z,FALSE,-1
47,71,29,1,910.92,2010-01-04T00:00:00Z,FALSE,-1
48,76,44,3,958.79,2010-01-04T00:00:00Z,FALSE,-1
49,8,61,1,682.34,2010-01-05T00:00:00Z,FALSE,-1
50,73,3,2,926.8,2010-01-05T00:00:00Z,FALSE,-1
51,63,33,2,178.31,2010-01-05T00:00:00Z,FALSE,-1
52,74,11,1,656.31,2010-01-05T00:00:00Z,FALSE,-1
53,5,33,2,984.43,2010-01-05T00:00:00Z,FALSE,-1
54,2,58,3,634.77,2010-01-05T00:00:00Z,FALSE,-1
55,52,35,1,824.73,2010-01-05T00:00:00Z,FALSE,-1
56,11,74,2,237.16,2010-01-05T00:00:00Z,FALSE,-1
57,15,64,1,145.34,2010-01-05T00:00:00Z,FALSE,-1
58,17,42,1,135.92,2010-01-05T00:00:00Z,FALSE,-1
59,1,49,3,444.57,2010-01-05T00:00:00Z,FALSE,-1
60,86,93,1,976.68,2010-01-05T00:00:00Z,FALSE,-1
61,6,30,1,400.86,2010-01-05T00:00:00Z,FALSE,-1
62,23,37,1,213.44,2010-01-05T00:00:00Z,FALSE,-1
63,81,54,2,893.7,2010-01-05T00:00:00Z,FALSE,-1
64,50,2,1,530.99,2010-01-05T00:00:00Z,FALSE,-1
65,60,17,2,378.53,2010-01-05T00:00:00Z,FALSE,-1
66,72,39,2,854.3,2010-01-05T00:00:00Z,FALSE,-1
67,66,7,2,764.05,2010-01-05T00:00:00Z,FALSE,-1
68,20,29,3,348.47,2010-01-05T00:00:00Z,FALSE,-1
69,19,28,1,359.78,2010-01-05T00:00:00Z,FALSE,-1
70,54,28,2,690.87,2010-01-06T00:00:00Z,FALSE,-1
71,58,2,2,724.18,2010-01-06T00:00:00Z,FALSE,-1
72,5,62,2,740.69,2010-01-06T00:00:00Z,FALSE,-1
73,51,30,3,583.93,2010-01-06T00:00:00Z,FALSE,-1
74,6,25,4,550,2010-01-06T00:00:00Z,FALSE,-1
75,67,35,3,109.19,2010-01-06T00:00:00Z,FALSE,-1
76,11,46,4,348.1,2010-01-06T00:00:00Z,FALSE,-1
77,15,32,2,814.99,2010-01-06T00:00:00Z,FALSE,-1
78,0,27,3,677.29,2010-01-06T00:00:00Z,FALSE,-1
79,14,20,1,482.92,2010-01-06T00:00:00Z,FALSE,-1
80,84,75,3,671.28,2010-01-06T00:00:00Z,FALSE,-1
81,1,61,1,704.77,2010-01-06T00:00:00Z,FALSE,-1
82,88,26,1,512.95,2010-01-06T00:00:00Z,FALSE,-1
83,57,8,1,219.21,2010-01-06T00:00:00Z,FALSE,-1
84,65,24,2,130.82,2010-01-06T00:00:00Z,FALSE,-1
85,75,96,3,678.77,2010-01-06T00:00:00Z,FALSE,-1
86,21,40,2,860.04,2010-01-07T00:00:00Z,FALSE,-1
87,24,26,1,567.72,2010-01-07T00:00:00Z,FALSE,-1
88,96,85,2,719.3,2010-01-07T00:00:00Z,FALSE,-1
89,82,99,1,130.5,2010-01-07T00:00:00Z,FALSE,-1
90,70,9,1,828.93,2010-01-07T00:00:00Z,FALSE,-1
91,95,35,1,658.55,2010-01-07T00:00:00Z,FALSE,-1
92,68,34,1,584.1,2010-01-07T00:00:00Z,FALSE,-1
93,61,1,1,467.61,2010-01-07T00:00:00Z,FALSE,-1
94,30,36,1,234.83,2010-01-07T00:00:00Z,FALSE,-1
95,64,15,1,670.34,2010-01-07T00:00:00Z,FALSE,-1
96,7,66,1,980.23,2010-01-07T00:00:00Z,FALSE,-1
97,21,44,1,311.27,2010-01-07T00:00:00Z,FALSE,-1
98,78,77,1,619.09,2010-01-07T00:00:00Z,FALSE,-1
99,38,45,1,932.36,2010-01-07T00:00:00Z,FALSE,-1
100,14,48,2,907.16,2010-01-07T00:00:00Z,FALSE,-1
101,23,20,3,715.96,2010-01-07T00:00:00Z,FALSE,-1
102,85,95,3,694.94,2010-01-07T00:00:00Z,FALSE,-1
103,93,71,2,976,2010-01-07T00:00:00Z,FALSE,-1
104,44,43,3,921.76,2010-01-08T00:00:00Z,FALSE,-1
105,69,17,3,403.55,2010-01-08T00:00:00Z,FALSE,-1
106,98,72,3,419.71,2010-01-08T00:00:00Z,FALSE,-1
107,64,62,1,234.08,2010-01-08T00:00:00Z,TRUE,0
108,9,70,3,250.12,2010-01-08T00:00:00Z,FALSE,-1
109,80,39,3,174.75,2010-01-08T00:00:00Z,FALSE,-1
110,97,10,1,580.53,2010-01-08T00:00:00Z,FALSE,-1
111,42,41,2,476.42,2010-01-08T00:00:00Z,FALSE,-1
112,16,98,3,820.29,2010-01-08T00:00:00Z,FALSE,-1
113,22,56,2,508.5,2010-01-08T00:00:00Z,FALSE,-1
114,39,35,1,448.88,2010-01-08T00:00:00Z,FALSE,-1
115,53,32,3,212.57,2010-01-09T00:00:00Z,FALSE,-1
116,18,99,3,945.87,2010-01-09T00:00:00Z,FALSE,-1
117,55,39,1,780.86,2010-01-09T00:00:00Z,FALSE,-1
118,99,74,3,679.87,2010-01-09T00:00:00Z,FALSE,-1
119,19,28,1,542.06,2010-01-09T00:00:00Z,FALSE,-1
120,21,44,1,423.73,2010-01-09T00:00:00Z,FALSE,-1
121,12,6,2,521.15,2010-01-09T00:00:00Z,FALSE,-1
122,62,5,3,631.97,2010-01-09T00:00:00Z,FALSE,-1
123,54,31,1,107.44,2010-01-09T00:00:00Z,FALSE,-1
124,92,78,3,693.4,2010-01-09T00:00:00Z,FALSE,-1
125,32,27,3,282.28,2010-01-09T00:00:00Z,FALSE,-1
126,90,82,3,485.78,2010-01-09T00:00:00Z,FALSE,-1
127,91,48,1,664.51,2010-01-09T00:00:00Z,FALSE,-1
128,13,34,1,635.38,2010-01-09T00:00:00Z,FALSE,-1
129,13,26,3,363.88,2010-01-09T00:00:00Z,FALSE,-1
130,87,79,3,953.88,2010-01-09T00:00:00Z,FALSE,-1
131,4,92,2,727.49,2010-01-10T00:00:00Z,FALSE,-1
132,3,87,3,758.67,2010-01-10T00:00:00Z,FALSE,-1
133,55,0,1,414.22,2010-01-10T00:00:00Z,FALSE,-1
134,10,91,1,299.75,2010-01-10T00:00:00Z,FALSE,-1
135,77,68,1,395.35,2010-01-10T00:00:00Z,FALSE,-1
136,15,47,1,905.91,2010-01-10T00:00:00Z,FALSE,-1
137,94,40,1,866.28,2010-01-10T00:00:00Z,FALSE,-1
138,45,28,2,214.61,2010-01-10T00:00:00Z,TRUE,1
139,17,77,1,449.48,2010-01-10T00:00:00Z,FALSE,-1
140,89,96,1,742.79,2010-01-10T00:00:00Z,FALSE,-1
141,20,64,1,282.4,2010-01-10T00:00:00Z,FALSE,-1
142,46,38,1,976.61,2010-01-10T00:00:00Z,FALSE,-1
143,56,20,1,434.6,2010-01-10T00:00:00Z,FALSE,-1
144,56,25,4,611.7,2010-01-10T00:00:00Z,FALSE,-1
145,29,34,1,818.68,2010-01-11T00:00:00Z,FALSE,-1
146,83,13,1,303.82,2010-01-11T00:00:00Z,FALSE,-1
147,59,7,1,775.86,2010-01-11T00:00:00Z,FALSE,-1
148,71,29,3,421.15,2010-01-11T00:00:00Z,FALSE,-1
149,76,51,3,400.58,2010-01-11T00:00:00Z,FALSE,-1
150,79,88,3,666.45,2010-01-11T00:00:00Z,FALSE,-1
151,15,32,2,762.9,2010-01-12T00:00:00Z,FALSE,-1
152,63,33,1,434.12,2010-01-12T00:00:00Z,FALSE,-1
153,25,28,3,503.37,2010-01-12T00:00:00Z,FALSE,-1
154,86,82,3,752.52,2010-01-12T00:00:00Z,FALSE,-1
155,44,33,1,622.82,2010-01-12T00:00:00Z,FALSE,-1
156,72,39,2,354.27,2010-01-12T00:00:00Z,FALSE,-1
157,50,2,2,806.33,2010-01-12T00:00:00Z,FALSE,-1
158,73,3,4,725.49,2010-01-12T00:00:00Z,FALSE,-1
159,74,11,1,262.57,2010-01-12T00:00:00Z,FALSE,-1
160,25,29,2,197.79,2010-01-12T00:00:00Z,FALSE,-1
161,14,30,1,139.11,2010-01-12T00:00:00Z,FALSE,-1
162,40,37,3,515.54,2010-01-12T00:00:00Z,FALSE,-1
163,81,59,1,944.98,2010-01-12T00:00:00Z,FALSE,-1
164,41,42,1,355.36,2010-01-12T00:00:00Z,FALSE,-1
165,52,35,1,717.55,2010-01-12T00:00:00Z,FALSE,-1
166,38,49,1,290.27,2010-01-12T00:00:00Z,FALSE,-1
167,2,50,3,909.14,2010-01-12T00:00:00Z,FALSE,-1
168,60,17,3,655.64,2010-01-12T00:00:00Z,FALSE,-1
169,11,86,3,123.53,2010-01-12T00:00:00Z,FALSE,-1
170,66,7,1,352.72,2010-01-12T00:00:00Z,FALSE,-1
171,8,73,1,930.81,2010-01-12T00:00:00Z,FALSE,-1
172,5,87,3,475.54,2010-01-13T00:00:00Z,FALSE,-1
173,67,35,1,499.26,2010-01-13T00:00:00Z,FALSE,-1
174,58,2,1,963.63,2010-01-13T00:00:00Z,FALSE,-1
175,0,55,3,860.9,2010-01-13T00:00:00Z,FALSE,-1
176,57,8,1,207.24,2010-01-13T00:00:00Z,FALSE,-1
177,65,24,3,509.03,2010-01-13T00:00:00Z,FALSE,-1
178,14,30,1,422.51,2010-01-13T00:00:00Z,FALSE,-1
179,1,49,3,103.83,2010-01-13T00:00:00Z,FALSE,-1
180,18,46,2,203.88,2010-01-13T00:00:00Z,FALSE,-1
181,84,99,3,257.41,2010-01-13T00:00:00Z,FALSE,-1
182,6,93,2,399.73,2010-01-13T00:00:00Z,FALSE,-1
183,51,30,2,589.97,2010-01-13T00:00:00Z,FALSE,-1
184,88,17,2,255.79,2010-01-13T00:00:00Z,FALSE,-1
185,54,28,1,177.64,2010-01-13T00:00:00Z,FALSE,-1
186,66,32,3,616.77,2010-01-13T00:00:00Z,FALSE,-1
187,75,65,1,598.53,2010-01-13T00:00:00Z,FALSE,-1
188,21,99,2,659.41,2010-01-14T00:00:00Z,FALSE,-1
189,85,47,4,798.68,2010-01-14T00:00:00Z,FALSE,-1
190,61,1,1,873.7,2010-01-14T00:00:00Z,FALSE,-1
191,64,15,2,887.85,2010-01-14T00:00:00Z,FALSE,-1
192,78,14,2,654.22,2010-01-14T00:00:00Z,FALSE,-1
193,68,34,1,193.82,2010-01-14T00:00:00Z,FALSE,-1
194,55,40,1,759.37,2010-01-14T00:00:00Z,FALSE,-1
195,96,68,2,109.12,2010-01-14T00:00:00Z,FALSE,-1
196,95,84,3,727.53,2010-01-14T00:00:00Z,FALSE,-1
197,23,98,1,230.64,2010-01-14T00:00:00Z,FALSE,-1
198,93,10,3,156.46,2010-01-14T00:00:00Z,FALSE,-1
199,24,90,2,168.63,2010-01-14T00:00:00Z,FALSE,-1
200,82,97,2,165.21,2010-01-14T00:00:00Z,FALSE,-1
201,69,48,1,151.51,2010-01-14T00:00:00Z,FALSE,-1
202,42,36,3,442.94,2010-01-14T00:00:00Z,FALSE,-1
203,40,45,1,352.21,2010-01-14T00:00:00Z,FALSE,-1
204,7,79,1,639.79,2010-01-14T00:00:00Z,FALSE,-1
205,70,9,2,974.33,2010-01-14T00:00:00Z,FALSE,-1
206,69,17,1,769.22,2010-01-15T00:00:00Z,FALSE,-1
207,60,43,1,531.56,2010-01-15T00:00:00Z,FALSE,-1
208,80,12,1,719.2,2010-01-15T00:00:00Z,FALSE,-1
209,59,35,2,369.15,2010-01-15T00:00:00Z,FALSE,-1
210,16,61,2,685.24,2010-01-15T00:00:00Z,FALSE,-1
211,98,2,1,357.72,2010-01-15T00:00:00Z,FALSE,-1
212,97,47,1,458.52,2010-01-15T00:00:00Z,FALSE,-1
213,9,77,1,394.63,2010-01-15T00:00:00Z,FALSE,-1
214,63,62,1,234.08,2010-01-15T00:00:00Z,TRUE,0
215,22,92,2,695.19,2010-01-15T00:00:00Z,FALSE,-1
216,52,41,2,230.51,2010-01-15T00:00:00Z,FALSE,-1
217,12,5,3,527.48,2010-01-16T00:00:00Z,FALSE,-1
218,24,26,1,710.6,2010-01-16T00:00:00Z,FALSE,-1
219,87,98,3,280.65,2010-01-16T00:00:00Z,FALSE,-1
220,91,73,1,848.22,2010-01-16T00:00:00Z,FALSE,-1
221,13,77,1,155.33,2010-01-16T00:00:00Z,FALSE,-1
222,90,2,1,404.24,2010-01-16T00:00:00Z,FALSE,-1
223,53,32,1,647.39,2010-01-16T00:00:00Z,FALSE,-1
224,92,94,1,574.48,2010-01-16T00:00:00Z,FALSE,-1
225,62,5,3,197.3,2010-01-16T00:00:00Z,FALSE,-1
226,44,27,2,916.49,2010-01-16T00:00:00Z,FALSE,-1
227,18,46,2,613.63,2010-01-16T00:00:00Z,FALSE,-1
228,58,31,1,590.4,2010-01-16T00:00:00Z,FALSE,-1
229,76,44,3,365.53,2010-01-16T00:00:00Z,FALSE,-1
230,99,87,3,323.19,2010-01-16T00:00:00Z,FALSE,-1
231,70,39,1,529.37,2010-01-16T00:00:00Z,FALSE,-1
232,19,85,3,764.15,2010-01-16T00:00:00Z,FALSE,-1
233,56,20,3,345.24,2010-01-17T00:00:00Z,FALSE,-1
234,20,56,2,388.71,2010-01-17T00:00:00Z,FALSE,-1
235,83,38,1,283.52,2010-01-17T00:00:00Z,FALSE,-1
236,4,89,1,596.24,2010-01-17T00:00:00Z,FALSE,-1
237,75,25,1,535.94,2010-01-17T00:00:00Z,FALSE,-1
238,77,34,3,788.24,2010-01-17T00:00:00Z,FALSE,-1
239,94,33,2,735.48,2010-01-17T00:00:00Z,FALSE,-1
240,17,60,1,813.85,2010-01-17T00:00:00Z,FALSE,-1
241,42,47,1,228.94,2010-01-17T00:00:00Z,FALSE,-1
242,3,73,3,453.12,2010-01-17T00:00:00Z,FALSE,-1
243,10,93,2,515.74,2010-01-17T00:00:00Z,FALSE,-1
244,89,51,1,686.95,2010-01-17T00:00:00Z,FALSE,-1
245,55,0,1,817.28,2010-01-17T00:00:00Z,FALSE,-1
246,36,34,1,353.42,2010-01-18T00:00:00Z,FALSE,-1
247,83,88,2,203.99,2010-01-18T00:00:00Z,FALSE,-1
248,59,7,2,782.39,2010-01-18T00:00:00Z,FALSE,-1
249,79,92,1,931.35,2010-01-18T00:00:00Z,FALSE,-1
250,71,29,3,158.65,2010-01-18T00:00:00Z,FALSE,-1
251,76,32,3,957.3,2010-01-18T00:00:00Z,FALSE,-1
252,72,39,2,961.42,2010-01-19T00:00:00Z,FALSE,-1
253,80,37,3,816.05,2010-01-19T00:00:00Z,FALSE,-1
254,35,29,3,765.87,2010-01-19T00:00:00Z,FALSE,-1
255,11,26,3,241.87,2010-01-19T00:00:00Z,FALSE,-1
256,58,33,1,934.2,2010-01-19T00:00:00Z,FALSE,-1
257,56,49,3,145.67,2010-01-19T00:00:00Z,FALSE,-1
258,44,30,3,210.61,2010-01-19T00:00:00Z,FALSE,-1
259,63,33,3,390.22,2010-01-19T00:00:00Z,FALSE,-1
260,50,2,3,220.75,2010-01-19T00:00:00Z,FALSE,-1
261,2,86,2,224.73,2010-01-19T00:00:00Z,FALSE,-1
262,69,42,2,730.26,2010-01-19T00:00:00Z,FALSE,-1
263,52,35,1,550.45,2010-01-19T00:00:00Z,FALSE,-1
264,60,17,3,328.78,2010-01-19T00:00:00Z,FALSE,-1
265,15,47,1,520.53,2010-01-19T00:00:00Z,FALSE,-1
266,86,94,1,109.08,2010-01-19T00:00:00Z,FALSE,-1
267,81,63,3,433.18,2010-01-19T00:00:00Z,FALSE,-1
268,37,28,2,214.61,2010-01-19T00:00:00Z,TRUE,1
269,26,28,3,472.47,2010-01-19T00:00:00Z,FALSE,-1
270,8,57,3,953.46,2010-01-19T00:00:00Z,FALSE,-1
271,74,11,2,652.19,2010-01-19T00:00:00Z,FALSE,-1
272,66,7,3,875.69,2010-01-19T00:00:00Z,FALSE,-1
273,73,3,1,628.41,2010-01-19T00:00:00Z,FALSE,-1
274,58,2,1,265.89,2010-01-20T00:00:00Z,FALSE,-1
275,14,16,4,506.24,2010-01-20T00:00:00Z,FALSE,-1
276,62,46,3,291.6,2010-01-20T00:00:00Z,FALSE,-1
277,84,19,3,602.69,2010-01-20T00:00:00Z,FALSE,-1
278,54,28,1,319.45,2010-01-20T00:00:00Z,FALSE,-1
279,76,32,3,477.31,2010-01-20T00:00:00Z,FALSE,-1
280,67,35,2,980.43,2010-01-20T00:00:00Z,FALSE,-1
281,75,73,3,299.78,2010-01-20T00:00:00Z,FALSE,-1
282,57,8,1,411.03,2010-01-20T00:00:00Z,FALSE,-1
283,0,27,3,579.6,2010-01-20T00:00:00Z,FALSE,-1
284,5,33,2,970.34,2010-01-20T00:00:00Z,FALSE,-1
285,65,24,1,739.84,2010-01-20T00:00:00Z,FALSE,-1
286,1,97,3,575.42,2010-01-20T00:00:00Z,FALSE,-1
287,88,89,3,586.25,2010-01-20T00:00:00Z,FALSE,-1
288,6,30,1,434.19,2010-01-20T00:00:00Z,FALSE,-1
289,51,30,4,468.17,2010-01-20T00:00:00Z,FALSE,-1
290,21,81,1,118.39,2010-01-21T00:00:00Z,FALSE,-1
291,55,36,3,699.77,2010-01-21T00:00:00Z,FALSE,-1
292,85,66,1,417.6,2010-01-21T00:00:00Z,FALSE,-1
293,95,43,1,544.29,2010-01-21T00:00:00Z,FALSE,-1
294,93,98,3,723.24,2010-01-21T00:00:00Z,FALSE,-1
295,70,9,4,287.49,2010-01-21T00:00:00Z,FALSE,-1
296,61,1,2,400.69,2010-01-21T00:00:00Z,FALSE,-1
297,78,80,3,750.59,2010-01-21T00:00:00Z,FALSE,-1
298,74,48,2,634.34,2010-01-21T00:00:00Z,FALSE,-1
299,24,65,1,685.75,2010-01-21T00:00:00Z,FALSE,-1
300,68,34,1,511.85,2010-01-21T00:00:00Z,FALSE,-1
301,50,45,3,961.55,2010-01-21T00:00:00Z,FALSE,-1
302,96,70,3,599.05,2010-01-21T00:00:00Z,FALSE,-1
303,61,40,2,622.72,2010-01-21T00:00:00Z,FALSE,-1
304,23,50,3,895.89,2010-01-21T00:00:00Z,FALSE,-1
305,7,22,2,184.71,2010-01-21T00:00:00Z,FALSE,-1
306,82,8,3,199.86,2010-01-21T00:00:00Z,FALSE,-1
307,64,15,3,226.05,2010-01-21T00:00:00Z,FALSE,-1
308,22,99,1,600.41,2010-01-22T00:00:00Z,FALSE,-1
309,73,62,3,234.08,2010-01-22T00:00:00Z,TRUE,0
310,66,43,3,315.88,2010-01-22T00:00:00Z,FALSE,-1
311,69,17,1,501.84,2010-01-22T00:00:00Z,FALSE,-1
312,98,47,1,358.62,2010-01-22T00:00:00Z,FALSE,-1
313,87,35,2,929.56,2010-01-22T00:00:00Z,FALSE,-1
314,9,38,3,856.55,2010-01-22T00:00:00Z,FALSE,-1
315,97,64,1,341.86,2010-01-22T00:00:00Z,FALSE,-1
316,80,97,1,404.42,2010-01-22T00:00:00Z,FALSE,-1
317,68,41,2,489.97,2010-01-22T00:00:00Z,FALSE,-1
318,16,50,3,349.32,2010-01-22T00:00:00Z,FALSE,-1
319,87,97,2,518.41,2010-01-23T00:00:00Z,FALSE,-1
320,91,71,1,774.07,2010-01-23T00:00:00Z,FALSE,-1
321,79,44,2,537.42,2010-01-23T00:00:00Z,FALSE,-1
322,13,26,3,898.05,2010-01-23T00:00:00Z,FALSE,-1
323,19,7,3,618.4,2010-01-23T00:00:00Z,FALSE,-1
324,72,39,2,470.74,2010-01-23T00:00:00Z,FALSE,-1
325,90,39,1,905.54,2010-01-23T00:00:00Z,FALSE,-1
326,12,97,1,959.79,2010-01-23T00:00:00Z,FALSE,-1
327,18,96,1,445.55,2010-01-23T00:00:00Z,FALSE,-1
328,62,5,2,143.84,2010-01-23T00:00:00Z,FALSE,-1
329,99,32,1,653.56,2010-01-23T00:00:00Z,FALSE,-1
330,63,31,3,216.06,2010-01-23T00:00:00Z,FALSE,-1
331,36,26,1,404.49,2010-01-23T00:00:00Z,FALSE,-1
332,92,99,3,715.11,2010-01-23T00:00:00Z,FALSE,-1
333,53,32,3,444.48,2010-01-23T00:00:00Z,FALSE,-1
334,45,27,3,450.61,2010-01-23T00:00:00Z,FALSE,-1
335,3,47,1,715.79,2010-01-24T00:00:00Z,FALSE,-1
336,55,0,1,679.81,2010-01-24T00:00:00Z,FALSE,-1
337,77,47,3,433.32,2010-01-24T00:00:00Z,FALSE,-1
338,20,55,1,777.58,2010-01-24T00:00:00Z,FALSE,-1
339,77,47,3,409.99,2010-01-24T00:00:00Z,FALSE,-1
340,56,20,3,299.7,2010-01-24T00:00:00Z,FALSE,-1
341,94,44,1,245.54,2010-01-24T00:00:00Z,FALSE,-1
342,10,78,3,1066.44,2010-01-24T00:00:00Z,FALSE,-1
343,88,38,1,741.69,2010-01-24T00:00:00Z,FALSE,-1
344,89,42,1,722.91,2010-01-24T00:00:00Z,FALSE,-1
345,4,24,3,198.71,2010-01-24T00:00:00Z,FALSE,-1
346,17,69,3,788.24,2010-01-24T00:00:00Z,FALSE,-1
347,81,25,3,316,2010-01-24T00:00:00Z,FALSE,-1
348,83,96,1,806.36,2010-01-25T00:00:00Z,FALSE,-1
349,77,34,3,497.65,2010-01-25T00:00:00Z,FALSE,-1
350,71,29,3,543.09,2010-01-25T00:00:00Z,FALSE,-1
351,76,61,1,191.74,2010-01-25T00:00:00Z,FALSE,-1
352,79,86,3,359.6,2010-01-25T00:00:00Z,FALSE,-1
353,59,7,2,796.49,2010-01-25T00:00:00Z,FALSE,-1
354,86,56,2,561.35,2010-01-26T00:00:00Z,FALSE,-1
355,59,49,2,167.06,2010-01-26T00:00:00Z,FALSE,-1
356,2,58,3,789.69,2010-01-26T00:00:00Z,FALSE,-1
357,92,30,3,738.88,2010-01-26T00:00:00Z,FALSE,-1
358,72,39,2,773,2010-01-26T00:00:00Z,FALSE,-1
359,15,22,3,680.29,2010-01-26T00:00:00Z,FALSE,-1
360,27,28,1,457.08,2010-01-26T00:00:00Z,FALSE,-1
361,60,17,1,994.49,2010-01-26T00:00:00Z,FALSE,-1
362,70,42,3,951.13,2010-01-26T00:00:00Z,FALSE,-1
363,83,33,1,472.5,2010-01-26T00:00:00Z,FALSE,-1
364,66,7,2,152.88,2010-01-26T00:00:00Z,FALSE,-1
365,81,8,2,375.25,2010-01-26T00:00:00Z,FALSE,-1
366,52,35,1,872.43,2010-01-26T00:00:00Z,FALSE,-1
367,66,29,1,988.6,2010-01-26T00:00:00Z,FALSE,-1
368,50,2,3,584.07,2010-01-26T00:00:00Z,FALSE,-1
369,88,37,2,147.12,2010-01-26T00:00:00Z,FALSE,-1
370,73,3,3,877.84,2010-01-26T00:00:00Z,FALSE,-1
371,8,66,3,161.72,2010-01-26T00:00:00Z,FALSE,-1
372,11,98,2,129.7,2010-01-26T00:00:00Z,FALSE,-1
373,74,11,1,539.25,2010-01-26T00:00:00Z,FALSE,-1
374,63,33,2,565.82,2010-01-26T00:00:00Z,FALSE,-1
375,75,25,1,716.64,2010-01-27T00:00:00Z,FALSE,-1
376,67,35,1,823.32,2010-01-27T00:00:00Z,FALSE,-1
377,51,30,2,169.56,2010-01-27T00:00:00Z,FALSE,-1
378,54,28,1,230.32,2010-01-27T00:00:00Z,FALSE,-1
379,58,2,1,259.81,2010-01-27T00:00:00Z,FALSE,-1
380,73,46,2,854.3,2010-01-27T00:00:00Z,FALSE,-1
381,65,24,1,449.01,2010-01-27T00:00:00Z,FALSE,-1
382,81,32,1,286.21,2010-01-27T00:00:00Z,FALSE,-1
383,0,55,3,818.01,2010-01-27T00:00:00Z,FALSE,-1
384,88,90,1,139.44,2010-01-27T00:00:00Z,FALSE,-1
385,1,61,1,488.64,2010-01-27T00:00:00Z,FALSE,-1
386,5,62,2,882.73,2010-01-27T00:00:00Z,FALSE,-1
387,14,55,3,454.39,2010-01-27T00:00:00Z,FALSE,-1
388,84,89,4,480.29,2010-01-27T00:00:00Z,FALSE,-1
389,6,94,3,277.32,2010-01-27T00:00:00Z,FALSE,-1
390,57,8,1,969.53,2010-01-27T00:00:00Z,FALSE,-1
391,95,89,1,884.9,2010-01-28T00:00:00Z,FALSE,-1
392,64,15,2,902.79,2010-01-28T00:00:00Z,FALSE,-1
393,85,80,2,494.47,2010-01-28T00:00:00Z,FALSE,-1
394,24,91,2,203.56,2010-01-28T00:00:00Z,FALSE,-1
395,78,21,1,773.78,2010-01-28T00:00:00Z,FALSE,-1
396,68,34,1,694.32,2010-01-28T00:00:00Z,FALSE,-1
397,82,47,3,921.38,2010-01-28T00:00:00Z,FALSE,-1
398,21,92,3,800.09,2010-01-28T00:00:00Z,FALSE,-1
399,91,48,1,419.13,2010-01-28T00:00:00Z,FALSE,-1
400,96,90,3,142.65,2010-01-28T00:00:00Z,FALSE,-1
401,64,40,1,311.68,2010-01-28T00:00:00Z,FALSE,-1
402,79,36,1,449.79,2010-01-28T00:00:00Z,FALSE,-1
403,31,28,1,214.61,2010-01-28T00:00:00Z,TRUE,1
404,54,45,2,301.07,2010-01-28T00:00:00Z,FALSE,-1
405,93,27,2,918.33,2010-01-28T00:00:00Z,FALSE,-1
406,7,59,3,292.48,2010-01-28T00:00:00Z,FALSE,-1
407,23,17,2,540.36,2010-01-28T00:00:00Z,FALSE,-1
408,61,1,3,502.16,2010-01-28T00:00:00Z,FALSE,-1
409,70,9,2,524.23,2010-01-28T00:00:00Z,FALSE,-1
410,98,76,3,385.98,2010-01-29T00:00:00Z,FALSE,-1
411,67,43,3,701.61,2010-01-29T00:00:00Z,FALSE,-1
412,80,56,2,391.36,2010-01-29T00:00:00Z,FALSE,-1
413,74,41,1,425.92,2010-01-29T00:00:00Z,FALSE,-1
414,22,74,1,858.32,2010-01-29T00:00:00Z,FALSE,-1
415,95,35,1,424.1,2010-01-29T00:00:00Z,FALSE,-1
416,69,17,1,403.29,2010-01-29T00:00:00Z,FALSE,-1
417,97,60,3,148.05,2010-01-29T00:00:00Z,FALSE,-1
418,53,62,1,234.08,2010-01-29T00:00:00Z,TRUE,0
419,16,44,3,181.89,2010-01-29T00:00:00Z,FALSE,-1
420,9,23,1,564.36,2010-01-29T00:00:00Z,FALSE,-1
421,86,44,2,308.08,2010-01-30T00:00:00Z,FALSE,-1
422,53,32,3,332.39,2010-01-30T00:00:00Z,FALSE,-1
423,93,27,2,269.62,2010-01-30T00:00:00Z,FALSE,-1
424,62,26,3,558.2,2010-01-30T00:00:00Z,FALSE,-1
425,18,91,1,228.36,2010-01-30T00:00:00Z,FALSE,-1
426,87,31,3,697.92,2010-01-30T00:00:00Z,FALSE,-1
427,99,96,1,660.34,2010-01-30T00:00:00Z,FALSE,-1
428,92,91,2,135.71,2010-01-30T00:00:00Z,FALSE,-1
429,13,97,3,686.3,2010-01-30T00:00:00Z,FALSE,-1
430,90,53,1,716.13,2010-01-30T00:00:00Z,FALSE,-1
431,87,45,4,713.76,2010-01-30T00:00:00Z,FALSE,-1
432,19,99,1,679.11,2010-01-30T00:00:00Z,FALSE,-1
433,91,97,1,890.02,2010-01-30T00:00:00Z,FALSE,-1
434,12,11,3,796.64,2010-01-30T00:00:00Z,FALSE,-1
435,80,39,3,533.99,2010-01-30T00:00:00Z,FALSE,-1
436,62,5,3,363.86,2010-01-30T00:00:00Z,FALSE,-1
437,20,29,3,675.91,2010-01-31T00:00:00Z,FALSE,-1
438,89,90,3,958.8,2010-01-31T00:00:00Z,FALSE,-1
439,94,25,1,914.83,2010-01-31T00:00:00Z,FALSE,-1
440,55,0,1,101.4,2010-01-31T00:00:00Z,FALSE,-1
441,3,87,3,399.78,2010-01-31T00:00:00Z,FALSE,-1
442,82,47,3,250.49,2010-01-31T00:00:00Z,FALSE,-1
443,94,48,3,110.44,2010-01-31T00:00:00Z,FALSE,-1
444,77,72,2,850.06,2010-01-31T00:00:00Z,FALSE,-1
445,95,38,1,863.47,2010-01-31T00:00:00Z,FALSE,-1
446,56,20,4,747.27,2010-01-31T00:00:00Z,FALSE,-1
447,10,70,3,288.23,2010-01-31T00:00:00Z,FALSE,-1
448,17,42,1,799.32,2010-01-31T00:00:00Z,FALSE,-1
449,4,92,2,633.57,2010-01-31T00:00:00Z,FALSE,-1
450,59,7,2,872.01,2010-02-01T00:00:00Z,FALSE,-1
451,79,28,3,547.83,2010-02-01T00:00:00Z,FALSE,-1
452,76,80,2,413.46,2010-02-01T00:00:00Z,FALSE,-1
453,83,32,3,257.52,2010-02-01T00:00:00Z,FALSE,-1
454,71,29,3,619.64,2010-02-01T00:00:00Z,FALSE,-1
455,93,34,3,257.39,2010-02-01T00:00:00Z,FALSE,-1
456,77,29,3,766.29,2010-02-02T00:00:00Z,FALSE,-1
457,77,42,2,148.04,2010-02-02T00:00:00Z,FALSE,-1
458,73,3,3,624.05,2010-02-02T00:00:00Z,FALSE,-1
459,81,97,3,877.79,2010-02-02T00:00:00Z,FALSE,-1
460,15,24,2,806.3,2010-02-02T00:00:00Z,FALSE,-1
461,72,39,2,666.58,2010-02-02T00:00:00Z,FALSE,-1
462,50,2,2,457.84,2010-02-02T00:00:00Z,FALSE,-1
463,74,11,1,894.97,2010-02-02T00:00:00Z,FALSE,-1
464,89,37,2,930.73,2010-02-02T00:00:00Z,FALSE,-1
465,94,30,2,404.41,2010-02-02T00:00:00Z,FALSE,-1
466,29,28,1,635.99,2010-02-02T00:00:00Z,FALSE,-1
467,94,33,2,151.13,2010-02-02T00:00:00Z,FALSE,-1
468,63,33,1,111.37,2010-02-02T00:00:00Z,FALSE,-1
469,11,46,4,425.64,2010-02-02T00:00:00Z,FALSE,-1
470,2,50,3,292.04,2010-02-02T00:00:00Z,FALSE,-1
471,60,17,2,921.17,2010-02-02T00:00:00Z,FALSE,-1
472,66,7,3,512.43,2010-02-02T00:00:00Z,FALSE,-1
473,52,35,1,931.18,2010-02-02T00:00:00Z,FALSE,-1
474,86,44,2,394.95,2010-02-02T00:00:00Z,FALSE,-1
475,67,49,1,112.38,2010-02-02T00:00:00Z,FALSE,-1
476,8,61,1,561.79,2010-02-02T00:00:00Z,FALSE,-1
477,14,48,2,237.47,2010-02-03T00:00:00Z,FALSE,-1
478,83,32,3,640.26,2010-02-03T00:00:00Z,FALSE,-1
479,75,98,2,137.33,2010-02-03T00:00:00Z,FALSE,-1
480,6,25,4,214.92,2010-02-03T00:00:00Z,FALSE,-1
481,1,49,3,853.31,2010-02-03T00:00:00Z,FALSE,-1
482,58,2,3,380.11,2010-02-03T00:00:00Z,FALSE,-1
483,0,27,3,133.63,2010-02-03T00:00:00Z,FALSE,-1
484,54,28,1,728.03,2010-02-03T00:00:00Z,FALSE,-1
485,57,8,1,551.08,2010-02-03T00:00:00Z,FALSE,-1
486,95,46,1,474.14,2010-02-03T00:00:00Z,FALSE,-1
487,84,64,2,769.87,2010-02-03T00:00:00Z,FALSE,-1
488,88,57,3,261.71,2010-02-03T00:00:00Z,FALSE,-1
489,67,35,1,353.34,2010-02-03T00:00:00Z,FALSE,-1
490,5,87,3,540.31,2010-02-03T00:00:00Z,FALSE,-1
491,65,24,2,948.06,2010-02-03T00:00:00Z,FALSE,-1
492,51,30,3,572.32,2010-02-03T00:00:00Z,FALSE,-1
493,95,93,3,846.43,2010-02-04T00:00:00Z,FALSE,-1
494,93,36,1,168.83,2010-02-04T00:00:00Z,FALSE,-1
495,68,34,3,481.71,2010-02-04T00:00:00Z,FALSE,-1
496,82,40,1,106.5,2010-02-04T00:00:00Z,FALSE,-1
497,85,50,2,863.13,2010-02-04T00:00:00Z,FALSE,-1
498,70,9,3,721.3,2010-02-04T00:00:00Z,FALSE,-1
499,24,60,1,871.23,2010-02-04T00:00:00Z,FALSE,-1
500,21,40,2,669.84,2010-02-04T00:00:00Z,FALSE,-1
501,96,29,2,334.76,2010-02-04T00:00:00Z,FALSE,-1
502,94,48,3,823.62,2010-02-04T00:00:00Z,FALSE,-1
503,64,15,3,294.64,2010-02-04T00:00:00Z,FALSE,-1
504,61,1,3,384.87,2010-02-04T00:00:00Z,FALSE,-1
505,7,66,1,736.11,2010-02-04T00:00:00Z,FALSE,-1
506,23,79,1,477.63,2010-02-04T00:00:00Z,FALSE,-1
507,78,72,1,597.82,2010-02-04T00:00:00Z,FALSE,-1
508,82,75,2,467.71,2010-02-04T00:00:00Z,FALSE,-1
509,93,78,3,100.74,2010-02-04T00:00:00Z,FALSE,-1
510,78,45,1,820.24,2010-02-04T00:00:00Z,FALSE,-1
511,97,98,3,884.04,2010-02-05T00:00:00Z,FALSE,-1
512,16,83,1,728.51,2010-02-05T00:00:00Z,FALSE,-1
513,22,62,1,528.32,2010-02-05T00:00:00Z,FALSE,-1
514,68,43,1,832.94,2010-02-05T00:00:00Z,FALSE,-1
515,98,99,1,802.12,2010-02-05T00:00:00Z,FALSE,-1
516,80,69,1,779.56,2010-02-05T00:00:00Z,FALSE,-1
517,65,62,3,234.08,2010-02-05T00:00:00Z,TRUE,0
518,69,17,3,125.79,2010-02-05T00:00:00Z,FALSE,-1
519,98,41,1,401.95,2010-02-05T00:00:00Z,FALSE,-1
520,9,70,3,623.9,2010-02-05T00:00:00Z,FALSE,-1
521,52,35,3,987.48,2010-02-05T00:00:00Z,FALSE,-1
522,53,32,2,441.39,2010-02-06T00:00:00Z,FALSE,-1
523,62,5,3,432.52,2010-02-06T00:00:00Z,FALSE,-1
524,12,57,3,847.41,2010-02-06T00:00:00Z,FALSE,-1
525,99,21,1,319.97,2010-02-06T00:00:00Z,FALSE,-1
526,13,95,3,587.21,2010-02-06T00:00:00Z,FALSE,-1
527,90,39,1,246.37,2010-02-06T00:00:00Z,FALSE,-1
528,25,28,3,214.61,2010-02-06T00:00:00Z,TRUE,1
529,49,31,1,638.34,2010-02-06T00:00:00Z,FALSE,-1
530,90,6,2,989.9,2010-02-06T00:00:00Z,FALSE,-1
531,18,99,3,862.46,2010-02-06T00:00:00Z,FALSE,-1
532,88,26,1,431.51,2010-02-06T00:00:00Z,FALSE,-1
533,91,52,1,303.77,2010-02-06T00:00:00Z,FALSE,-1
534,92,81,2,178.94,2010-02-06T00:00:00Z,FALSE,-1
535,97,27,2,926.03,2010-02-06T00:00:00Z,FALSE,-1
536,87,89,4,743.91,2010-02-06T00:00:00Z,FALSE,-1
537,88,44,3,221.13,2010-02-06T00:00:00Z,FALSE,-1
538,19,97,3,647.3,2010-02-06T00:00:00Z,FALSE,-1
539,56,20,3,133.6,2010-02-07T00:00:00Z,FALSE,-1
540,10,41,3,463.66,2010-02-07T00:00:00Z,FALSE,-1
541,89,59,3,645.51,2010-02-07T00:00:00Z,FALSE,-1
542,96,38,3,662.81,2010-02-07T00:00:00Z,FALSE,-1
543,94,25,1,189.83,2010-02-07T00:00:00Z,FALSE,-1
544,20,92,1,259.19,2010-02-07T00:00:00Z,FALSE,-1
545,77,29,3,397.75,2010-02-07T00:00:00Z,FALSE,-1
546,85,47,4,181.7,2010-02-07T00:00:00Z,FALSE,-1
547,99,25,1,450.05,2010-02-07T00:00:00Z,FALSE,-1
548,17,70,1,805.5,2010-02-07T00:00:00Z,FALSE,-1
549,3,73,3,543.84,2010-02-07T00:00:00Z,FALSE,-1
550,55,0,1,620.14,2010-02-07T00:00:00Z,FALSE,-1
551,4,89,1,566.76,2010-02-07T00:00:00Z,FALSE,-1
552,59,7,2,218.59,2010-02-08T00:00:00Z,FALSE,-1
553,94,34,2,789.32,2010-02-08T00:00:00Z,FALSE,-1
554,83,54,1,138.27,2010-02-08T00:00:00Z,FALSE,-1
555,79,75,3,968.29,2010-02-08T00:00:00Z,FALSE,-1
556,71,29,3,183.71,2010-02-08T00:00:00Z,FALSE,-1
557,76,74,3,571.31,2010-02-08T00:00:00Z,FALSE,-1
558,52,35,3,346.34,2010-02-09T00:00:00Z,FALSE,-1
559,15,64,1,927.63,2010-02-09T00:00:00Z,FALSE,-1
560,98,33,3,158.24,2010-02-09T00:00:00Z,FALSE,-1
561,8,73,1,798.49,2010-02-09T00:00:00Z,FALSE,-1
562,91,37,2,760.47,2010-02-09T00:00:00Z,FALSE,-1
563,81,89,2,196.24,2010-02-09T00:00:00Z,FALSE,-1
564,2,86,2,359.59,2010-02-09T00:00:00Z,FALSE,-1
565,31,28,1,189.89,2010-02-09T00:00:00Z,FALSE,-1
566,60,17,1,562.22,2010-02-09T00:00:00Z,FALSE,-1
567,86,49,1,729.23,2010-02-09T00:00:00Z,FALSE,-1
568,74,11,2,736.01,2010-02-09T00:00:00Z,FALSE,-1
569,72,39,2,524.2,2010-02-09T00:00:00Z,FALSE,-1
570,96,29,2,966.66,2010-02-09T00:00:00Z,FALSE,-1
571,89,42,1,337.36,2010-02-09T00:00:00Z,FALSE,-1
572,11,74,2,182.93,2010-02-09T00:00:00Z,FALSE,-1
573,73,3,3,297.61,2010-02-09T00:00:00Z,FALSE,-1
574,63,33,3,627.27,2010-02-09T00:00:00Z,FALSE,-1
575,50,2,3,302.02,2010-02-09T00:00:00Z,FALSE,-1
576,98,30,1,566.06,2010-02-09T00:00:00Z,FALSE,-1
577,66,7,3,873.67,2010-02-09T00:00:00Z,FALSE,-1
578,86,18,3,172.63,2010-02-09T00:00:00Z,FALSE,-1
579,65,24,3,453.53,2010-02-10T00:00:00Z,FALSE,-1
580,51,30,3,368.77,2010-02-10T00:00:00Z,FALSE,-1
581,0,55,3,961.14,2010-02-10T00:00:00Z,FALSE,-1
582,54,28,3,403.59,2010-02-10T00:00:00Z,FALSE,-1
583,1,97,3,398.71,2010-02-10T00:00:00Z,FALSE,-1
584,67,35,3,462.93,2010-02-10T00:00:00Z,FALSE,-1
585,87,95,3,201.63,2010-02-10T00:00:00Z,TRUE,2
586,14,20,1,770.35,2010-02-10T00:00:00Z,FALSE,-1
587,88,44,3,312.5,2010-02-10T00:00:00Z,FALSE,-1
588,99,32,1,520.58,2010-02-10T00:00:00Z,FALSE,-1
589,57,8,1,395.2,2010-02-10T00:00:00Z,FALSE,-1
590,75,78,2,653.03,2010-02-10T00:00:00Z,FALSE,-1
591,84,58,3,424.53,2010-02-10T00:00:00Z,FALSE,-1
592,58,2,3,702.11,2010-02-10T00:00:00Z,FALSE,-1
593,6,93,2,449.41,2010-02-10T00:00:00Z,FALSE,-1
594,5,33,2,908.41,2010-02-10T00:00:00Z,FALSE,-1
595,97,46,1,944.34,2010-02-10T00:00:00Z,FALSE,-1
596,97,36,1,595.2,2010-02-11T00:00:00Z,FALSE,-1
597,94,40,1,331.9,2010-02-11T00:00:00Z,FALSE,-1
598,7,79,1,932.42,2010-02-11T00:00:00Z,FALSE,-1
599,95,77,1,454.63,2010-02-11T00:00:00Z,FALSE,-1
600,21,44,1,197.36,2010-02-11T00:00:00Z,FALSE,-1
601,93,73,1,176.21,2010-02-11T00:00:00Z,FALSE,-1
602,64,15,3,705.89,2010-02-11T00:00:00Z,FALSE,-1
603,82,84,3,157.1,2010-02-11T00:00:00Z,FALSE,-1
604,87,45,4,816.42,2010-02-11T00:00:00Z,FALSE,-1
605,85,78,3,814.05,2010-02-11T00:00:00Z,FALSE,-1
606,96,83,3,243.26,2010-02-11T00:00:00Z,FALSE,-1
607,61,1,3,739.85,2010-02-11T00:00:00Z,FALSE,-1
608,78,92,1,987.63,2010-02-11T00:00:00Z,FALSE,-1
609,23,37,1,342.73,2010-02-11T00:00:00Z,FALSE,-1
610,68,34,1,568.47,2010-02-11T00:00:00Z,FALSE,-1
611,70,9,3,604.83,2010-02-11T00:00:00Z,FALSE,-1
612,24,69,3,543.42,2010-02-11T00:00:00Z,FALSE,-1
613,97,48,3,654.68,2010-02-11T00:00:00Z,FALSE,-1
614,99,41,1,898.58,2010-02-12T00:00:00Z,FALSE,-1
615,80,78,2,271.56,2010-02-12T00:00:00Z,FALSE,-1
616,69,62,2,234.08,2010-02-12T00:00:00Z,TRUE,0
617,98,68,1,660.45,2010-02-12T00:00:00Z,FALSE,-1
618,67,35,3,110.98,2010-02-12T00:00:00Z,FALSE,-1
619,9,77,1,371.51,2010-02-12T00:00:00Z,FALSE,-1
620,16,98,3,414.01,2010-02-12T00:00:00Z,FALSE,-1
621,69,17,2,105.96,2010-02-12T00:00:00Z,FALSE,-1
622,95,43,1,561,2010-02-12T00:00:00Z,FALSE,-1
623,97,21,3,333.87,2010-02-12T00:00:00Z,FALSE,-1
624,22,56,2,776.01,2010-02-12T00:00:00Z,FALSE,-1
625,54,31,1,184.83,2010-02-13T00:00:00Z,FALSE,-1
626,11,26,3,363.4,2010-02-13T00:00:00Z,FALSE,-1
627,18,46,2,514.77,2010-02-13T00:00:00Z,FALSE,-1
628,0,27,3,289.86,2010-02-13T00:00:00Z,FALSE,-1
629,87,71,3,407.38,2010-02-13T00:00:00Z,FALSE,-1
630,90,76,2,607.59,2010-02-13T00:00:00Z,FALSE,-1
631,94,44,1,831.77,2010-02-13T00:00:00Z,FALSE,-1
632,92,90,1,468.5,2010-02-13T00:00:00Z,FALSE,-1
633,12,6,2,743.33,2010-02-13T00:00:00Z,FALSE,-1
634,91,94,1,100.14,2010-02-13T00:00:00Z,FALSE,-1
635,19,28,1,1054.63,2010-02-13T00:00:00Z,FALSE,-1
636,13,34,1,604.28,2010-02-13T00:00:00Z,FALSE,-1
637,62,5,1,820.23,2010-02-13T00:00:00Z,FALSE,-1
638,92,39,1,527.48,2010-02-13T00:00:00Z,FALSE,-1
639,99,25,1,763.15,2010-02-13T00:00:00Z,FALSE,-1
640,53,32,3,618.29,2010-02-13T00:00:00Z,FALSE,-1
641,4,24,3,860.67,2010-02-14T00:00:00Z,FALSE,-1
642,94,92,1,448.56,2010-02-14T00:00:00Z,FALSE,-1
643,97,47,1,615.76,2010-02-14T00:00:00Z,FALSE,-1
644,3,47,1,913.12,2010-02-14T00:00:00Z,FALSE,-1
645,98,38,3,633.56,2010-02-14T00:00:00Z,FALSE,-1
646,20,64,1,725.2,2010-02-14T00:00:00Z,FALSE,-1
647,6,25,4,737.66,2010-02-14T00:00:00Z,FALSE,-1
648,77,82,2,341.87,2010-02-14T00:00:00Z,FALSE,-1
649,17,77,1,651.64,2010-02-14T00:00:00Z,FALSE,-1
650,10,91,1,845.22,2010-02-14T00:00:00Z,FALSE,-1
651,56,20,4,524.24,2010-02-14T00:00:00Z,FALSE,-1
652,89,77,1,561.07,2010-02-14T00:00:00Z,FALSE,-1
653,55,0,1,308.26,2010-02-14T00:00:00Z,FALSE,-1
654,68,34,2,120.31,2010-02-15T00:00:00Z,FALSE,-1
655,83,99,3,707.61,2010-02-15T00:00:00Z,FALSE,-1
656,59,7,1,386.98,2010-02-15T00:00:00Z,FALSE,-1
657,79,44,2,529.11,2010-02-15T00:00:00Z,FALSE,-1
658,39,28,3,214.61,2010-02-15T00:00:00Z,TRUE,1
659,71,29,3,105.61,2010-02-15T00:00:00Z,FALSE,-1
660,76,69,1,338.82,2010-02-15T00:00:00Z,FALSE,-1
661,63,33,3,387.31,2010-02-16T00:00:00Z,FALSE,-1
662,81,25,3,363.08,2010-02-16T00:00:00Z,FALSE,-1
663,95,37,3,574.2,2010-02-16T00:00:00Z,FALSE,-1
664,11,86,3,868.42,2010-02-16T00:00:00Z,FALSE,-1
665,2,58,3,886.14,2010-02-16T00:00:00Z,FALSE,-1
666,95,42,3,455.99,2010-02-16T00:00:00Z,FALSE,-1
667,72,39,2,898.35,2010-02-16T00:00:00Z,FALSE,-1
668,51,30,2,342.13,2010-02-16T00:00:00Z,FALSE,-1
669,32,28,1,477.04,2010-02-16T00:00:00Z,FALSE,-1
670,73,3,3,159.7,2010-02-16T00:00:00Z,FALSE,-1
671,86,49,1,102.05,2010-02-16T00:00:00Z,FALSE,-1
672,52,35,1,663.06,2010-02-16T00:00:00Z,FALSE,-1
673,63,33,3,202.2,2010-02-16T00:00:00Z,FALSE,-1
674,60,17,1,151.78,2010-02-16T00:00:00Z,FALSE,-1
675,66,7,3,431.91,2010-02-16T00:00:00Z,FALSE,-1
676,71,29,3,633.28,2010-02-16T00:00:00Z,FALSE,-1
677,8,57,3,322.02,2010-02-16T00:00:00Z,FALSE,-1
678,15,32,2,277.62,2010-02-16T00:00:00Z,FALSE,-1
679,93,49,3,700.97,2010-02-16T00:00:00Z,FALSE,-1
680,50,2,2,551.65,2010-02-16T00:00:00Z,FALSE,-1
681,74,11,2,360.61,2010-02-16T00:00:00Z,FALSE,-1
682,99,46,1,787.33,2010-02-17T00:00:00Z,FALSE,-1
683,84,92,1,222.19,2010-02-17T00:00:00Z,FALSE,-1
684,57,8,1,239.56,2010-02-17T00:00:00Z,FALSE,-1
685,54,28,2,258.73,2010-02-17T00:00:00Z,FALSE,-1
686,58,2,3,297.39,2010-02-17T00:00:00Z,FALSE,-1
687,51,30,3,445.47,2010-02-17T00:00:00Z,FALSE,-1
688,1,61,1,727.03,2010-02-17T00:00:00Z,FALSE,-1
689,88,37,2,693.96,2010-02-17T00:00:00Z,FALSE,-1
690,14,30,1,997.07,2010-02-17T00:00:00Z,FALSE,-1
691,0,27,3,308.76,2010-02-17T00:00:00Z,FALSE,-1
692,6,30,1,252.44,2010-02-17T00:00:00Z,FALSE,-1
693,67,35,3,712.9,2010-02-17T00:00:00Z,FALSE,-1
694,5,62,2,515.84,2010-02-17T00:00:00Z,FALSE,-1
695,75,11,1,161.66,2010-02-17T00:00:00Z,FALSE,-1
696,65,24,3,480.06,2010-02-17T00:00:00Z,FALSE,-1
697,53,32,3,142.69,2010-02-17T00:00:00Z,FALSE,-1
698,93,54,3,294.23,2010-02-18T00:00:00Z,FALSE,-1
699,98,36,2,172.81,2010-02-18T00:00:00Z,FALSE,-1
700,64,15,1,149.25,2010-02-18T00:00:00Z,FALSE,-1
701,24,26,1,737.15,2010-02-18T00:00:00Z,FALSE,-1
702,78,62,1,282.06,2010-02-18T00:00:00Z,FALSE,-1
703,82,56,3,431.05,2010-02-18T00:00:00Z,FALSE,-1
704,85,60,1,576.5,2010-02-18T00:00:00Z,FALSE,-1
705,7,22,2,158.8,2010-02-18T00:00:00Z,FALSE,-1
706,98,40,3,193.2,2010-02-18T00:00:00Z,FALSE,-1
707,91,45,1,466.52,2010-02-18T00:00:00Z,FALSE,-1
708,21,99,2,445.2,2010-02-18T00:00:00Z,FALSE,-1
709,70,9,2,567.8,2010-02-18T00:00:00Z,FALSE,-1
710,99,48,2,514.41,2010-02-18T00:00:00Z,FALSE,-1
711,96,84,1,275.88,2010-02-18T00:00:00Z,FALSE,-1
712,68,34,2,808.81,2010-02-18T00:00:00Z,FALSE,-1
713,23,20,3,772.7,2010-02-18T00:00:00Z,FALSE,-1
714,95,69,1,518.12,2010-02-18T00:00:00Z,FALSE,-1
715,61,1,3,492.8,2010-02-18T00:00:00Z,FALSE,-1
716,22,92,2,910,2010-02-19T00:00:00Z,FALSE,-1
717,10,41,3,585.03,2010-02-19T00:00:00Z,FALSE,-1
718,9,38,3,652.07,2010-02-19T00:00:00Z,FALSE,-1
719,80,67,3,424.6,2010-02-19T00:00:00Z,FALSE,-1
720,98,7,3,913.82,2010-02-19T00:00:00Z,FALSE,-1
721,69,17,3,236.57,2010-02-19T00:00:00Z,FALSE,-1
722,55,62,1,234.08,2010-02-19T00:00:00Z,TRUE,0
723,28,35,3,864.07,2010-02-19T00:00:00Z,FALSE,-1
724,16,61,2,543.55,2010-02-19T00:00:00Z,FALSE,-1
725,97,96,1,116.35,2010-02-19T00:00:00Z,FALSE,-1
726,33,43,1,597.12,2010-02-19T00:00:00Z,FALSE,-1
727,19,85,3,794.63,2010-02-20T00:00:00Z,FALSE,-1
728,13,26,3,478.01,2010-02-20T00:00:00Z,FALSE,-1
729,87,70,1,392.37,2010-02-20T00:00:00Z,FALSE,-1
730,90,87,2,960.89,2010-02-20T00:00:00Z,FALSE,-1
731,58,31,1,144.8,2010-02-20T00:00:00Z,FALSE,-1
732,29,39,1,532.27,2010-02-20T00:00:00Z,FALSE,-1
733,12,5,3,682.61,2010-02-20T00:00:00Z,FALSE,-1
734,99,95,3,951.78,2010-02-20T00:00:00Z,FALSE,-1
735,91,51,1,153.06,2010-02-20T00:00:00Z,FALSE,-1
736,32,27,3,802.19,2010-02-20T00:00:00Z,FALSE,-1
737,92,2,3,104.03,2010-02-20T00:00:00Z,FALSE,-1
738,13,77,1,784.46,2010-02-20T00:00:00Z,FALSE,-1
739,16,44,3,248.95,2010-02-20T00:00:00Z,FALSE,-1
740,62,5,1,197.76,2010-02-20T00:00:00Z,FALSE,-1
741,18,96,1,208.05,2010-02-20T00:00:00Z,FALSE,-1
742,53,32,3,628.5,2010-02-20T00:00:00Z,FALSE,-1
743,10,93,2,399.18,2010-02-21T00:00:00Z,FALSE,-1
744,98,47,1,113.11,2010-02-21T00:00:00Z,FALSE,-1
745,9,38,3,178.03,2010-02-21T00:00:00Z,FALSE,-1
746,56,25,4,459.88,2010-02-21T00:00:00Z,FALSE,-1
747,4,92,2,299.49,2010-02-21T00:00:00Z,FALSE,-1
748,56,20,4,307.32,2010-02-21T00:00:00Z,FALSE,-1
749,94,86,3,581.66,2010-02-21T00:00:00Z,FALSE,-1
750,17,60,1,998.61,2010-02-21T00:00:00Z,FALSE,-1
751,55,0,1,907.44,2010-02-21T00:00:00Z,FALSE,-1
752,89,93,1,830.6,2010-02-21T00:00:00Z,FALSE,-1
753,77,95,4,718.44,2010-02-21T00:00:00Z,FALSE,-1
754,20,56,2,400.56,2010-02-21T00:00:00Z,FALSE,-1
755,3,87,3,317.36,2010-02-21T00:00:00Z,FALSE,-1
756,59,7,3,206.73,2010-02-22T00:00:00Z,FALSE,-1
757,71,29,4,953.93,2010-02-22T00:00:00Z,FALSE,-1
758,76,72,1,551.93,2010-02-22T00:00:00Z,FALSE,-1
759,83,20,1,180.42,2010-02-22T00:00:00Z,FALSE,-1
760,79,36,1,540.24,2010-02-22T00:00:00Z,FALSE,-1
761,13,34,1,657.88,2010-02-22T00:00:00Z,FALSE,-1
762,86,98,1,424.99,2010-02-23T00:00:00Z,FALSE,-1
763,15,47,1,841.8,2010-02-23T00:00:00Z,FALSE,-1
764,8,66,3,723.74,2010-02-23T00:00:00Z,FALSE,-1
765,20,29,3,931.47,2010-02-23T00:00:00Z,FALSE,-1
766,74,11,1,898.56,2010-02-23T00:00:00Z,FALSE,-1
767,73,3,3,903.36,2010-02-23T00:00:00Z,FALSE,-1
768,81,91,2,849.37,2010-02-23T00:00:00Z,FALSE,-1
769,72,39,2,447.72,2010-02-23T00:00:00Z,FALSE,-1
770,63,33,3,196.1,2010-02-23T00:00:00Z,FALSE,-1
771,94,49,2,210.11,2010-02-23T00:00:00Z,FALSE,-1
772,6,30,1,314.59,2010-02-23T00:00:00Z,FALSE,-1
773,50,2,2,354.65,2010-02-23T00:00:00Z,FALSE,-1
774,17,42,1,668.31,2010-02-23T00:00:00Z,FALSE,-1
775,66,7,2,435.83,2010-02-23T00:00:00Z,FALSE,-1
776,5,33,2,528.91,2010-02-23T00:00:00Z,FALSE,-1
777,11,26,3,818.83,2010-02-23T00:00:00Z,FALSE,-1
778,23,37,1,143.69,2010-02-23T00:00:00Z,FALSE,-1
779,60,17,3,494.57,2010-02-23T00:00:00Z,FALSE,-1
780,2,50,3,302.91,2010-02-23T00:00:00Z,FALSE,-1
781,34,28,1,608.69,2010-02-23T00:00:00Z,FALSE,-1
782,52,35,3,697.51,2010-02-23T00:00:00Z,FALSE,-1
783,14,16,4,737.59,2010-02-24T00:00:00Z,FALSE,-1
784,5,87,3,947.87,2010-02-24T00:00:00Z,FALSE,-1
785,51,30,3,212.76,2010-02-24T00:00:00Z,FALSE,-1
786,57,8,1,474.17,2010-02-24T00:00:00Z,FALSE,-1
787,67,35,1,992.03,2010-02-24T00:00:00Z,FALSE,-1
788,1,49,3,321.97,2010-02-24T00:00:00Z,FALSE,-1
789,15,32,2,751.18,2010-02-24T00:00:00Z,FALSE,-1
790,0,55,3,347.23,2010-02-24T00:00:00Z,FALSE,-1
791,6,94,3,134.87,2010-02-24T00:00:00Z,FALSE,-1
792,75,96,3,496.56,2010-02-24T00:00:00Z,FALSE,-1
793,11,46,4,943.18,2010-02-24T00:00:00Z,FALSE,-1
794,54,28,2,462.1,2010-02-24T00:00:00Z,FALSE,-1
795,58,2,1,764.55,2010-02-24T00:00:00Z,FALSE,-1
796,88,79,1,765.55,2010-02-24T00:00:00Z,FALSE,-1
797,65,24,4,281.94,2010-02-24T00:00:00Z,FALSE,-1
798,84,55,1,689.83,2010-02-24T00:00:00Z,FALSE,-1
799,38,28,2,214.61,2010-02-24T00:00:00Z,TRUE,1
800,21,40,2,816.04,2010-02-25T00:00:00Z,FALSE,-1
801,7,59,3,205.26,2010-02-25T00:00:00Z,FALSE,-1
802,85,11,1,428.06,2010-02-25T00:00:00Z,FALSE,-1
803,23,98,1,723.62,2010-02-25T00:00:00Z,FALSE,-1
804,82,83,1,502.45,2010-02-25T00:00:00Z,FALSE,-1
805,64,15,3,519.69,2010-02-25T00:00:00Z,FALSE,-1
806,68,34,1,956.88,2010-02-25T00:00:00Z,FALSE,-1
807,95,46,1,783.57,2010-02-25T00:00:00Z,FALSE,-1
808,93,34,3,874.49,2010-02-25T00:00:00Z,FALSE,-1
809,78,45,1,785.68,2010-02-25T00:00:00Z,FALSE,-1
810,38,45,1,920.76,2010-02-25T00:00:00Z,FALSE,-1
811,30,36,1,516.88,2010-02-25T00:00:00Z,FALSE,-1
812,96,63,1,753.19,2010-02-25T00:00:00Z,FALSE,-1
813,61,1,1,459.12,2010-02-25T00:00:00Z,FALSE,-1
814,14,48,2,214.76,2010-02-25T00:00:00Z,FALSE,-1
815,70,9,3,574.94,2010-02-25T00:00:00Z,FALSE,-1
816,21,81,1,760.44,2010-02-25T00:00:00Z,FALSE,-1
817,24,90,2,760.07,2010-02-25T00:00:00Z,FALSE,-1
818,42,41,2,360.71,2010-02-26T00:00:00Z,FALSE,-1
819,9,23,1,1036.87,2010-02-26T00:00:00Z,FALSE,-1
820,67,62,1,234.08,2010-02-26T00:00:00Z,TRUE,0
821,98,30,1,350.93,2010-02-26T00:00:00Z,FALSE,-1
822,22,99,1,394.23,2010-02-26T00:00:00Z,FALSE,-1
823,69,17,1,984.97,2010-02-26T00:00:00Z,FALSE,-1
824,80,19,1,170.59,2010-02-26T00:00:00Z,FALSE,-1
825,16,50,3,763.98,2010-02-26T00:00:00Z,FALSE,-1
826,44,43,3,489.77,2010-02-26T00:00:00Z,FALSE,-1
827,97,27,2,908.15,2010-02-26T00:00:00Z,FALSE,-1
828,39,35,1,916.17,2010-02-26T00:00:00Z,FALSE,-1
829,18,91,1,160.91,2010-02-27T00:00:00Z,FALSE,-1
830,90,96,2,547.89,2010-02-27T00:00:00Z,FALSE,-1
831,62,5,2,774.11,2010-02-27T00:00:00Z,FALSE,-1
832,44,27,2,972.8,2010-02-27T00:00:00Z,FALSE,-1
833,87,35,2,551,2010-02-27T00:00:00Z,FALSE,-1
834,24,26,1,466.43,2010-02-27T00:00:00Z,FALSE,-1
835,99,11,3,428.82,2010-02-27T00:00:00Z,FALSE,-1
836,55,39,1,826.69,2010-02-27T00:00:00Z,FALSE,-1
837,53,32,2,234.74,2010-02-27T00:00:00Z,FALSE,-1
838,13,26,3,993.65,2010-02-27T00:00:00Z,FALSE,-1
839,91,78,3,380.12,2010-02-27T00:00:00Z,FALSE,-1
840,63,31,3,344.68,2010-02-27T00:00:00Z,FALSE,-1
841,19,7,3,743.77,2010-02-27T00:00:00Z,FALSE,-1
842,21,44,1,840.64,2010-02-27T00:00:00Z,FALSE,-1
843,92,93,4,406.25,2010-02-27T00:00:00Z,FALSE,-1
844,12,97,1,579.45,2010-02-27T00:00:00Z,FALSE,-1
845,89,83,3,970.95,2010-02-28T00:00:00Z,FALSE,-1
846,75,25,1,250.25,2010-02-28T00:00:00Z,FALSE,-1
847,77,42,2,611.1,2010-02-28T00:00:00Z,FALSE,-1
848,3,73,3,145.46,2010-02-28T00:00:00Z,FALSE,-1
849,20,55,1,114.53,2010-02-28T00:00:00Z,FALSE,-1
850,4,89,1,894.24,2010-02-28T00:00:00Z,FALSE,-1
851,10,78,3,555.74,2010-02-28T00:00:00Z,FALSE,-1
852,94,99,3,708.56,2010-02-28T00:00:00Z,FALSE,-1
853,17,69,3,830.65,2010-02-28T00:00:00Z,FALSE,-1
854,56,20,4,131.21,2010-02-28T00:00:00Z,FALSE,-1
855,46,38,1,367.96,2010-02-28T00:00:00Z,FALSE,-1
856,55,0,1,966.79,2010-02-28T00:00:00Z,FALSE,-1
857,3,47,1,418.17,2010-02-28T00:00:00Z,FALSE,-1
858,59,7,2,523.36,2010-03-01T00:00:00Z,FALSE,-1
859,71,29,3,268.24,2010-03-01T00:00:00Z,FALSE,-1
860,79,91,3,228.51,2010-03-01T00:00:00Z,FALSE,-1
861,76,95,3,715.51,2010-03-01T00:00:00Z,FALSE,-1
862,83,33,1,934.76,2010-03-01T00:00:00Z,FALSE,-1
863,29,34,1,162.29,2010-03-01T00:00:00Z,FALSE,-1
864,25,29,2,651.28,2010-03-02T00:00:00Z,FALSE,-1
865,86,99,2,518.08,2010-03-02T00:00:00Z,FALSE,-1
866,15,22,3,182.53,2010-03-02T00:00:00Z,FALSE,-1
867,73,3,3,373.79,2010-03-02T00:00:00Z,FALSE,-1
868,50,2,1,330.09,2010-03-02T00:00:00Z,FALSE,-1
869,72,39,2,220.48,2010-03-02T00:00:00Z,FALSE,-1
870,41,42,1,221.81,2010-03-02T00:00:00Z,FALSE,-1
871,44,33,1,619.74,2010-03-02T00:00:00Z,FALSE,-1
872,11,98,2,375.63,2010-03-02T00:00:00Z,FALSE,-1
873,40,37,3,566.69,2010-03-02T00:00:00Z,FALSE,-1
874,81,32,1,614.61,2010-03-02T00:00:00Z,FALSE,-1
875,35,28,3,161.92,2010-03-02T00:00:00Z,FALSE,-1
876,1,49,3,115.14,2010-03-02T00:00:00Z,FALSE,-1
877,74,11,3,614.06,2010-03-02T00:00:00Z,FALSE,-1
878,52,35,1,368.63,2010-03-02T00:00:00Z,FALSE,-1
879,2,86,2,946.63,2010-03-02T00:00:00Z,FALSE,-1
880,60,17,1,475.25,2010-03-02T00:00:00Z,FALSE,-1
881,8,61,1,735.75,2010-03-02T00:00:00Z,FALSE,-1
882,66,7,3,645.72,2010-03-02T00:00:00Z,FALSE,-1
883,63,33,3,200.96,2010-03-02T00:00:00Z,FALSE,-1
884,14,30,1,404.42,2010-03-02T00:00:00Z,FALSE,-1
885,66,32,3,570.65,2010-03-03T00:00:00Z,FALSE,-1
886,1,97,3,593.37,2010-03-03T00:00:00Z,FALSE,-1
887,54,28,1,564.59,2010-03-03T00:00:00Z,FALSE,-1
888,5,33,2,819.76,2010-03-03T00:00:00Z,FALSE,-1
889,67,35,1,125.38,2010-03-03T00:00:00Z,FALSE,-1
890,57,8,1,582.87,2010-03-03T00:00:00Z,FALSE,-1
891,14,55,3,628.65,2010-03-03T00:00:00Z,FALSE,-1
892,51,30,3,885.3,2010-03-03T00:00:00Z,FALSE,-1
893,84,76,3,715.22,2010-03-03T00:00:00Z,FALSE,-1
894,65,24,2,560.5,2010-03-03T00:00:00Z,FALSE,-1
895,75,65,1,903.88,2010-03-03T00:00:00Z,FALSE,-1
896,58,2,1,918.69,2010-03-03T00:00:00Z,FALSE,-1
897,88,28,3,269.99,2010-03-03T00:00:00Z,FALSE,-1
898,6,25,4,464.25,2010-03-03T00:00:00Z,FALSE,-1
899,18,46,2,988.37,2010-03-03T00:00:00Z,FALSE,-1
900,0,27,3,419.51,2010-03-03T00:00:00Z,FALSE,-1
901,21,92,3,112.33,2010-03-04T00:00:00Z,FALSE,-1
902,55,40,1,704.06,2010-03-04T00:00:00Z,FALSE,-1
903,70,9,4,574.67,2010-03-04T00:00:00Z,FALSE,-1
904,93,36,1,439.75,2010-03-04T00:00:00Z,FALSE,-1
905,68,34,2,840.64,2010-03-04T00:00:00Z,FALSE,-1
906,40,45,1,988.78,2010-03-04T00:00:00Z,FALSE,-1
907,24,65,1,239.75,2010-03-04T00:00:00Z,FALSE,-1
908,23,50,3,493.97,2010-03-04T00:00:00Z,FALSE,-1
909,42,36,3,736.83,2010-03-04T00:00:00Z,FALSE,-1
910,95,55,3,234.69,2010-03-04T00:00:00Z,FALSE,-1
911,96,55,3,302.94,2010-03-04T00:00:00Z,FALSE,-1
912,85,20,3,220.78,2010-03-04T00:00:00Z,FALSE,-1
913,64,15,2,366.53,2010-03-04T00:00:00Z,FALSE,-1
914,82,40,1,810.84,2010-03-04T00:00:00Z,FALSE,-1
915,61,1,1,407.47,2010-03-04T00:00:00Z,FALSE,-1
916,69,48,1,472.67,2010-03-04T00:00:00Z,FALSE,-1
917,78,83,3,146.99,2010-03-04T00:00:00Z,FALSE,-1
918,7,66,1,194.59,2010-03-04T00:00:00Z,FALSE,-1
919,9,70,3,213.13,2010-03-05T00:00:00Z,FALSE,-1
920,66,62,3,234.08,2010-03-05T00:00:00Z,TRUE,0
921,60,43,1,918.43,2010-03-05T00:00:00Z,FALSE,-1
922,59,35,2,120.19,2010-03-05T00:00:00Z,FALSE,-1
923,80,8,3,579.27,2010-03-05T00:00:00Z,FALSE,-1
924,98,38,3,780.33,2010-03-05T00:00:00Z,FALSE,-1
925,69,17,1,756.23,2010-03-05T00:00:00Z,FALSE,-1
926,40,28,1,214.61,2010-03-05T00:00:00Z,TRUE,1
927,97,74,4,779.39,2010-03-05T00:00:00Z,FALSE,-1
928,52,41,2,473.42,2010-03-05T00:00:00Z,FALSE,-1
929,22,74,1,749.02,2010-03-05T00:00:00Z,FALSE,-1
930,16,44,3,841.46,2010-03-05T00:00:00Z,FALSE,-1
931,91,80,2,264.51,2010-03-06T00:00:00Z,FALSE,-1
932,12,11,3,621.63,2010-03-06T00:00:00Z,FALSE,-1
933,90,79,1,392.24,2010-03-06T00:00:00Z,FALSE,-1
934,62,5,2,109.71,2010-03-06T00:00:00Z,FALSE,-1
935,76,44,3,777.63,2010-03-06T00:00:00Z,FALSE,-1
936,18,99,3,431.57,2010-03-06T00:00:00Z,FALSE,-1
937,87,82,3,144.96,2010-03-06T00:00:00Z,FALSE,-1
938,92,62,2,908.8,2010-03-06T00:00:00Z,FALSE,-1
939,70,39,1,315.92,2010-03-06T00:00:00Z,FALSE,-1
940,45,27,3,794.38,2010-03-06T00:00:00Z,FALSE,-1
941,13,97,3,452.1,2010-03-06T00:00:00Z,FALSE,-1
942,36,26,1,971.91,2010-03-06T00:00:00Z,FALSE,-1
943,19,99,1,629.05,2010-03-06T00:00:00Z,FALSE,-1
944,87,31,3,380.71,2010-03-06T00:00:00Z,FALSE,-1
945,53,32,2,236.78,2010-03-06T00:00:00Z,FALSE,-1
946,99,53,2,300.52,2010-03-06T00:00:00Z,FALSE,-1
947,3,47,1,342.09,2010-03-07T00:00:00Z,FALSE,-1
948,77,52,3,720.38,2010-03-07T00:00:00Z,FALSE,-1
949,10,70,3,295.35,2010-03-07T00:00:00Z,FALSE,-1
950,94,58,1,450.37,2010-03-07T00:00:00Z,FALSE,-1
951,17,42,1,920.07,2010-03-07T00:00:00Z,FALSE,-1
952,20,29,3,800.46,2010-03-07T00:00:00Z,FALSE,-1
953,83,38,1,661.4,2010-03-07T00:00:00Z,FALSE,-1
954,81,25,3,203.76,2010-03-07T00:00:00Z,FALSE,-1
955,4,24,3,904.87,2010-03-07T00:00:00Z,FALSE,-1
956,56,20,3,736.55,2010-03-07T00:00:00Z,FALSE,-1
957,55,0,3,824.32,2010-03-07T00:00:00Z,FALSE,-1
958,89,13,2,849.51,2010-03-07T00:00:00Z,FALSE,-1
959,15,47,1,204.54,2010-03-07T00:00:00Z,FALSE,-1
960,79,82,3,282.78,2010-03-08T00:00:00Z,FALSE,-1
961,76,63,4,605.16,2010-03-08T00:00:00Z,FALSE,-1
962,36,34,1,959.15,2010-03-08T00:00:00Z,FALSE,-1
963,71,29,3,349.6,2010-03-08T00:00:00Z,FALSE,-1
964,83,38,1,728.4,2010-03-08T00:00:00Z,FALSE,-1
965,59,7,1,518.47,2010-03-08T00:00:00Z,FALSE,-1
966,86,91,1,326.64,2010-03-09T00:00:00Z,FALSE,-1
967,50,2,3,359.45,2010-03-09T00:00:00Z,FALSE,-1
968,11,46,4,750.4,2010-03-09T00:00:00Z,FALSE,-1
969,63,33,2,590.84,2010-03-09T00:00:00Z,FALSE,-1
970,73,3,3,261.78,2010-03-09T00:00:00Z,FALSE,-1
971,36,28,3,846.92,2010-03-09T00:00:00Z,FALSE,-1
972,60,17,2,490.56,2010-03-09T00:00:00Z,FALSE,-1
973,52,35,1,889.29,2010-03-09T00:00:00Z,FALSE,-1
974,35,29,3,537.85,2010-03-09T00:00:00Z,FALSE,-1
975,15,24,2,429.74,2010-03-09T00:00:00Z,FALSE,-1
976,58,33,1,887.7,2010-03-09T00:00:00Z,FALSE,-1
977,74,11,3,111.7,2010-03-09T00:00:00Z,FALSE,-1
978,72,39,2,816.01,2010-03-09T00:00:00Z,FALSE,-1
979,80,37,3,653.01,2010-03-09T00:00:00Z,FALSE,-1
980,2,58,3,291.66,2010-03-09T00:00:00Z,FALSE,-1
981,8,73,1,244.03,2010-03-09T00:00:00Z,FALSE,-1
982,66,7,2,282.1,2010-03-09T00:00:00Z,FALSE,-1
983,38,49,1,745.29,2010-03-09T00:00:00Z,FALSE,-1
984,69,42,2,315.7,2010-03-09T00:00:00Z,FALSE,-1
985,44,30,3,970.41,2010-03-09T00:00:00Z,FALSE,-1
986,81,76,2,240.45,2010-03-09T00:00:00Z,FALSE,-1
987,1,61,1,173.54,2010-03-10T00:00:00Z,FALSE,-1
988,76,32,3,944.47,2010-03-10T00:00:00Z,FALSE,-1
989,62,46,3,288.79,2010-03-10T00:00:00Z,FALSE,-1
990,14,48,2,317.34,2010-03-10T00:00:00Z,FALSE,-1
991,51,30,4,938.9,2010-03-10T00:00:00Z,FALSE,-1
992,65,24,2,253.19,2010-03-10T00:00:00Z,FALSE,-1
993,0,55,3,366.62,2010-03-10T00:00:00Z,FALSE,-1
994,84,98,3,983.5,2010-03-10T00:00:00Z,FALSE,-1
995,6,93,2,898.89,2010-03-10T00:00:00Z,FALSE,-1
996,75,73,3,342.86,2010-03-10T00:00:00Z,FALSE,-1
997,88,16,2,888.88,2010-03-10T00:00:00Z,FALSE,-1
998,5,62,2,460.77,2010-03-10T00:00:00Z,FALSE,-1
999,67,35,1,510.35,2010-03-10T00:00:00Z,FALSE,-1
1000,57,8,1,397.8,2010-03-10T00:00:00Z,FALSE,-1
1001,54,28,1,586.59,2010-03-10T00:00:00Z,FALSE,-1
1002,58,2,1,273.93,2010-03-10T00:00:00Z,FALSE,-1
1003,85,91,3,796.1,2010-03-11T00:00:00Z,FALSE,-1
1004,23,17,2,623.15,2010-03-11T00:00:00Z,FALSE,-1
1005,50,45,3,822.7,2010-03-11T00:00:00Z,FALSE,-1
1006,70,9,1,610.31,2010-03-11T00:00:00Z,FALSE,-1
1007,82,98,1,370.38,2010-03-11T00:00:00Z,FALSE,-1
1008,74,48,2,692.39,2010-03-11T00:00:00Z,FALSE,-1
1009,21,40,2,494.07,2010-03-11T00:00:00Z,FALSE,-1
1010,61,40,2,424.27,2010-03-11T00:00:00Z,FALSE,-1
1011,96,94,3,764.51,2010-03-11T00:00:00Z,FALSE,-1
1012,95,38,1,858.95,2010-03-11T00:00:00Z,FALSE,-1
1013,61,1,1,671.28,2010-03-11T00:00:00Z,FALSE,-1
1014,24,91,2,721.98,2010-03-11T00:00:00Z,FALSE,-1
1015,7,79,1,639.75,2010-03-11T00:00:00Z,FALSE,-1
1016,68,34,1,747.15,2010-03-11T00:00:00Z,FALSE,-1
1017,55,36,3,323.68,2010-03-11T00:00:00Z,FALSE,-1
1018,93,49,3,995.17,2010-03-11T00:00:00Z,FALSE,-1
1019,64,15,1,159.99,2010-03-11T00:00:00Z,FALSE,-1
1020,78,77,1,312.39,2010-03-11T00:00:00Z,FALSE,-1
1021,69,17,3,378.88,2010-03-12T00:00:00Z,FALSE,-1
1022,22,62,1,869.71,2010-03-12T00:00:00Z,FALSE,-1
1023,98,40,3,937.41,2010-03-12T00:00:00Z,FALSE,-1
1024,87,35,2,195.13,2010-03-12T00:00:00Z,FALSE,-1
1025,68,41,2,502.91,2010-03-12T00:00:00Z,FALSE,-1
1026,9,77,1,219.3,2010-03-12T00:00:00Z,FALSE,-1
1027,80,37,3,863.93,2010-03-12T00:00:00Z,FALSE,-1
1028,66,43,3,251.96,2010-03-12T00:00:00Z,FALSE,-1
1029,97,48,3,821.32,2010-03-12T00:00:00Z,FALSE,-1
1030,16,83,1,834.94,2010-03-12T00:00:00Z,FALSE,-1
1031,57,62,2,234.08,2010-03-12T00:00:00Z,TRUE,0
1032,62,26,3,908.5,2010-03-13T00:00:00Z,FALSE,-1
1033,62,5,3,152.5,2010-03-13T00:00:00Z,FALSE,-1
1034,13,95,3,850.97,2010-03-13T00:00:00Z,FALSE,-1
1035,18,46,2,883.43,2010-03-13T00:00:00Z,FALSE,-1
1036,49,31,1,177.71,2010-03-13T00:00:00Z,FALSE,-1
1037,99,88,3,860.68,2010-03-13T00:00:00Z,FALSE,-1
1038,90,97,4,426.57,2010-03-13T00:00:00Z,FALSE,-1
1039,79,44,2,549.89,2010-03-13T00:00:00Z,FALSE,-1
1040,87,80,1,759.83,2010-03-13T00:00:00Z,FALSE,-1
1041,91,37,2,734.24,2010-03-13T00:00:00Z,FALSE,-1
1042,53,32,2,878.6,2010-03-13T00:00:00Z,FALSE,-1
1043,93,27,2,673.89,2010-03-13T00:00:00Z,FALSE,-1
1044,12,57,3,377.95,2010-03-13T00:00:00Z,FALSE,-1
1045,19,97,3,916.66,2010-03-13T00:00:00Z,FALSE,-1
1046,72,39,2,785.25,2010-03-13T00:00:00Z,FALSE,-1
1047,92,65,1,737.74,2010-03-13T00:00:00Z,FALSE,-1
1048,3,87,3,339.22,2010-03-14T00:00:00Z,FALSE,-1
1049,94,25,1,214.3,2010-03-14T00:00:00Z,FALSE,-1
1050,10,41,3,599.08,2010-03-14T00:00:00Z,FALSE,-1
1051,17,70,1,317.88,2010-03-14T00:00:00Z,FALSE,-1
1052,4,92,2,840.53,2010-03-14T00:00:00Z,FALSE,-1
1053,56,20,3,827.87,2010-03-14T00:00:00Z,FALSE,-1
1054,20,92,1,249.8,2010-03-14T00:00:00Z,FALSE,-1
1055,77,96,1,877.14,2010-03-14T00:00:00Z,FALSE,-1
1056,27,28,1,214.61,2010-03-14T00:00:00Z,TRUE,1
1057,89,61,1,885.4,2010-03-14T00:00:00Z,FALSE,-1
1058,88,38,1,312.21,2010-03-14T00:00:00Z,FALSE,-1
1059,42,47,1,769.24,2010-03-14T00:00:00Z,FALSE,-1
1060,55,0,3,609.87,2010-03-14T00:00:00Z,FALSE,-1
1061,94,34,2,795.28,2010-03-14T00:00:00Z,FALSE,-1
1062,71,29,1,331.69,2010-03-15T00:00:00Z,FALSE,-1
1063,59,7,2,407.1,2010-03-15T00:00:00Z,FALSE,-1
1064,76,44,3,272.22,2010-03-15T00:00:00Z,FALSE,-1
1065,79,96,4,810.05,2010-03-15T00:00:00Z,FALSE,-1
1066,83,90,1,577.2,2010-03-15T00:00:00Z,FALSE,-1
1067,77,34,3,226.17,2010-03-15T00:00:00Z,FALSE,-1
1068,15,64,1,281.87,2010-03-16T00:00:00Z,FALSE,-1
1069,52,35,1,834.62,2010-03-16T00:00:00Z,FALSE,-1
1070,81,68,3,268.95,2010-03-16T00:00:00Z,FALSE,-1
1071,8,57,3,871.36,2010-03-16T00:00:00Z,FALSE,-1
1072,92,30,3,655.87,2010-03-16T00:00:00Z,FALSE,-1
1073,37,28,2,603.19,2010-03-16T00:00:00Z,FALSE,-1
1074,72,39,2,402.43,2010-03-16T00:00:00Z,FALSE,-1
1075,50,2,2,649.5,2010-03-16T00:00:00Z,FALSE,-1
1076,2,50,3,786.57,2010-03-16T00:00:00Z,FALSE,-1
1077,70,42,3,932.13,2010-03-16T00:00:00Z,FALSE,-1
1078,74,11,1,879.12,2010-03-16T00:00:00Z,FALSE,-1
1079,66,7,3,370.64,2010-03-16T00:00:00Z,FALSE,-1
1080,63,33,1,230.51,2010-03-16T00:00:00Z,FALSE,-1
1081,11,74,2,784.4,2010-03-16T00:00:00Z,FALSE,-1
1082,88,37,2,469.37,2010-03-16T00:00:00Z,FALSE,-1
1083,73,3,1,168.26,2010-03-16T00:00:00Z,FALSE,-1
1084,66,29,1,140.12,2010-03-16T00:00:00Z,FALSE,-1
1085,56,49,3,922.25,2010-03-16T00:00:00Z,FALSE,-1
1086,86,76,1,919.51,2010-03-16T00:00:00Z,FALSE,-1
1087,83,33,1,681.82,2010-03-16T00:00:00Z,FALSE,-1
1088,60,17,3,195.46,2010-03-16T00:00:00Z,FALSE,-1
1089,65,24,2,442.52,2010-03-17T00:00:00Z,FALSE,-1
1090,5,87,3,642.93,2010-03-17T00:00:00Z,FALSE,-1
1091,73,46,2,451.29,2010-03-17T00:00:00Z,FALSE,-1
1092,88,81,3,163.75,2010-03-17T00:00:00Z,FALSE,-1
1093,58,2,3,547.84,2010-03-17T00:00:00Z,FALSE,-1
1094,84,78,1,136.68,2010-03-17T00:00:00Z,FALSE,-1
1095,81,32,1,863.82,2010-03-17T00:00:00Z,FALSE,-1
1096,0,27,3,266.74,2010-03-17T00:00:00Z,FALSE,-1
1097,75,25,1,601.6,2010-03-17T00:00:00Z,FALSE,-1
1098,14,20,1,117.72,2010-03-17T00:00:00Z,FALSE,-1
1099,67,35,3,846.59,2010-03-17T00:00:00Z,FALSE,-1
1100,51,30,4,216.33,2010-03-17T00:00:00Z,FALSE,-1
1101,1,49,3,593.32,2010-03-17T00:00:00Z,FALSE,-1
1102,6,30,1,982.81,2010-03-17T00:00:00Z,FALSE,-1
1103,54,28,1,799.07,2010-03-17T00:00:00Z,FALSE,-1
1104,57,8,1,149.16,2010-03-17T00:00:00Z,FALSE,-1
1105,93,86,3,272.01,2010-03-18T00:00:00Z,FALSE,-1
1106,54,45,2,627.45,2010-03-18T00:00:00Z,FALSE,-1
1107,64,15,1,743.95,2010-03-18T00:00:00Z,FALSE,-1
1108,68,34,3,886.57,2010-03-18T00:00:00Z,FALSE,-1
1109,78,14,2,667.44,2010-03-18T00:00:00Z,FALSE,-1
1110,7,22,2,177.31,2010-03-18T00:00:00Z,FALSE,-1
1111,61,1,3,734.23,2010-03-18T00:00:00Z,FALSE,-1
1112,95,62,1,417.72,2010-03-18T00:00:00Z,FALSE,-1
1113,85,67,1,307.44,2010-03-18T00:00:00Z,FALSE,-1
1114,91,48,1,587.2,2010-03-18T00:00:00Z,FALSE,-1
1115,23,79,1,914.2,2010-03-18T00:00:00Z,FALSE,-1
1116,64,40,1,123.29,2010-03-18T00:00:00Z,FALSE,-1
1117,82,73,3,526.74,2010-03-18T00:00:00Z,FALSE,-1
1118,96,99,2,192.76,2010-03-18T00:00:00Z,FALSE,-1
1119,21,44,1,661,2010-03-18T00:00:00Z,FALSE,-1
1120,70,9,1,673.7,2010-03-18T00:00:00Z,FALSE,-1
1121,24,60,1,399.66,2010-03-18T00:00:00Z,FALSE,-1
1122,79,36,1,839.7,2010-03-18T00:00:00Z,FALSE,-1
1123,16,98,3,674.24,2010-03-19T00:00:00Z,FALSE,-1
1124,95,35,1,176.55,2010-03-19T00:00:00Z,FALSE,-1
1125,69,17,1,464.38,2010-03-19T00:00:00Z,FALSE,-1
1126,80,77,4,107.93,2010-03-19T00:00:00Z,FALSE,-1
1127,56,62,3,234.08,2010-03-19T00:00:00Z,TRUE,0
1128,67,43,3,758.67,2010-03-19T00:00:00Z,FALSE,-1
1129,98,78,1,940.35,2010-03-19T00:00:00Z,FALSE,-1
1130,9,38,3,237.29,2010-03-19T00:00:00Z,FALSE,-1
1131,74,41,1,588.02,2010-03-19T00:00:00Z,FALSE,-1
1132,22,56,2,828.64,2010-03-19T00:00:00Z,FALSE,-1
1133,97,18,1,223.02,2010-03-19T00:00:00Z,FALSE,-1
1134,53,32,2,871.95,2010-03-20T00:00:00Z,FALSE,-1
1135,99,46,1,591.98,2010-03-20T00:00:00Z,FALSE,-1
1136,12,6,2,545.12,2010-03-20T00:00:00Z,FALSE,-1
1137,90,95,1,338.15,2010-03-20T00:00:00Z,FALSE,-1
1138,54,31,1,938.4,2010-03-20T00:00:00Z,FALSE,-1
1139,88,26,1,362.07,2010-03-20T00:00:00Z,FALSE,-1
1140,91,67,3,529.53,2010-03-20T00:00:00Z,FALSE,-1
1141,87,19,1,846.13,2010-03-20T00:00:00Z,FALSE,-1
1142,62,5,1,488.31,2010-03-20T00:00:00Z,FALSE,-1
1143,80,39,3,986.2,2010-03-20T00:00:00Z,FALSE,-1
1144,13,34,1,846.27,2010-03-20T00:00:00Z,FALSE,-1
1145,18,96,1,216.34,2010-03-20T00:00:00Z,FALSE,-1
1146,92,64,3,564.61,2010-03-20T00:00:00Z,FALSE,-1
1147,86,44,2,483.66,2010-03-20T00:00:00Z,FALSE,-1
1148,97,27,2,243.79,2010-03-20T00:00:00Z,FALSE,-1
1149,19,28,1,391.23,2010-03-20T00:00:00Z,FALSE,-1
1150,17,77,1,483.68,2010-03-21T00:00:00Z,FALSE,-1
1151,55,0,1,370.09,2010-03-21T00:00:00Z,FALSE,-1
1152,99,25,1,972.74,2010-03-21T00:00:00Z,FALSE,-1
1153,89,88,2,873.96,2010-03-21T00:00:00Z,FALSE,-1
1154,95,38,1,812.35,2010-03-21T00:00:00Z,FALSE,-1
1155,3,73,3,725.2,2010-03-21T00:00:00Z,FALSE,-1
1156,56,20,1,409.36,2010-03-21T00:00:00Z,FALSE,-1
1157,10,91,1,883.5,2010-03-21T00:00:00Z,FALSE,-1
1158,4,89,1,973.96,2010-03-21T00:00:00Z,FALSE,-1
1159,20,64,1,621.43,2010-03-21T00:00:00Z,FALSE,-1
1160,77,47,3,221.86,2010-03-21T00:00:00Z,FALSE,-1
1161,94,13,2,208.1,2010-03-21T00:00:00Z,FALSE,-1
1162,77,65,2,793.05,2010-03-21T00:00:00Z,FALSE,-1
1163,83,97,2,536.67,2010-03-22T00:00:00Z,FALSE,-1
1164,71,29,1,343.1,2010-03-22T00:00:00Z,FALSE,-1
1165,79,74,2,136.51,2010-03-22T00:00:00Z,FALSE,-1
1166,76,51,3,284.5,2010-03-22T00:00:00Z,FALSE,-1
1167,92,95,3,201.63,2010-03-22T00:00:00Z,TRUE,2
1168,59,7,2,548.99,2010-03-22T00:00:00Z,FALSE,-1
1169,93,34,3,574.29,2010-03-22T00:00:00Z,FALSE,-1
1170,89,37,2,315.83,2010-03-23T00:00:00Z,FALSE,-1
1171,94,30,2,656.75,2010-03-23T00:00:00Z,FALSE,-1
1172,2,86,2,722.62,2010-03-23T00:00:00Z,FALSE,-1
1173,77,29,3,414.47,2010-03-23T00:00:00Z,FALSE,-1
1174,74,11,1,668.34,2010-03-23T00:00:00Z,FALSE,-1
1175,8,66,3,340.38,2010-03-23T00:00:00Z,FALSE,-1
1176,60,17,1,903.82,2010-03-23T00:00:00Z,FALSE,-1
1177,77,42,2,417.48,2010-03-23T00:00:00Z,FALSE,-1
1178,50,2,3,937.15,2010-03-23T00:00:00Z,FALSE,-1
1179,11,86,3,1019.13,2010-03-23T00:00:00Z,FALSE,-1
1180,86,95,3,617.92,2010-03-23T00:00:00Z,FALSE,-1
1181,72,39,2,451.22,2010-03-23T00:00:00Z,FALSE,-1
1182,81,50,3,468.34,2010-03-23T00:00:00Z,FALSE,-1
1183,15,32,2,703.14,2010-03-23T00:00:00Z,FALSE,-1
1184,73,3,3,647.1,2010-03-23T00:00:00Z,FALSE,-1
1185,63,33,3,736.01,2010-03-23T00:00:00Z,FALSE,-1
1186,36,28,3,214.61,2010-03-23T00:00:00Z,TRUE,1
1187,38,28,2,120.09,2010-03-23T00:00:00Z,FALSE,-1
1188,66,7,3,189.99,2010-03-23T00:00:00Z,FALSE,-1
1189,52,35,1,275.12,2010-03-23T00:00:00Z,FALSE,-1
1190,94,33,2,218.59,2010-03-23T00:00:00Z,FALSE,-1
1191,59,49,2,160.06,2010-03-23T00:00:00Z,FALSE,-1
1192,88,78,1,413.71,2010-03-24T00:00:00Z,FALSE,-1
1193,65,24,2,548.09,2010-03-24T00:00:00Z,FALSE,-1
1194,84,70,2,650.1,2010-03-24T00:00:00Z,FALSE,-1
1195,58,2,3,849,2010-03-24T00:00:00Z,FALSE,-1
1196,1,97,3,377.36,2010-03-24T00:00:00Z,FALSE,-1
1197,6,94,3,739.68,2010-03-24T00:00:00Z,FALSE,-1
1198,83,32,3,321.59,2010-03-24T00:00:00Z,FALSE,-1
1199,95,46,1,418.72,2010-03-24T00:00:00Z,FALSE,-1
1200,54,28,1,381.51,2010-03-24T00:00:00Z,FALSE,-1
1201,67,35,3,307,2010-03-24T00:00:00Z,FALSE,-1
1202,75,98,2,892.79,2010-03-24T00:00:00Z,FALSE,-1
1203,0,55,3,938.54,2010-03-24T00:00:00Z,FALSE,-1
1204,51,30,3,441.51,2010-03-24T00:00:00Z,FALSE,-1
1205,5,33,2,889.52,2010-03-24T00:00:00Z,FALSE,-1
1206,14,30,1,450.42,2010-03-24T00:00:00Z,FALSE,-1
1207,57,8,1,736.86,2010-03-24T00:00:00Z,FALSE,-1
1208,70,9,3,778.12,2010-03-25T00:00:00Z,FALSE,-1
1209,61,1,1,963.39,2010-03-25T00:00:00Z,FALSE,-1
1210,78,80,3,492.3,2010-03-25T00:00:00Z,FALSE,-1
1211,7,59,3,697,2010-03-25T00:00:00Z,FALSE,-1
1212,68,34,2,500.67,2010-03-25T00:00:00Z,FALSE,-1
1213,96,14,3,934.68,2010-03-25T00:00:00Z,FALSE,-1
1214,85,79,1,652.98,2010-03-25T00:00:00Z,FALSE,-1
1215,78,45,1,763.68,2010-03-25T00:00:00Z,FALSE,-1
1216,23,37,1,734.02,2010-03-25T00:00:00Z,FALSE,-1
1217,24,69,3,673.84,2010-03-25T00:00:00Z,FALSE,-1
1218,82,95,3,554.92,2010-03-25T00:00:00Z,FALSE,-1
1219,94,48,3,505.73,2010-03-25T00:00:00Z,FALSE,-1
1220,95,51,3,152.72,2010-03-25T00:00:00Z,FALSE,-1
1221,21,99,2,631,2010-03-25T00:00:00Z,FALSE,-1
1222,93,97,3,922.66,2010-03-25T00:00:00Z,FALSE,-1
1223,64,15,1,565,2010-03-25T00:00:00Z,FALSE,-1
1224,82,40,1,882.86,2010-03-25T00:00:00Z,FALSE,-1
1225,93,36,1,100.42,2010-03-25T00:00:00Z,FALSE,-1
1226,97,22,3,851.06,2010-03-26T00:00:00Z,FALSE,-1
1227,22,92,2,582.57,2010-03-26T00:00:00Z,FALSE,-1
1228,16,61,2,772.68,2010-03-26T00:00:00Z,FALSE,-1
1229,9,23,1,109.7,2010-03-26T00:00:00Z,FALSE,-1
1230,69,17,3,182.62,2010-03-26T00:00:00Z,FALSE,-1
1231,80,39,3,117.04,2010-03-26T00:00:00Z,FALSE,-1
1232,52,35,3,147.68,2010-03-26T00:00:00Z,FALSE,-1
1233,98,53,3,474.51,2010-03-26T00:00:00Z,FALSE,-1
1234,68,43,1,929.08,2010-03-26T00:00:00Z,FALSE,-1
1235,52,62,3,234.08,2010-03-26T00:00:00Z,TRUE,0
1236,98,41,1,965.73,2010-03-26T00:00:00Z,FALSE,-1
1237,91,99,3,296.05,2010-03-27T00:00:00Z,FALSE,-1
1238,58,31,1,515.48,2010-03-27T00:00:00Z,FALSE,-1
1239,13,77,1,974.86,2010-03-27T00:00:00Z,FALSE,-1
1240,62,5,3,270.46,2010-03-27T00:00:00Z,FALSE,-1
1241,12,5,3,911.12,2010-03-27T00:00:00Z,FALSE,-1
1242,0,27,3,713.33,2010-03-27T00:00:00Z,FALSE,-1
1243,90,39,1,399.62,2010-03-27T00:00:00Z,FALSE,-1
1244,11,26,3,396.47,2010-03-27T00:00:00Z,FALSE,-1
1245,99,89,1,672.53,2010-03-27T00:00:00Z,FALSE,-1
1246,92,98,1,271.28,2010-03-27T00:00:00Z,FALSE,-1
1247,88,44,3,637.04,2010-03-27T00:00:00Z,FALSE,-1
1248,18,91,1,566.34,2010-03-27T00:00:00Z,FALSE,-1
1249,53,32,3,436.96,2010-03-27T00:00:00Z,FALSE,-1
1250,90,52,3,728.76,2010-03-27T00:00:00Z,FALSE,-1
1251,87,31,3,904.08,2010-03-27T00:00:00Z,FALSE,-1
1252,19,85,3,396.69,2010-03-27T00:00:00Z,FALSE,-1
1253,89,98,3,261.63,2010-03-28T00:00:00Z,FALSE,-1
1254,6,25,4,769.24,2010-03-28T00:00:00Z,FALSE,-1
1255,4,24,3,581.38,2010-03-28T00:00:00Z,FALSE,-1
1256,10,93,2,365.53,2010-03-28T00:00:00Z,FALSE,-1
1257,96,38,3,637,2010-03-28T00:00:00Z,FALSE,-1
1258,3,47,1,1032.07,2010-03-28T00:00:00Z,FALSE,-1
1259,56,20,1,746.92,2010-03-28T00:00:00Z,FALSE,-1
1260,55,0,1,538.01,2010-03-28T00:00:00Z,FALSE,-1
1261,77,68,1,173.29,2010-03-28T00:00:00Z,FALSE,-1
1262,20,56,2,543.04,2010-03-28T00:00:00Z,FALSE,-1
1263,94,96,2,391.21,2010-03-28T00:00:00Z,FALSE,-1
1264,82,47,3,128.87,2010-03-28T00:00:00Z,FALSE,-1
1265,17,60,1,692.13,2010-03-28T00:00:00Z,FALSE,-1
1266,83,95,1,168.85,2010-03-29T00:00:00Z,FALSE,-1
1267,94,34,2,379.23,2010-03-29T00:00:00Z,FALSE,-1
1268,71,29,3,632.34,2010-03-29T00:00:00Z,FALSE,-1
1269,76,32,3,869.64,2010-03-29T00:00:00Z,FALSE,-1
1270,79,95,1,826.99,2010-03-29T00:00:00Z,FALSE,-1
1271,59,7,1,656.61,2010-03-29T00:00:00Z,FALSE,-1
1272,2,58,3,257.9,2010-03-30T00:00:00Z,FALSE,-1
1273,66,7,1,800.45,2010-03-30T00:00:00Z,FALSE,-1
1274,74,11,1,920.07,2010-03-30T00:00:00Z,FALSE,-1
1275,81,95,1,158.03,2010-03-30T00:00:00Z,FALSE,-1
1276,91,37,2,931.53,2010-03-30T00:00:00Z,FALSE,-1
1277,60,17,2,168.1,2010-03-30T00:00:00Z,FALSE,-1
1278,39,28,3,641.36,2010-03-30T00:00:00Z,FALSE,-1
1279,73,3,3,786.8,2010-03-30T00:00:00Z,FALSE,-1
1280,89,42,1,108.55,2010-03-30T00:00:00Z,FALSE,-1
1281,63,33,3,880.31,2010-03-30T00:00:00Z,FALSE,-1
1282,98,30,1,332.46,2010-03-30T00:00:00Z,FALSE,-1
1283,8,61,1,114.76,2010-03-30T00:00:00Z,FALSE,-1
1284,98,33,3,499.68,2010-03-30T00:00:00Z,FALSE,-1
1285,86,93,1,311.44,2010-03-30T00:00:00Z,FALSE,-1
1286,11,26,3,372.84,2010-03-30T00:00:00Z,FALSE,-1
1287,67,49,1,478.81,2010-03-30T00:00:00Z,FALSE,-1
1288,50,2,2,282.64,2010-03-30T00:00:00Z,FALSE,-1
1289,72,39,2,106.82,2010-03-30T00:00:00Z,FALSE,-1
1290,52,35,1,257,2010-03-30T00:00:00Z,FALSE,-1
1291,15,47,1,816.43,2010-03-30T00:00:00Z,FALSE,-1
1292,96,29,2,884.38,2010-03-30T00:00:00Z,FALSE,-1
1293,5,62,2,389.18,2010-03-31T00:00:00Z,FALSE,-1
1294,58,2,3,562.52,2010-03-31T00:00:00Z,FALSE,-1
1295,54,28,1,235.74,2010-03-31T00:00:00Z,FALSE,-1
1296,0,27,3,294.04,2010-03-31T00:00:00Z,FALSE,-1
1297,14,16,4,835,2010-03-31T00:00:00Z,FALSE,-1
1298,57,8,1,710.11,2010-03-31T00:00:00Z,FALSE,-1
1299,97,46,1,362.47,2010-03-31T00:00:00Z,FALSE,-1
1300,67,35,3,853.67,2010-03-31T00:00:00Z,FALSE,-1
1301,84,95,2,765.38,2010-03-31T00:00:00Z,FALSE,-1
1302,6,25,4,884.66,2010-03-31T00:00:00Z,FALSE,-1
1303,65,24,2,591.41,2010-03-31T00:00:00Z,FALSE,-1
1304,51,30,4,373.89,2010-03-31T00:00:00Z,FALSE,-1
1305,1,61,1,477.53,2010-03-31T00:00:00Z,FALSE,-1
1306,99,32,1,166.56,2010-03-31T00:00:00Z,FALSE,-1
1307,75,78,2,760.83,2010-03-31T00:00:00Z,FALSE,-1
1308,88,38,1,924.9,2010-03-31T00:00:00Z,FALSE,-1
1309,47,28,1,214.61,2010-04-01T00:00:00Z,TRUE,1
1310,61,1,2,455.68,2010-04-01T00:00:00Z,FALSE,-1
1311,70,9,3,725.68,2010-04-01T00:00:00Z,FALSE,-1
1312,68,34,3,829.81,2010-04-01T00:00:00Z,FALSE,-1
1313,7,66,1,597.94,2010-04-01T00:00:00Z,FALSE,-1
1314,94,40,1,619.16,2010-04-01T00:00:00Z,FALSE,-1
1315,24,26,1,371.7,2010-04-01T00:00:00Z,FALSE,-1
1316,64,15,1,855.23,2010-04-01T00:00:00Z,FALSE,-1
1317,95,10,2,601.52,2010-04-01T00:00:00Z,FALSE,-1
1318,78,21,1,836.56,2010-04-01T00:00:00Z,FALSE,-1
1319,82,99,1,802.62,2010-04-01T00:00:00Z,FALSE,-1
1320,21,81,1,378.83,2010-04-01T00:00:00Z,FALSE,-1
1321,97,48,3,143.59,2010-04-01T00:00:00Z,FALSE,-1
1322,85,95,3,490.05,2010-04-01T00:00:00Z,FALSE,-1
1323,96,88,3,116.67,2010-04-01T00:00:00Z,FALSE,-1
1324,87,45,4,190.37,2010-04-01T00:00:00Z,FALSE,-1
1325,97,36,1,423.61,2010-04-01T00:00:00Z,FALSE,-1
1326,93,91,4,384.99,2010-04-01T00:00:00Z,FALSE,-1
1327,23,20,3,167.28,2010-04-01T00:00:00Z,FALSE,-1
1328,59,62,1,234.08,2010-04-02T00:00:00Z,TRUE,0
1329,99,41,1,279.58,2010-04-02T00:00:00Z,FALSE,-1
1330,16,50,3,888.68,2010-04-02T00:00:00Z,FALSE,-1
1331,97,36,1,236.33,2010-04-02T00:00:00Z,FALSE,-1
1332,98,67,3,537.66,2010-04-02T00:00:00Z,FALSE,-1
1333,22,99,1,220.07,2010-04-02T00:00:00Z,FALSE,-1
1334,9,70,3,1005.58,2010-04-02T00:00:00Z,FALSE,-1
1335,69,17,2,336.59,2010-04-02T00:00:00Z,FALSE,-1
1336,80,12,1,494.31,2010-04-02T00:00:00Z,FALSE,-1
1337,67,35,1,175.92,2010-04-02T00:00:00Z,FALSE,-1
1338,95,43,1,389.71,2010-04-02T00:00:00Z,FALSE,-1
1339,13,26,3,194.73,2010-04-03T00:00:00Z,FALSE,-1
1340,19,7,3,1007.59,2010-04-03T00:00:00Z,FALSE,-1
1341,53,32,3,209.63,2010-04-03T00:00:00Z,FALSE,-1
1342,99,41,1,576.35,2010-04-03T00:00:00Z,FALSE,-1
1343,94,44,1,911.52,2010-04-03T00:00:00Z,FALSE,-1
1344,32,27,3,744.76,2010-04-03T00:00:00Z,FALSE,-1
1345,92,39,1,101.93,2010-04-03T00:00:00Z,FALSE,-1
1346,18,99,3,327.53,2010-04-03T00:00:00Z,FALSE,-1
1347,63,31,3,218.35,2010-04-03T00:00:00Z,FALSE,-1
1348,92,30,3,996.26,2010-04-03T00:00:00Z,FALSE,-1
1349,12,97,1,1009.24,2010-04-03T00:00:00Z,FALSE,-1
1350,62,5,3,959.37,2010-04-03T00:00:00Z,FALSE,-1
1351,90,50,1,810.5,2010-04-03T00:00:00Z,FALSE,-1
1352,87,95,3,798.99,2010-04-03T00:00:00Z,FALSE,-1
1353,13,26,3,126.64,2010-04-03T00:00:00Z,FALSE,-1
1354,91,62,1,466.42,2010-04-03T00:00:00Z,FALSE,-1
1355,89,37,2,254.18,2010-04-04T00:00:00Z,FALSE,-1
1356,77,34,3,443.96,2010-04-04T00:00:00Z,FALSE,-1
1357,4,92,2,463.85,2010-04-04T00:00:00Z,FALSE,-1
1358,3,87,3,708.66,2010-04-04T00:00:00Z,FALSE,-1
1359,94,53,3,591.3,2010-04-04T00:00:00Z,FALSE,-1
1360,20,55,1,538.17,2010-04-04T00:00:00Z,FALSE,-1
1361,56,25,4,596.91,2010-04-04T00:00:00Z,FALSE,-1
1362,55,0,1,903.18,2010-04-04T00:00:00Z,FALSE,-1
1363,56,20,1,665.82,2010-04-04T00:00:00Z,FALSE,-1
1364,10,78,3,867.51,2010-04-04T00:00:00Z,FALSE,-1
1365,17,69,3,716.91,2010-04-04T00:00:00Z,FALSE,-1
1366,98,38,3,704.64,2010-04-04T00:00:00Z,FALSE,-1
1367,85,47,4,118.29,2010-04-04T00:00:00Z,FALSE,-1
1368,76,61,1,688.09,2010-04-05T00:00:00Z,FALSE,-1
1369,59,7,2,278.41,2010-04-05T00:00:00Z,FALSE,-1
1370,71,29,1,909.91,2010-04-05T00:00:00Z,FALSE,-1
1371,83,94,3,626.9,2010-04-05T00:00:00Z,FALSE,-1
1372,79,17,3,867.85,2010-04-05T00:00:00Z,FALSE,-1
1373,68,34,1,138.52,2010-04-05T00:00:00Z,FALSE,-1
1374,73,3,4,423.03,2010-04-06T00:00:00Z,FALSE,-1
1375,2,50,3,874.09,2010-04-06T00:00:00Z,FALSE,-1
1376,66,7,3,131.65,2010-04-06T00:00:00Z,FALSE,-1
1377,63,33,3,194.64,2010-04-06T00:00:00Z,FALSE,-1
1378,50,2,3,181.52,2010-04-06T00:00:00Z,FALSE,-1
1379,40,28,1,636.89,2010-04-06T00:00:00Z,FALSE,-1
1380,63,33,3,922.95,2010-04-06T00:00:00Z,FALSE,-1
1381,15,22,3,753.88,2010-04-06T00:00:00Z,FALSE,-1
1382,11,98,2,128.3,2010-04-06T00:00:00Z,FALSE,-1
1383,71,29,1,356.17,2010-04-06T00:00:00Z,FALSE,-1
1384,86,49,1,195.16,2010-04-06T00:00:00Z,FALSE,-1
1385,51,30,4,240.31,2010-04-06T00:00:00Z,FALSE,-1
1386,95,42,3,421.24,2010-04-06T00:00:00Z,FALSE,-1
1387,95,37,3,987.09,2010-04-06T00:00:00Z,FALSE,-1
1388,72,39,2,812.2,2010-04-06T00:00:00Z,FALSE,-1
1389,86,82,3,822.61,2010-04-06T00:00:00Z,FALSE,-1
1390,74,11,1,342.87,2010-04-06T00:00:00Z,FALSE,-1
1391,8,73,1,960.77,2010-04-06T00:00:00Z,FALSE,-1
1392,81,54,2,955.5,2010-04-06T00:00:00Z,FALSE,-1
1393,52,35,1,654.51,2010-04-06T00:00:00Z,FALSE,-1
1394,60,17,1,371.53,2010-04-06T00:00:00Z,FALSE,-1
1395,14,55,3,534.32,2010-04-07T00:00:00Z,FALSE,-1
1396,53,32,1,962.27,2010-04-07T00:00:00Z,FALSE,-1
1397,88,77,1,781.86,2010-04-07T00:00:00Z,FALSE,-1
1398,58,2,3,595.05,2010-04-07T00:00:00Z,FALSE,-1
1399,0,55,3,960.31,2010-04-07T00:00:00Z,FALSE,-1
1400,5,87,3,832.27,2010-04-07T00:00:00Z,FALSE,-1
1401,54,28,1,512.79,2010-04-07T00:00:00Z,FALSE,-1
1402,65,24,2,805.61,2010-04-07T00:00:00Z,FALSE,-1
1403,51,30,2,256.05,2010-04-07T00:00:00Z,FALSE,-1
1404,1,49,3,155.83,2010-04-07T00:00:00Z,FALSE,-1
1405,99,46,1,917.26,2010-04-07T00:00:00Z,FALSE,-1
1406,75,11,1,168.83,2010-04-07T00:00:00Z,FALSE,-1
1407,57,8,1,690.74,2010-04-07T00:00:00Z,FALSE,-1
1408,67,35,1,829.33,2010-04-07T00:00:00Z,FALSE,-1
1409,6,93,2,320.3,2010-04-07T00:00:00Z,FALSE,-1
1410,84,75,3,198.74,2010-04-07T00:00:00Z,FALSE,-1
1411,91,45,1,447.07,2010-04-08T00:00:00Z,FALSE,-1
1412,93,90,3,102.84,2010-04-08T00:00:00Z,FALSE,-1
1413,24,90,2,185.95,2010-04-08T00:00:00Z,FALSE,-1
1414,96,95,3,798.5,2010-04-08T00:00:00Z,FALSE,-1
1415,7,79,1,447.57,2010-04-08T00:00:00Z,FALSE,-1
1416,23,98,1,567.92,2010-04-08T00:00:00Z,FALSE,-1
1417,99,48,2,139.3,2010-04-08T00:00:00Z,FALSE,-1
1418,64,15,3,180.12,2010-04-08T00:00:00Z,FALSE,-1
1419,98,40,3,679.39,2010-04-08T00:00:00Z,FALSE,-1
1420,68,34,3,674.79,2010-04-08T00:00:00Z,FALSE,-1
1421,98,36,2,915.03,2010-04-08T00:00:00Z,FALSE,-1
1422,70,9,3,225.47,2010-04-08T00:00:00Z,FALSE,-1
1423,82,97,2,391.52,2010-04-08T00:00:00Z,FALSE,-1
1424,95,37,3,165.82,2010-04-08T00:00:00Z,FALSE,-1
1425,85,47,4,367.76,2010-04-08T00:00:00Z,FALSE,-1
1426,78,72,1,481.13,2010-04-08T00:00:00Z,FALSE,-1
1427,21,92,3,732.24,2010-04-08T00:00:00Z,FALSE,-1
1428,61,1,2,816.05,2010-04-08T00:00:00Z,FALSE,-1
1429,33,43,1,218.07,2010-04-09T00:00:00Z,FALSE,-1
1430,16,44,3,298.72,2010-04-09T00:00:00Z,FALSE,-1
1431,22,74,1,116.8,2010-04-09T00:00:00Z,FALSE,-1
1432,69,17,1,168.97,2010-04-09T00:00:00Z,FALSE,-1
1433,97,99,1,335.74,2010-04-09T00:00:00Z,FALSE,-1
1434,9,77,1,841.89,2010-04-09T00:00:00Z,FALSE,-1
1435,98,83,1,170.02,2010-04-09T00:00:00Z,FALSE,-1
1436,10,41,3,940.62,2010-04-09T00:00:00Z,FALSE,-1
1437,28,35,3,302.14,2010-04-09T00:00:00Z,FALSE,-1
1438,80,97,1,838.14,2010-04-09T00:00:00Z,FALSE,-1
1439,54,62,1,234.08,2010-04-09T00:00:00Z,TRUE,0
1440,44,27,2,454.39,2010-04-10T00:00:00Z,FALSE,-1
1441,92,5,2,804.02,2010-04-10T00:00:00Z,FALSE,-1
1442,18,46,2,846.69,2010-04-10T00:00:00Z,FALSE,-1
1443,12,11,3,801.5,2010-04-10T00:00:00Z,FALSE,-1
1444,16,44,3,336.34,2010-04-10T00:00:00Z,FALSE,-1
1445,24,26,1,272.02,2010-04-10T00:00:00Z,FALSE,-1
1446,91,45,1,986.84,2010-04-10T00:00:00Z,FALSE,-1
1447,99,52,3,385.11,2010-04-10T00:00:00Z,FALSE,-1
1448,90,7,3,425.49,2010-04-10T00:00:00Z,FALSE,-1
1449,13,97,3,233.26,2010-04-10T00:00:00Z,FALSE,-1
1450,62,5,3,206.84,2010-04-10T00:00:00Z,FALSE,-1
1451,87,31,3,739.58,2010-04-10T00:00:00Z,FALSE,-1
1452,19,99,1,445.26,2010-04-10T00:00:00Z,FALSE,-1
1453,44,28,1,214.61,2010-04-10T00:00:00Z,TRUE,1
1454,53,32,2,722.22,2010-04-10T00:00:00Z,FALSE,-1
1455,29,39,1,198.35,2010-04-10T00:00:00Z,FALSE,-1
1456,87,72,1,663.45,2010-04-10T00:00:00Z,FALSE,-1
1457,55,0,3,194.14,2010-04-11T00:00:00Z,FALSE,-1
1458,94,57,4,560.34,2010-04-11T00:00:00Z,FALSE,-1
1459,9,38,3,891.03,2010-04-11T00:00:00Z,FALSE,-1
1460,89,94,1,651.58,2010-04-11T00:00:00Z,FALSE,-1
1461,17,42,1,616.58,2010-04-11T00:00:00Z,FALSE,-1
1462,10,70,3,252.18,2010-04-11T00:00:00Z,FALSE,-1
1463,3,73,3,114.21,2010-04-11T00:00:00Z,FALSE,-1
1464,56,20,1,189.63,2010-04-11T00:00:00Z,FALSE,-1
1465,77,47,3,316.89,2010-04-11T00:00:00Z,FALSE,-1
1466,75,25,1,553.98,2010-04-11T00:00:00Z,FALSE,-1
1467,4,89,1,166.8,2010-04-11T00:00:00Z,FALSE,-1
1468,20,29,3,958.61,2010-04-11T00:00:00Z,FALSE,-1
1469,97,47,1,114.19,2010-04-11T00:00:00Z,FALSE,-1
1470,83,13,1,860.86,2010-04-12T00:00:00Z,FALSE,-1
1471,71,29,3,518.77,2010-04-12T00:00:00Z,FALSE,-1
1472,76,80,2,258.49,2010-04-12T00:00:00Z,FALSE,-1
1473,13,34,1,250.51,2010-04-12T00:00:00Z,FALSE,-1
1474,59,7,1,673.93,2010-04-12T00:00:00Z,FALSE,-1
1475,79,88,3,390.36,2010-04-12T00:00:00Z,FALSE,-1
1476,52,35,2,533.98,2010-04-13T00:00:00Z,FALSE,-1
1477,72,39,2,912.7,2010-04-13T00:00:00Z,FALSE,-1
1478,5,33,2,589.74,2010-04-13T00:00:00Z,FALSE,-1
1479,74,11,1,557.38,2010-04-13T00:00:00Z,FALSE,-1
1480,60,17,3,125.59,2010-04-13T00:00:00Z,FALSE,-1
1481,17,42,1,444.31,2010-04-13T00:00:00Z,FALSE,-1
1482,11,46,4,447.49,2010-04-13T00:00:00Z,FALSE,-1
1483,93,49,3,588.48,2010-04-13T00:00:00Z,FALSE,-1
1484,6,30,1,375.37,2010-04-13T00:00:00Z,FALSE,-1
1485,81,59,1,117.88,2010-04-13T00:00:00Z,FALSE,-1
1486,86,94,1,352.22,2010-04-13T00:00:00Z,FALSE,-1
1487,50,2,3,323.71,2010-04-13T00:00:00Z,FALSE,-1
1488,63,33,3,634.7,2010-04-13T00:00:00Z,FALSE,-1
1489,23,37,1,820.1,2010-04-13T00:00:00Z,FALSE,-1
1490,15,24,2,351.07,2010-04-13T00:00:00Z,FALSE,-1
1491,66,7,3,379.3,2010-04-13T00:00:00Z,FALSE,-1
1492,8,57,3,969.17,2010-04-13T00:00:00Z,FALSE,-1
1493,2,86,2,593,2010-04-13T00:00:00Z,FALSE,-1
1494,42,28,2,105.36,2010-04-13T00:00:00Z,FALSE,-1
1495,20,29,3,904.8,2010-04-13T00:00:00Z,FALSE,-1
1496,73,3,3,527.32,2010-04-13T00:00:00Z,FALSE,-1
1497,5,33,2,588.8,2010-04-14T00:00:00Z,FALSE,-1
1498,75,96,3,357.08,2010-04-14T00:00:00Z,FALSE,-1
1499,57,8,3,175.12,2010-04-14T00:00:00Z,FALSE,-1
1500,54,28,1,346.29,2010-04-14T00:00:00Z,FALSE,-1
1501,51,30,4,631.36,2010-04-14T00:00:00Z,FALSE,-1
1502,1,97,3,857.72,2010-04-14T00:00:00Z,FALSE,-1
1503,15,32,2,435.4,2010-04-14T00:00:00Z,FALSE,-1
1504,6,30,1,216.46,2010-04-14T00:00:00Z,FALSE,-1
1505,0,27,3,611.88,2010-04-14T00:00:00Z,FALSE,-1
1506,67,35,1,836.29,2010-04-14T00:00:00Z,FALSE,-1
1507,84,99,3,918.25,2010-04-14T00:00:00Z,FALSE,-1
1508,11,46,4,780.74,2010-04-14T00:00:00Z,FALSE,-1
1509,14,48,2,1017.08,2010-04-14T00:00:00Z,FALSE,-1
1510,88,26,1,151.42,2010-04-14T00:00:00Z,FALSE,-1
1511,65,24,3,562.2,2010-04-14T00:00:00Z,FALSE,-1
1512,58,2,2,625.47,2010-04-14T00:00:00Z,FALSE,-1
1513,7,22,2,984.44,2010-04-15T00:00:00Z,FALSE,-1
1514,24,65,1,573.64,2010-04-15T00:00:00Z,FALSE,-1
1515,96,4,1,387.36,2010-04-15T00:00:00Z,FALSE,-1
1516,82,8,3,417.66,2010-04-15T00:00:00Z,FALSE,-1
1517,93,9,1,184.05,2010-04-15T00:00:00Z,FALSE,-1
1518,68,34,2,680.37,2010-04-15T00:00:00Z,FALSE,-1
1519,30,36,1,848.34,2010-04-15T00:00:00Z,FALSE,-1
1520,21,40,2,656.9,2010-04-15T00:00:00Z,FALSE,-1
1521,85,66,1,202.38,2010-04-15T00:00:00Z,FALSE,-1
1522,78,92,1,716.36,2010-04-15T00:00:00Z,FALSE,-1
1523,21,40,2,748.19,2010-04-15T00:00:00Z,FALSE,-1
1524,95,66,2,743.79,2010-04-15T00:00:00Z,FALSE,-1
1525,61,1,2,981.59,2010-04-15T00:00:00Z,FALSE,-1
1526,23,50,3,127.1,2010-04-15T00:00:00Z,FALSE,-1
1527,38,45,1,167.14,2010-04-15T00:00:00Z,FALSE,-1
1528,14,48,2,245.5,2010-04-15T00:00:00Z,FALSE,-1
1529,64,15,1,158.51,2010-04-15T00:00:00Z,FALSE,-1
1530,70,9,1,686.14,2010-04-15T00:00:00Z,FALSE,-1
1531,69,17,2,588.1,2010-04-16T00:00:00Z,FALSE,-1
1532,98,82,1,425.1,2010-04-16T00:00:00Z,FALSE,-1
1533,42,41,2,466.69,2010-04-16T00:00:00Z,FALSE,-1
1534,9,38,3,662.14,2010-04-16T00:00:00Z,FALSE,-1
1535,22,62,1,882.21,2010-04-16T00:00:00Z,FALSE,-1
1536,16,83,1,302.96,2010-04-16T00:00:00Z,FALSE,-1
1537,80,56,2,474.86,2010-04-16T00:00:00Z,FALSE,-1
1538,44,43,3,600.19,2010-04-16T00:00:00Z,FALSE,-1
1539,39,35,1,623.05,2010-04-16T00:00:00Z,FALSE,-1
1540,97,59,1,832.94,2010-04-16T00:00:00Z,FALSE,-1
1541,58,62,3,234.08,2010-04-16T00:00:00Z,TRUE,0
1542,49,31,1,903.22,2010-04-17T00:00:00Z,FALSE,-1
1543,92,85,1,688.98,2010-04-17T00:00:00Z,FALSE,-1
1544,19,97,3,445.52,2010-04-17T00:00:00Z,FALSE,-1
1545,13,95,3,907.28,2010-04-17T00:00:00Z,FALSE,-1
1546,12,57,3,837.64,2010-04-17T00:00:00Z,FALSE,-1
1547,62,5,3,325.76,2010-04-17T00:00:00Z,FALSE,-1
1548,21,44,1,241.84,2010-04-17T00:00:00Z,FALSE,-1
1549,87,79,3,598.1,2010-04-17T00:00:00Z,FALSE,-1
1550,90,82,3,943.63,2010-04-17T00:00:00Z,FALSE,-1
1551,99,84,2,116.23,2010-04-17T00:00:00Z,FALSE,-1
1552,36,26,1,900.14,2010-04-17T00:00:00Z,FALSE,-1
1553,91,84,1,912.5,2010-04-17T00:00:00Z,FALSE,-1
1554,18,96,1,628.82,2010-04-17T00:00:00Z,FALSE,-1
1555,53,32,3,748.43,2010-04-17T00:00:00Z,FALSE,-1
1556,55,39,1,313.77,2010-04-17T00:00:00Z,FALSE,-1
1557,45,27,3,710.29,2010-04-17T00:00:00Z,FALSE,-1
1558,3,47,1,933.08,2010-04-18T00:00:00Z,FALSE,-1
1559,81,25,3,967.37,2010-04-18T00:00:00Z,FALSE,-1
1560,55,0,1,471.63,2010-04-18T00:00:00Z,FALSE,-1
1561,17,70,1,713.18,2010-04-18T00:00:00Z,FALSE,-1
1562,20,92,1,563.28,2010-04-18T00:00:00Z,FALSE,-1
1563,46,38,1,998.32,2010-04-18T00:00:00Z,FALSE,-1
1564,89,86,3,352.27,2010-04-18T00:00:00Z,FALSE,-1
1565,94,30,2,313.12,2010-04-18T00:00:00Z,FALSE,-1
1566,56,20,1,489.06,2010-04-18T00:00:00Z,FALSE,-1
1567,98,47,1,312.83,2010-04-18T00:00:00Z,FALSE,-1
1568,10,41,3,1021.53,2010-04-18T00:00:00Z,FALSE,-1
1569,77,72,2,251.37,2010-04-18T00:00:00Z,FALSE,-1
1570,4,24,3,183.45,2010-04-18T00:00:00Z,FALSE,-1
1571,79,92,1,194.24,2010-04-19T00:00:00Z,FALSE,-1
1572,42,28,2,214.61,2010-04-19T00:00:00Z,TRUE,1
1573,83,88,2,308.25,2010-04-19T00:00:00Z,FALSE,-1
1574,29,34,1,550.71,2010-04-19T00:00:00Z,FALSE,-1
1575,71,29,3,814.52,2010-04-19T00:00:00Z,FALSE,-1
1576,76,74,3,847.13,2010-04-19T00:00:00Z,FALSE,-1
1577,59,7,3,867.98,2010-04-19T00:00:00Z,FALSE,-1
1578,73,3,1,803.55,2010-04-20T00:00:00Z,FALSE,-1
1579,81,63,3,136.88,2010-04-20T00:00:00Z,FALSE,-1
1580,8,66,3,382.31,2010-04-20T00:00:00Z,FALSE,-1
1581,66,7,2,535.21,2010-04-20T00:00:00Z,FALSE,-1
1582,63,33,3,559.43,2010-04-20T00:00:00Z,FALSE,-1
1583,50,2,3,832.44,2010-04-20T00:00:00Z,FALSE,-1
1584,44,28,1,163.98,2010-04-20T00:00:00Z,FALSE,-1
1585,25,29,2,352.13,2010-04-20T00:00:00Z,FALSE,-1
1586,11,74,2,433.24,2010-04-20T00:00:00Z,FALSE,-1
1587,52,35,1,802.22,2010-04-20T00:00:00Z,FALSE,-1
1588,40,37,3,541.02,2010-04-20T00:00:00Z,FALSE,-1
1589,41,42,1,579.17,2010-04-20T00:00:00Z,FALSE,-1
1590,15,64,1,377.34,2010-04-20T00:00:00Z,FALSE,-1
1591,60,17,3,584.95,2010-04-20T00:00:00Z,FALSE,-1
1592,94,49,2,782.49,2010-04-20T00:00:00Z,FALSE,-1
1593,2,58,3,186.41,2010-04-20T00:00:00Z,FALSE,-1
1594,86,56,2,433.28,2010-04-20T00:00:00Z,FALSE,-1
1595,74,11,1,241.81,2010-04-20T00:00:00Z,FALSE,-1
1596,44,33,1,885.31,2010-04-20T00:00:00Z,FALSE,-1
1597,72,39,2,298.95,2010-04-20T00:00:00Z,FALSE,-1
1598,14,30,1,558.54,2010-04-20T00:00:00Z,FALSE,-1
1599,0,55,3,515.72,2010-04-21T00:00:00Z,FALSE,-1
1600,1,61,1,497.46,2010-04-21T00:00:00Z,FALSE,-1
1601,18,46,2,756.01,2010-04-21T00:00:00Z,FALSE,-1
1602,5,62,2,881.89,2010-04-21T00:00:00Z,FALSE,-1
1603,65,24,4,894.3,2010-04-21T00:00:00Z,FALSE,-1
1604,6,94,3,674.26,2010-04-21T00:00:00Z,FALSE,-1
1605,84,19,3,496.85,2010-04-21T00:00:00Z,FALSE,-1
1606,88,17,2,854.34,2010-04-21T00:00:00Z,FALSE,-1
1607,58,2,1,762.82,2010-04-21T00:00:00Z,FALSE,-1
1608,51,30,3,429.09,2010-04-21T00:00:00Z,FALSE,-1
1609,14,20,1,170.83,2010-04-21T00:00:00Z,FALSE,-1
1610,67,35,3,900.65,2010-04-21T00:00:00Z,FALSE,-1
1611,54,28,3,353.87,2010-04-21T00:00:00Z,FALSE,-1
1612,66,32,3,958.93,2010-04-21T00:00:00Z,FALSE,-1
1613,57,8,1,373.68,2010-04-21T00:00:00Z,FALSE,-1
1614,75,65,1,356.82,2010-04-21T00:00:00Z,FALSE,-1
1615,24,91,2,976.46,2010-04-22T00:00:00Z,FALSE,-1
1616,21,44,1,204.41,2010-04-22T00:00:00Z,FALSE,-1
1617,64,15,1,116.99,2010-04-22T00:00:00Z,FALSE,-1
1618,82,47,3,406.63,2010-04-22T00:00:00Z,FALSE,-1
1619,61,1,2,208.88,2010-04-22T00:00:00Z,FALSE,-1
1620,85,80,2,176.73,2010-04-22T00:00:00Z,FALSE,-1
1621,40,45,1,358.26,2010-04-22T00:00:00Z,FALSE,-1
1622,7,59,3,656.4,2010-04-22T00:00:00Z,FALSE,-1
1623,96,21,4,106.5,2010-04-22T00:00:00Z,FALSE,-1
1624,95,42,3,816.58,2010-04-22T00:00:00Z,FALSE,-1
1625,55,40,1,344.19,2010-04-22T00:00:00Z,FALSE,-1
1626,69,48,1,456.35,2010-04-22T00:00:00Z,FALSE,-1
1627,70,9,3,759.69,2010-04-22T00:00:00Z,FALSE,-1
1628,23,17,2,875.85,2010-04-22T00:00:00Z,FALSE,-1
1629,42,36,3,826.5,2010-04-22T00:00:00Z,FALSE,-1
1630,93,23,3,427.44,2010-04-22T00:00:00Z,FALSE,-1
1631,68,34,2,646.44,2010-04-22T00:00:00Z,FALSE,-1
1632,78,62,1,915.96,2010-04-22T00:00:00Z,FALSE,-1
1633,59,35,2,113.68,2010-04-23T00:00:00Z,FALSE,-1
1634,69,17,3,416.72,2010-04-23T00:00:00Z,FALSE,-1
1635,52,41,2,386.32,2010-04-23T00:00:00Z,FALSE,-1
1636,16,98,3,575.95,2010-04-23T00:00:00Z,FALSE,-1
1637,60,43,1,103.1,2010-04-23T00:00:00Z,FALSE,-1
1638,80,69,1,316.44,2010-04-23T00:00:00Z,FALSE,-1
1639,9,23,1,272.57,2010-04-23T00:00:00Z,FALSE,-1
1640,98,54,1,403.05,2010-04-23T00:00:00Z,FALSE,-1
1641,97,54,1,111.8,2010-04-23T00:00:00Z,FALSE,-1
1642,51,62,3,234.08,2010-04-23T00:00:00Z,TRUE,0
1643,22,56,2,351,2010-04-23T00:00:00Z,FALSE,-1
1644,76,44,3,520.03,2010-04-24T00:00:00Z,FALSE,-1
1645,92,95,3,414.89,2010-04-24T00:00:00Z,FALSE,-1
1646,90,2,1,502.01,2010-04-24T00:00:00Z,FALSE,-1
1647,19,28,1,759.07,2010-04-24T00:00:00Z,FALSE,-1
1648,53,32,3,950.45,2010-04-24T00:00:00Z,FALSE,-1
1649,62,5,3,415.35,2010-04-24T00:00:00Z,FALSE,-1
1650,70,39,1,516.34,2010-04-24T00:00:00Z,FALSE,-1
1651,87,98,3,395.46,2010-04-24T00:00:00Z,FALSE,-1
1652,18,91,1,249.3,2010-04-24T00:00:00Z,FALSE,-1
1653,91,54,2,612.93,2010-04-24T00:00:00Z,FALSE,-1
1654,54,31,1,659.15,2010-04-24T00:00:00Z,FALSE,-1
1655,99,55,4,512.2,2010-04-24T00:00:00Z,FALSE,-1
1656,93,27,2,922.28,2010-04-24T00:00:00Z,FALSE,-1
1657,62,26,3,714.56,2010-04-24T00:00:00Z,FALSE,-1
1658,12,6,2,108.42,2010-04-24T00:00:00Z,FALSE,-1
1659,13,34,1,404.11,2010-04-24T00:00:00Z,FALSE,-1
1660,55,0,1,142.37,2010-04-25T00:00:00Z,FALSE,-1
1661,20,64,1,775.87,2010-04-25T00:00:00Z,FALSE,-1
1662,89,96,1,396.98,2010-04-25T00:00:00Z,FALSE,-1
1663,10,91,1,672.35,2010-04-25T00:00:00Z,FALSE,-1
1664,3,87,3,337.49,2010-04-25T00:00:00Z,FALSE,-1
1665,56,20,3,274.47,2010-04-25T00:00:00Z,FALSE,-1
1666,83,38,1,859.3,2010-04-25T00:00:00Z,FALSE,-1
1667,77,29,3,839.41,2010-04-25T00:00:00Z,FALSE,-1
1668,4,92,2,261.03,2010-04-25T00:00:00Z,FALSE,-1
1669,94,25,1,435.71,2010-04-25T00:00:00Z,FALSE,-1
1670,17,77,1,844.73,2010-04-25T00:00:00Z,FALSE,-1
1671,94,67,4,431.57,2010-04-25T00:00:00Z,FALSE,-1
1672,3,47,1,777.64,2010-04-25T00:00:00Z,FALSE,-1
1673,79,86,3,310.53,2010-04-26T00:00:00Z,FALSE,-1
1674,83,96,1,210.99,2010-04-26T00:00:00Z,FALSE,-1
1675,71,29,2,942.28,2010-04-26T00:00:00Z,FALSE,-1
1676,59,7,1,168.92,2010-04-26T00:00:00Z,FALSE,-1
1677,36,34,1,868.81,2010-04-26T00:00:00Z,FALSE,-1
1678,76,69,1,247.27,2010-04-26T00:00:00Z,FALSE,-1
1679,72,39,2,649.98,2010-04-27T00:00:00Z,FALSE,-1
1680,1,49,3,913.33,2010-04-27T00:00:00Z,FALSE,-1
1681,15,32,2,539.5,2010-04-27T00:00:00Z,FALSE,-1
1682,69,42,2,149.14,2010-04-27T00:00:00Z,FALSE,-1
1683,44,30,3,304.51,2010-04-27T00:00:00Z,FALSE,-1
1684,74,11,1,911.71,2010-04-27T00:00:00Z,FALSE,-1
1685,52,35,1,567.46,2010-04-27T00:00:00Z,FALSE,-1
1686,63,33,1,381.39,2010-04-27T00:00:00Z,FALSE,-1
1687,11,86,3,214.72,2010-04-27T00:00:00Z,FALSE,-1
1688,50,2,3,349.51,2010-04-27T00:00:00Z,FALSE,-1
1689,2,50,3,727,2010-04-27T00:00:00Z,FALSE,-1
1690,73,3,3,496.84,2010-04-27T00:00:00Z,FALSE,-1
1691,86,44,2,526.73,2010-04-27T00:00:00Z,FALSE,-1
1692,81,8,2,619.1,2010-04-27T00:00:00Z,FALSE,-1
1693,60,17,1,227.56,2010-04-27T00:00:00Z,FALSE,-1
1694,35,29,3,636.45,2010-04-27T00:00:00Z,FALSE,-1
1695,80,37,3,164.81,2010-04-27T00:00:00Z,FALSE,-1
1696,45,28,2,860.47,2010-04-27T00:00:00Z,FALSE,-1
1697,66,7,3,437.41,2010-04-27T00:00:00Z,FALSE,-1
1698,8,61,1,677.68,2010-04-27T00:00:00Z,FALSE,-1
1699,58,33,1,669.96,2010-04-27T00:00:00Z,FALSE,-1
1700,58,2,1,901.6,2010-04-28T00:00:00Z,FALSE,-1
1701,6,25,4,680.06,2010-04-28T00:00:00Z,FALSE,-1
1702,54,28,1,905.52,2010-04-28T00:00:00Z,FALSE,-1
1703,67,35,1,346.53,2010-04-28T00:00:00Z,FALSE,-1
1704,26,28,3,214.61,2010-04-28T00:00:00Z,TRUE,1
1705,76,32,3,330.67,2010-04-28T00:00:00Z,FALSE,-1
1706,62,46,3,715.21,2010-04-28T00:00:00Z,FALSE,-1
1707,75,73,3,186.53,2010-04-28T00:00:00Z,FALSE,-1
1708,5,87,3,534.21,2010-04-28T00:00:00Z,FALSE,-1
1709,88,89,3,841.21,2010-04-28T00:00:00Z,FALSE,-1
1710,84,89,4,754.74,2010-04-28T00:00:00Z,FALSE,-1
1711,1,49,3,134.44,2010-04-28T00:00:00Z,FALSE,-1
1712,0,27,3,231.32,2010-04-28T00:00:00Z,FALSE,-1
1713,57,8,1,810.01,2010-04-28T00:00:00Z,FALSE,-1
1714,51,30,3,179.4,2010-04-28T00:00:00Z,FALSE,-1
1715,14,30,1,196.25,2010-04-28T00:00:00Z,FALSE,-1
1716,65,24,1,242.49,2010-04-28T00:00:00Z,FALSE,-1
1717,82,75,2,130.07,2010-04-29T00:00:00Z,FALSE,-1
1718,61,1,2,190.83,2010-04-29T00:00:00Z,FALSE,-1
1719,74,48,2,438.63,2010-04-29T00:00:00Z,FALSE,-1
1720,7,66,1,583.47,2010-04-29T00:00:00Z,FALSE,-1
1721,78,45,1,942.73,2010-04-29T00:00:00Z,FALSE,-1
1722,96,38,3,760.72,2010-04-29T00:00:00Z,FALSE,-1
1723,93,95,1,984.59,2010-04-29T00:00:00Z,FALSE,-1
1724,61,40,2,721.74,2010-04-29T00:00:00Z,FALSE,-1
1725,64,15,3,151.52,2010-04-29T00:00:00Z,FALSE,-1
1726,95,82,1,714.29,2010-04-29T00:00:00Z,FALSE,-1
1727,23,79,1,534,2010-04-29T00:00:00Z,FALSE,-1
1728,70,9,4,806.41,2010-04-29T00:00:00Z,FALSE,-1
1729,50,45,3,978.55,2010-04-29T00:00:00Z,FALSE,-1
1730,55,36,3,862.99,2010-04-29T00:00:00Z,FALSE,-1
1731,21,99,2,979.57,2010-04-29T00:00:00Z,FALSE,-1
1732,68,34,1,756.55,2010-04-29T00:00:00Z,FALSE,-1
1733,24,60,1,229.57,2010-04-29T00:00:00Z,FALSE,-1
1734,85,50,2,273.9,2010-04-29T00:00:00Z,FALSE,-1
1735,80,78,2,190.01,2010-04-30T00:00:00Z,FALSE,-1
1736,61,62,3,234.08,2010-04-30T00:00:00Z,TRUE,0
1737,66,43,3,987.61,2010-04-30T00:00:00Z,FALSE,-1
1738,98,64,1,764.81,2010-04-30T00:00:00Z,FALSE,-1
1739,16,61,2,190.83,2010-04-30T00:00:00Z,FALSE,-1
1740,68,41,2,425.84,2010-04-30T00:00:00Z,FALSE,-1
1741,97,79,1,158.43,2010-04-30T00:00:00Z,FALSE,-1
1742,22,92,2,539.3,2010-04-30T00:00:00Z,FALSE,-1
1743,87,35,2,386.38,2010-04-30T00:00:00Z,FALSE,-1
1744,69,17,2,808.74,2010-04-30T00:00:00Z,FALSE,-1
1745,9,70,3,259.48,2010-04-30T00:00:00Z,FALSE,-1
1746,91,95,3,566.66,2010-05-01T00:00:00Z,FALSE,-1
1747,79,44,2,443.44,2010-05-01T00:00:00Z,FALSE,-1
1748,12,5,3,562.94,2010-05-01T00:00:00Z,FALSE,-1
1749,84,95,2,201.63,2010-05-01T00:00:00Z,TRUE,2
1750,58,31,1,477.4,2010-05-01T00:00:00Z,FALSE,-1
1751,90,39,1,663.02,2010-05-01T00:00:00Z,FALSE,-1
1752,88,26,1,638.66,2010-05-01T00:00:00Z,FALSE,-1
1753,13,77,1,380.78,2010-05-01T00:00:00Z,FALSE,-1
1754,97,27,2,540.82,2010-05-01T00:00:00Z,FALSE,-1
1755,72,39,2,490.08,2010-05-01T00:00:00Z,FALSE,-1
1756,18,99,3,499.72,2010-05-01T00:00:00Z,FALSE,-1
1757,92,39,1,795.28,2010-05-01T00:00:00Z,FALSE,-1
1758,87,97,2,300.19,2010-05-01T00:00:00Z,FALSE,-1
1759,19,85,3,403.97,2010-05-01T00:00:00Z,FALSE,-1
1760,62,5,3,320.5,2010-05-01T00:00:00Z,FALSE,-1
1761,53,32,1,162.55,2010-05-01T00:00:00Z,FALSE,-1
1762,99,0,1,461.14,2010-05-01T00:00:00Z,FALSE,-1
1763,10,93,2,458.36,2010-05-02T00:00:00Z,FALSE,-1
1764,3,73,3,495.92,2010-05-02T00:00:00Z,FALSE,-1
1765,99,25,1,870.97,2010-05-02T00:00:00Z,FALSE,-1
1766,56,20,3,251.35,2010-05-02T00:00:00Z,FALSE,-1
1767,88,38,1,145.98,2010-05-02T00:00:00Z,FALSE,-1
1768,89,51,1,438.28,2010-05-02T00:00:00Z,FALSE,-1
1769,20,56,2,896.53,2010-05-02T00:00:00Z,FALSE,-1
1770,94,49,2,426.52,2010-05-02T00:00:00Z,FALSE,-1
1771,17,60,1,351.67,2010-05-02T00:00:00Z,FALSE,-1
1772,4,89,1,137.64,2010-05-02T00:00:00Z,FALSE,-1
1773,55,0,1,342.32,2010-05-02T00:00:00Z,FALSE,-1
1774,77,82,2,548.95,2010-05-02T00:00:00Z,FALSE,-1
1775,15,47,1,657.03,2010-05-02T00:00:00Z,FALSE,-1
1776,77,34,3,470.04,2010-05-03T00:00:00Z,FALSE,-1
1777,59,7,2,841.54,2010-05-03T00:00:00Z,FALSE,-1
1778,71,29,1,135.44,2010-05-03T00:00:00Z,FALSE,-1
1779,76,72,1,183.76,2010-05-03T00:00:00Z,FALSE,-1
1780,79,28,3,788.13,2010-05-03T00:00:00Z,FALSE,-1
1781,83,32,3,926.82,2010-05-03T00:00:00Z,FALSE,-1
1782,2,86,2,735.41,2010-05-04T00:00:00Z,FALSE,-1
1783,73,3,3,683.59,2010-05-04T00:00:00Z,FALSE,-1
1784,86,18,3,708.09,2010-05-04T00:00:00Z,FALSE,-1
1785,52,35,1,680.5,2010-05-04T00:00:00Z,FALSE,-1
1786,15,47,1,536.36,2010-05-04T00:00:00Z,FALSE,-1
1787,70,42,3,360.2,2010-05-04T00:00:00Z,FALSE,-1
1788,63,33,1,853,2010-05-04T00:00:00Z,FALSE,-1
1789,60,17,3,259,2010-05-04T00:00:00Z,FALSE,-1
1790,66,7,3,686.35,2010-05-04T00:00:00Z,FALSE,-1
1791,72,39,2,459.8,2010-05-04T00:00:00Z,FALSE,-1
1792,81,97,3,345.9,2010-05-04T00:00:00Z,FALSE,-1
1793,11,26,3,241.63,2010-05-04T00:00:00Z,FALSE,-1
1794,8,73,1,838.11,2010-05-04T00:00:00Z,FALSE,-1
1795,92,30,3,347.9,2010-05-04T00:00:00Z,FALSE,-1
1796,83,33,1,486.62,2010-05-04T00:00:00Z,FALSE,-1
1797,66,29,1,152.97,2010-05-04T00:00:00Z,FALSE,-1
1798,50,2,1,887.14,2010-05-04T00:00:00Z,FALSE,-1
1799,88,37,2,996.97,2010-05-04T00:00:00Z,FALSE,-1
1800,38,49,1,569.46,2010-05-04T00:00:00Z,FALSE,-1
1801,74,11,1,200.54,2010-05-04T00:00:00Z,FALSE,-1
1802,47,28,1,711.1,2010-05-04T00:00:00Z,FALSE,-1
1803,84,64,2,559.67,2010-05-05T00:00:00Z,FALSE,-1
1804,88,90,1,676.5,2010-05-05T00:00:00Z,FALSE,-1
1805,73,46,2,130.44,2010-05-05T00:00:00Z,FALSE,-1
1806,81,32,1,681.6,2010-05-05T00:00:00Z,FALSE,-1
1807,54,28,1,652.39,2010-05-05T00:00:00Z,FALSE,-1
1808,51,30,2,821.3,2010-05-05T00:00:00Z,FALSE,-1
1809,1,97,3,569.17,2010-05-05T00:00:00Z,FALSE,-1
1810,5,33,2,190.41,2010-05-05T00:00:00Z,FALSE,-1
1811,0,55,3,533.37,2010-05-05T00:00:00Z,FALSE,-1
1812,75,25,1,476.55,2010-05-05T00:00:00Z,FALSE,-1
1813,65,24,1,457.65,2010-05-05T00:00:00Z,FALSE,-1
1814,6,93,2,244.38,2010-05-05T00:00:00Z,FALSE,-1
1815,14,16,4,769.58,2010-05-05T00:00:00Z,FALSE,-1
1816,67,35,3,693.88,2010-05-05T00:00:00Z,FALSE,-1
1817,58,2,3,200.46,2010-05-05T00:00:00Z,FALSE,-1
1818,57,8,1,757.47,2010-05-05T00:00:00Z,FALSE,-1
1819,23,37,1,739.36,2010-05-06T00:00:00Z,FALSE,-1
1820,95,70,3,307.02,2010-05-06T00:00:00Z,FALSE,-1
1821,21,81,1,464.11,2010-05-06T00:00:00Z,FALSE,-1
1822,82,84,3,431.31,2010-05-06T00:00:00Z,FALSE,-1
1823,70,9,1,912.93,2010-05-06T00:00:00Z,FALSE,-1
1824,7,79,1,381.96,2010-05-06T00:00:00Z,FALSE,-1
1825,64,40,1,409.76,2010-05-06T00:00:00Z,FALSE,-1
1826,54,45,2,555.79,2010-05-06T00:00:00Z,FALSE,-1
1827,91,48,1,865.27,2010-05-06T00:00:00Z,FALSE,-1
1828,79,36,1,120.26,2010-05-06T00:00:00Z,FALSE,-1
1829,78,83,3,604.07,2010-05-06T00:00:00Z,FALSE,-1
1830,64,15,1,494.74,2010-05-06T00:00:00Z,FALSE,-1
1831,96,85,2,148.58,2010-05-06T00:00:00Z,FALSE,-1
1832,93,71,2,411.12,2010-05-06T00:00:00Z,FALSE,-1
1833,68,34,3,691.36,2010-05-06T00:00:00Z,FALSE,-1
1834,61,1,3,136.43,2010-05-06T00:00:00Z,FALSE,-1
1835,85,78,3,263.43,2010-05-06T00:00:00Z,FALSE,-1
1836,24,69,3,642.14,2010-05-06T00:00:00Z,FALSE,-1
1837,9,77,1,346.2,2010-05-07T00:00:00Z,FALSE,-1
1838,69,17,3,395.08,2010-05-07T00:00:00Z,FALSE,-1
1839,67,43,3,162.19,2010-05-07T00:00:00Z,FALSE,-1
1840,95,35,1,372.9,2010-05-07T00:00:00Z,FALSE,-1
1841,98,41,1,753.73,2010-05-07T00:00:00Z,FALSE,-1
1842,72,62,1,234.08,2010-05-07T00:00:00Z,TRUE,0
1843,32,28,1,214.61,2010-05-07T00:00:00Z,TRUE,1
1844,16,50,3,496.43,2010-05-07T00:00:00Z,FALSE,-1
1845,22,99,1,181.72,2010-05-07T00:00:00Z,FALSE,-1
1846,97,76,2,609.02,2010-05-07T00:00:00Z,FALSE,-1
1847,80,67,3,767.68,2010-05-07T00:00:00Z,FALSE,-1
1848,74,41,1,699.09,2010-05-07T00:00:00Z,FALSE,-1
1849,63,31,3,530.35,2010-05-08T00:00:00Z,FALSE,-1
1850,99,94,2,271.09,2010-05-08T00:00:00Z,FALSE,-1
1851,91,48,1,412.39,2010-05-08T00:00:00Z,FALSE,-1
1852,19,7,3,503.96,2010-05-08T00:00:00Z,FALSE,-1
1853,13,26,3,978.92,2010-05-08T00:00:00Z,FALSE,-1
1854,86,44,2,996.03,2010-05-08T00:00:00Z,FALSE,-1
1855,92,78,3,252.88,2010-05-08T00:00:00Z,FALSE,-1
1856,80,39,3,119.34,2010-05-08T00:00:00Z,FALSE,-1
1857,11,26,3,660.45,2010-05-08T00:00:00Z,FALSE,-1
1858,87,45,4,827.12,2010-05-08T00:00:00Z,FALSE,-1
1859,62,5,2,320.83,2010-05-08T00:00:00Z,FALSE,-1
1860,12,97,1,341.07,2010-05-08T00:00:00Z,FALSE,-1
1861,53,32,1,143.98,2010-05-08T00:00:00Z,FALSE,-1
1862,18,46,2,221.9,2010-05-08T00:00:00Z,FALSE,-1
1863,90,53,1,389.34,2010-05-08T00:00:00Z,FALSE,-1
1864,0,27,3,911.78,2010-05-08T00:00:00Z,FALSE,-1
1865,95,38,1,851.73,2010-05-09T00:00:00Z,FALSE,-1
1866,10,78,3,410.38,2010-05-09T00:00:00Z,FALSE,-1
1867,56,20,1,501.36,2010-05-09T00:00:00Z,FALSE,-1
1868,89,42,1,381.8,2010-05-09T00:00:00Z,FALSE,-1
1869,17,69,3,236.95,2010-05-09T00:00:00Z,FALSE,-1
1870,3,47,1,783.5,2010-05-09T00:00:00Z,FALSE,-1
1871,4,24,3,505.81,2010-05-09T00:00:00Z,FALSE,-1
1872,55,0,1,778.95,2010-05-09T00:00:00Z,FALSE,-1
1873,77,95,4,824.11,2010-05-09T00:00:00Z,FALSE,-1
1874,94,40,1,404.19,2010-05-09T00:00:00Z,FALSE,-1
1875,20,55,1,434.88,2010-05-09T00:00:00Z,FALSE,-1
1876,6,25,4,602.28,2010-05-09T00:00:00Z,FALSE,-1
1877,42,47,1,568.41,2010-05-09T00:00:00Z,FALSE,-1
1878,79,75,3,314.78,2010-05-10T00:00:00Z,FALSE,-1
1879,83,54,1,377.06,2010-05-10T00:00:00Z,FALSE,-1
1880,71,29,2,233.46,2010-05-10T00:00:00Z,FALSE,-1
1881,76,95,3,479.44,2010-05-10T00:00:00Z,FALSE,-1
1882,93,34,3,161.09,2010-05-10T00:00:00Z,FALSE,-1
1883,59,7,2,425.86,2010-05-10T00:00:00Z,FALSE,-1
1884,15,22,3,160.33,2010-05-11T00:00:00Z,FALSE,-1
1885,94,30,2,141.25,2010-05-11T00:00:00Z,FALSE,-1
1886,2,58,3,745.52,2010-05-11T00:00:00Z,FALSE,-1
1887,66,7,3,768.54,2010-05-11T00:00:00Z,FALSE,-1
1888,60,17,2,942.2,2010-05-11T00:00:00Z,FALSE,-1
1889,63,33,2,166.4,2010-05-11T00:00:00Z,FALSE,-1
1890,11,98,2,556.57,2010-05-11T00:00:00Z,FALSE,-1
1891,77,29,3,521.17,2010-05-11T00:00:00Z,FALSE,-1
1892,74,11,3,299.79,2010-05-11T00:00:00Z,FALSE,-1
1893,94,33,2,508.75,2010-05-11T00:00:00Z,FALSE,-1
1894,58,28,3,906.06,2010-05-11T00:00:00Z,FALSE,-1
1895,81,89,2,316.86,2010-05-11T00:00:00Z,FALSE,-1
1896,73,3,3,527.37,2010-05-11T00:00:00Z,FALSE,-1
1897,89,37,2,182.37,2010-05-11T00:00:00Z,FALSE,-1
1898,56,49,3,558.16,2010-05-11T00:00:00Z,FALSE,-1
1899,72,39,2,800.68,2010-05-11T00:00:00Z,FALSE,-1
1900,52,35,2,832.27,2010-05-11T00:00:00Z,FALSE,-1
1901,8,57,3,635.67,2010-05-11T00:00:00Z,FALSE,-1
1902,50,2,2,755.21,2010-05-11T00:00:00Z,FALSE,-1
1903,77,42,2,430.89,2010-05-11T00:00:00Z,FALSE,-1
1904,86,49,1,285.88,2010-05-11T00:00:00Z,FALSE,-1
1905,57,8,1,629.03,2010-05-12T00:00:00Z,FALSE,-1
1906,75,98,2,648.22,2010-05-12T00:00:00Z,FALSE,-1
1907,95,46,1,994.26,2010-05-12T00:00:00Z,FALSE,-1
1908,58,2,1,707.79,2010-05-12T00:00:00Z,FALSE,-1
1909,84,58,3,315.17,2010-05-12T00:00:00Z,FALSE,-1
1910,14,55,3,232.81,2010-05-12T00:00:00Z,FALSE,-1
1911,83,32,3,162.15,2010-05-12T00:00:00Z,FALSE,-1
1912,54,28,2,483.39,2010-05-12T00:00:00Z,FALSE,-1
1913,67,35,1,188.84,2010-05-12T00:00:00Z,FALSE,-1
1914,88,57,3,310.3,2010-05-12T00:00:00Z,FALSE,-1
1915,6,30,1,314.64,2010-05-12T00:00:00Z,FALSE,-1
1916,65,24,2,540.83,2010-05-12T00:00:00Z,FALSE,-1
1917,1,61,1,485.57,2010-05-12T00:00:00Z,FALSE,-1
1918,0,27,3,448.89,2010-05-12T00:00:00Z,FALSE,-1
1919,5,62,2,932.38,2010-05-12T00:00:00Z,FALSE,-1
1920,51,30,3,889.49,2010-05-12T00:00:00Z,FALSE,-1
1921,93,10,3,893.91,2010-05-13T00:00:00Z,FALSE,-1
1922,61,1,1,565.32,2010-05-13T00:00:00Z,FALSE,-1
1923,23,20,3,681.95,2010-05-13T00:00:00Z,FALSE,-1
1924,21,92,3,412.33,2010-05-13T00:00:00Z,FALSE,-1
1925,78,45,1,972.87,2010-05-13T00:00:00Z,FALSE,-1
1926,78,77,1,554.9,2010-05-13T00:00:00Z,FALSE,-1
1927,85,60,1,738.21,2010-05-13T00:00:00Z,FALSE,-1
1928,68,34,1,765.99,2010-05-13T00:00:00Z,FALSE,-1
1929,82,56,3,117.3,2010-05-13T00:00:00Z,FALSE,-1
1930,24,26,1,732.87,2010-05-13T00:00:00Z,FALSE,-1
1931,82,40,1,195.41,2010-05-13T00:00:00Z,FALSE,-1
1932,95,35,1,599.9,2010-05-13T00:00:00Z,FALSE,-1
1933,94,48,3,189.91,2010-05-13T00:00:00Z,FALSE,-1
1934,93,36,1,473.28,2010-05-13T00:00:00Z,FALSE,-1
1935,64,15,2,540.51,2010-05-13T00:00:00Z,FALSE,-1
1936,70,9,1,936.09,2010-05-13T00:00:00Z,FALSE,-1
1937,7,22,2,483.5,2010-05-13T00:00:00Z,FALSE,-1
1938,96,68,2,640.43,2010-05-13T00:00:00Z,FALSE,-1
1939,22,74,1,718.52,2010-05-14T00:00:00Z,FALSE,-1
1940,68,43,1,735.81,2010-05-14T00:00:00Z,FALSE,-1
1941,9,38,3,846.01,2010-05-14T00:00:00Z,FALSE,-1
1942,97,56,1,589.91,2010-05-14T00:00:00Z,FALSE,-1
1943,98,41,1,805.85,2010-05-14T00:00:00Z,FALSE,-1
1944,71,62,1,234.08,2010-05-14T00:00:00Z,TRUE,0
1945,16,44,3,243.16,2010-05-14T00:00:00Z,FALSE,-1
1946,98,33,3,383.86,2010-05-14T00:00:00Z,FALSE,-1
1947,52,35,2,991.4,2010-05-14T00:00:00Z,FALSE,-1
1948,69,17,3,361.5,2010-05-14T00:00:00Z,FALSE,-1
1949,80,19,1,585.3,2010-05-14T00:00:00Z,FALSE,-1
1950,92,94,1,131.97,2010-05-15T00:00:00Z,FALSE,-1
1951,99,73,1,364.09,2010-05-15T00:00:00Z,FALSE,-1
1952,12,11,3,933.77,2010-05-15T00:00:00Z,FALSE,-1
1953,91,73,1,968.45,2010-05-15T00:00:00Z,FALSE,-1
1954,13,97,3,910.89,2010-05-15T00:00:00Z,FALSE,-1
1955,90,6,2,363.32,2010-05-15T00:00:00Z,FALSE,-1
1956,90,39,1,593.03,2010-05-15T00:00:00Z,FALSE,-1
1957,13,26,3,433.87,2010-05-15T00:00:00Z,FALSE,-1
1958,32,27,3,787.16,2010-05-15T00:00:00Z,FALSE,-1
1959,87,31,3,503.48,2010-05-15T00:00:00Z,FALSE,-1
1960,88,44,3,363.23,2010-05-15T00:00:00Z,FALSE,-1
1961,62,5,3,697.17,2010-05-15T00:00:00Z,FALSE,-1
1962,87,89,4,916.52,2010-05-15T00:00:00Z,FALSE,-1
1963,18,96,1,907.21,2010-05-15T00:00:00Z,FALSE,-1
1964,19,99,1,574.44,2010-05-15T00:00:00Z,FALSE,-1
1965,53,32,3,153.15,2010-05-15T00:00:00Z,FALSE,-1
1966,20,29,3,298.76,2010-05-16T00:00:00Z,FALSE,-1
1967,10,70,3,240.07,2010-05-16T00:00:00Z,FALSE,-1
1968,4,92,2,386.82,2010-05-16T00:00:00Z,FALSE,-1
1969,77,42,2,124.58,2010-05-16T00:00:00Z,FALSE,-1
1970,55,0,1,718.61,2010-05-16T00:00:00Z,FALSE,-1
1971,94,33,2,222,2010-05-16T00:00:00Z,FALSE,-1
1972,56,20,3,990.08,2010-05-16T00:00:00Z,FALSE,-1
1973,96,38,3,956.27,2010-05-16T00:00:00Z,FALSE,-1
1974,34,28,1,214.61,2010-05-16T00:00:00Z,TRUE,1
1975,56,25,4,578.71,2010-05-16T00:00:00Z,FALSE,-1
1976,89,90,3,671.15,2010-05-16T00:00:00Z,FALSE,-1
1977,77,47,3,998.96,2010-05-16T00:00:00Z,FALSE,-1
1978,17,42,1,372.69,2010-05-16T00:00:00Z,FALSE,-1
1979,3,87,3,565.45,2010-05-16T00:00:00Z,FALSE,-1
1980,76,63,4,379.33,2010-05-17T00:00:00Z,FALSE,-1
1981,83,99,3,156.82,2010-05-17T00:00:00Z,FALSE,-1
1982,79,44,2,508.68,2010-05-17T00:00:00Z,FALSE,-1
1983,59,7,2,445.63,2010-05-17T00:00:00Z,FALSE,-1
1984,94,34,2,997.6,2010-05-17T00:00:00Z,FALSE,-1
1985,71,29,1,432.83,2010-05-17T00:00:00Z,FALSE,-1
1986,79,28,3,737.97,2010-05-18T00:00:00Z,FALSE,-1
1987,96,29,2,402.59,2010-05-18T00:00:00Z,FALSE,-1
1988,98,33,3,758.21,2010-05-18T00:00:00Z,FALSE,-1
1989,60,17,1,442.22,2010-05-18T00:00:00Z,FALSE,-1
1990,86,98,1,197.02,2010-05-18T00:00:00Z,FALSE,-1
1991,73,3,3,182.42,2010-05-18T00:00:00Z,FALSE,-1
1992,2,50,3,850.7,2010-05-18T00:00:00Z,FALSE,-1
1993,15,24,2,613.41,2010-05-18T00:00:00Z,FALSE,-1
1994,81,25,3,961.12,2010-05-18T00:00:00Z,FALSE,-1
1995,74,11,1,897.55,2010-05-18T00:00:00Z,FALSE,-1
1996,98,30,1,551.67,2010-05-18T00:00:00Z,FALSE,-1
1997,50,2,3,882,2010-05-18T00:00:00Z,FALSE,-1
1998,72,39,2,988.86,2010-05-18T00:00:00Z,FALSE,-1
1999,59,49,2,344.89,2010-05-18T00:00:00Z,FALSE,-1
2000,11,46,4,995.29,2010-05-18T00:00:00Z,FALSE,-1
2001,52,35,1,740.89,2010-05-18T00:00:00Z,FALSE,-1
2002,8,66,3,965.65,2010-05-18T00:00:00Z,FALSE,-1
2003,66,7,3,403.1,2010-05-18T00:00:00Z,FALSE,-1
2004,63,33,3,359.81,2010-05-18T00:00:00Z,FALSE,-1
2005,91,37,2,353.21,2010-05-18T00:00:00Z,FALSE,-1
2006,89,42,1,420.13,2010-05-18T00:00:00Z,FALSE,-1
2007,51,30,3,267.23,2010-05-19T00:00:00Z,FALSE,-1
2008,65,24,3,100.95,2010-05-19T00:00:00Z,FALSE,-1
2009,88,44,3,337.16,2010-05-19T00:00:00Z,FALSE,-1
2010,58,2,3,582.3,2010-05-19T00:00:00Z,FALSE,-1
2011,6,94,3,177.34,2010-05-19T00:00:00Z,FALSE,-1
2012,54,28,1,307.53,2010-05-19T00:00:00Z,FALSE,-1
2013,57,8,3,576.23,2010-05-19T00:00:00Z,FALSE,-1
2014,84,92,1,123.17,2010-05-19T00:00:00Z,FALSE,-1
2015,75,78,2,980.05,2010-05-19T00:00:00Z,FALSE,-1
2016,5,87,3,781.89,2010-05-19T00:00:00Z,FALSE,-1
2017,97,46,1,844.05,2010-05-19T00:00:00Z,FALSE,-1
2018,67,35,1,114.19,2010-05-19T00:00:00Z,FALSE,-1
2019,1,49,3,653.58,2010-05-19T00:00:00Z,FALSE,-1
2020,99,32,1,547.31,2010-05-19T00:00:00Z,FALSE,-1
2021,0,55,3,969.13,2010-05-19T00:00:00Z,FALSE,-1
2022,14,48,2,858.22,2010-05-19T00:00:00Z,FALSE,-1
2023,21,40,2,723.19,2010-05-20T00:00:00Z,FALSE,-1
2024,96,70,3,799.65,2010-05-20T00:00:00Z,FALSE,-1
2025,70,9,1,322.92,2010-05-20T00:00:00Z,FALSE,-1
2026,82,83,1,302.92,2010-05-20T00:00:00Z,FALSE,-1
2027,64,15,1,936.36,2010-05-20T00:00:00Z,FALSE,-1
2028,97,48,3,670.46,2010-05-20T00:00:00Z,FALSE,-1
2029,7,59,3,231.01,2010-05-20T00:00:00Z,FALSE,-1
2030,23,98,1,511.54,2010-05-20T00:00:00Z,FALSE,-1
2031,94,40,1,440.59,2010-05-20T00:00:00Z,FALSE,-1
2032,93,98,3,664.39,2010-05-20T00:00:00Z,FALSE,-1
2033,95,84,3,189.47,2010-05-20T00:00:00Z,FALSE,-1
2034,97,36,1,474.33,2010-05-20T00:00:00Z,FALSE,-1
2035,61,1,1,945.87,2010-05-20T00:00:00Z,FALSE,-1
2036,78,14,2,399.72,2010-05-20T00:00:00Z,FALSE,-1
2037,68,34,1,811.04,2010-05-20T00:00:00Z,FALSE,-1
2038,85,11,1,462.16,2010-05-20T00:00:00Z,FALSE,-1
2039,24,90,2,377.6,2010-05-20T00:00:00Z,FALSE,-1
2040,87,45,4,542.66,2010-05-20T00:00:00Z,FALSE,-1
2041,68,62,3,234.08,2010-05-21T00:00:00Z,TRUE,0
2042,16,83,1,164.79,2010-05-21T00:00:00Z,FALSE,-1
2043,80,8,3,975.51,2010-05-21T00:00:00Z,FALSE,-1
2044,22,62,1,297.62,2010-05-21T00:00:00Z,FALSE,-1
2045,95,43,1,412.21,2010-05-21T00:00:00Z,FALSE,-1
2046,98,36,2,898.63,2010-05-21T00:00:00Z,FALSE,-1
2047,97,46,1,826.91,2010-05-21T00:00:00Z,FALSE,-1
2048,69,17,2,988.38,2010-05-21T00:00:00Z,FALSE,-1
2049,99,41,1,319.63,2010-05-21T00:00:00Z,FALSE,-1
2050,67,35,1,930.11,2010-05-21T00:00:00Z,FALSE,-1
2051,9,23,1,428.77,2010-05-21T00:00:00Z,FALSE,-1
2052,87,71,3,744.54,2010-05-22T00:00:00Z,FALSE,-1
2053,44,27,2,782.97,2010-05-22T00:00:00Z,FALSE,-1
2054,94,44,1,307.32,2010-05-22T00:00:00Z,FALSE,-1
2055,24,26,1,290.7,2010-05-22T00:00:00Z,FALSE,-1
2056,91,71,1,848.78,2010-05-22T00:00:00Z,FALSE,-1
2057,19,97,3,269.32,2010-05-22T00:00:00Z,FALSE,-1
2058,92,39,1,562.8,2010-05-22T00:00:00Z,FALSE,-1
2059,99,7,3,153.28,2010-05-22T00:00:00Z,FALSE,-1
2060,12,57,3,662.1,2010-05-22T00:00:00Z,FALSE,-1
2061,13,95,3,629.71,2010-05-22T00:00:00Z,FALSE,-1
2062,18,91,1,643.52,2010-05-22T00:00:00Z,FALSE,-1
2063,62,5,1,911.85,2010-05-22T00:00:00Z,FALSE,-1
2064,90,76,2,681.18,2010-05-22T00:00:00Z,FALSE,-1
2065,53,32,1,539.31,2010-05-22T00:00:00Z,FALSE,-1
2066,92,99,3,412.08,2010-05-22T00:00:00Z,FALSE,-1
2067,49,31,1,836.6,2010-05-22T00:00:00Z,FALSE,-1
2068,20,92,1,366.47,2010-05-23T00:00:00Z,FALSE,-1
2069,10,41,3,1000.09,2010-05-23T00:00:00Z,FALSE,-1
2070,75,25,1,930.14,2010-05-23T00:00:00Z,FALSE,-1
2071,94,44,1,642.52,2010-05-23T00:00:00Z,FALSE,-1
2072,3,73,3,445.99,2010-05-23T00:00:00Z,FALSE,-1
2073,98,38,3,602.78,2010-05-23T00:00:00Z,FALSE,-1
2074,17,70,1,798.71,2010-05-23T00:00:00Z,FALSE,-1
2075,4,89,1,734.97,2010-05-23T00:00:00Z,FALSE,-1
2076,77,52,3,915.82,2010-05-23T00:00:00Z,FALSE,-1
2077,82,47,3,719.97,2010-05-23T00:00:00Z,FALSE,-1
2078,55,0,3,446.37,2010-05-23T00:00:00Z,FALSE,-1
2079,56,20,1,476.72,2010-05-23T00:00:00Z,FALSE,-1
2080,89,59,3,966.22,2010-05-23T00:00:00Z,FALSE,-1
2081,79,36,1,505.09,2010-05-24T00:00:00Z,FALSE,-1
2082,76,44,3,790.38,2010-05-24T00:00:00Z,FALSE,-1
2083,68,34,1,991.34,2010-05-24T00:00:00Z,FALSE,-1
2084,59,7,2,641.15,2010-05-24T00:00:00Z,FALSE,-1
2085,83,20,1,113.16,2010-05-24T00:00:00Z,FALSE,-1
2086,71,29,3,655.2,2010-05-24T00:00:00Z,FALSE,-1
2087,88,28,3,431.69,2010-05-25T00:00:00Z,FALSE,-1
2088,15,64,1,477.82,2010-05-25T00:00:00Z,FALSE,-1
2089,67,49,1,319.08,2010-05-25T00:00:00Z,FALSE,-1
2090,66,7,3,827.8,2010-05-25T00:00:00Z,FALSE,-1
2091,72,39,2,119.93,2010-05-25T00:00:00Z,FALSE,-1
2092,8,61,1,400.88,2010-05-25T00:00:00Z,FALSE,-1
2093,86,99,2,174.64,2010-05-25T00:00:00Z,FALSE,-1
2094,81,91,2,119.44,2010-05-25T00:00:00Z,FALSE,-1
2095,95,37,3,124.91,2010-05-25T00:00:00Z,FALSE,-1
2096,73,3,3,632.58,2010-05-25T00:00:00Z,FALSE,-1
2097,2,86,2,219.08,2010-05-25T00:00:00Z,FALSE,-1
2098,50,2,1,572.03,2010-05-25T00:00:00Z,FALSE,-1
2099,71,29,3,395.65,2010-05-25T00:00:00Z,FALSE,-1
2100,63,33,3,130.52,2010-05-25T00:00:00Z,FALSE,-1
2101,51,30,1,749.02,2010-05-25T00:00:00Z,FALSE,-1
2102,74,11,3,698.61,2010-05-25T00:00:00Z,FALSE,-1
2103,52,35,3,493.16,2010-05-25T00:00:00Z,FALSE,-1
2104,63,33,2,241,2010-05-25T00:00:00Z,FALSE,-1
2105,60,17,1,374.1,2010-05-25T00:00:00Z,FALSE,-1
2106,11,74,2,286.07,2010-05-25T00:00:00Z,FALSE,-1
2107,95,42,3,276.72,2010-05-25T00:00:00Z,FALSE,-1
2108,0,27,3,902.96,2010-05-26T00:00:00Z,FALSE,-1
2109,75,11,1,349.54,2010-05-26T00:00:00Z,FALSE,-1
2110,99,46,1,990.27,2010-05-26T00:00:00Z,FALSE,-1
2111,1,97,3,848.02,2010-05-26T00:00:00Z,FALSE,-1
2112,51,30,3,628.41,2010-05-26T00:00:00Z,FALSE,-1
2113,84,55,1,210.6,2010-05-26T00:00:00Z,FALSE,-1
2114,57,8,1,128.49,2010-05-26T00:00:00Z,FALSE,-1
2115,54,28,1,677.3,2010-05-26T00:00:00Z,FALSE,-1
2116,65,24,3,233.65,2010-05-26T00:00:00Z,FALSE,-1
2117,6,25,4,457.02,2010-05-26T00:00:00Z,FALSE,-1
2118,5,33,2,123.6,2010-05-26T00:00:00Z,FALSE,-1
2119,14,20,1,690.3,2010-05-26T00:00:00Z,FALSE,-1
2120,58,2,3,949,2010-05-26T00:00:00Z,FALSE,-1
2121,67,35,3,132.07,2010-05-26T00:00:00Z,FALSE,-1
2122,53,32,3,484.55,2010-05-26T00:00:00Z,FALSE,-1
2123,88,37,2,343.53,2010-05-26T00:00:00Z,FALSE,-1
2124,61,1,1,940.19,2010-05-27T00:00:00Z,FALSE,-1
2125,98,40,3,572.89,2010-05-27T00:00:00Z,FALSE,-1
2126,91,45,1,971.02,2010-05-27T00:00:00Z,FALSE,-1
2127,93,27,2,759.5,2010-05-27T00:00:00Z,FALSE,-1
2128,24,65,1,336.67,2010-05-27T00:00:00Z,FALSE,-1
2129,85,20,3,544.18,2010-05-27T00:00:00Z,FALSE,-1
2130,68,34,3,310.3,2010-05-27T00:00:00Z,FALSE,-1
2131,64,15,3,235.06,2010-05-27T00:00:00Z,FALSE,-1
2132,78,80,3,140.79,2010-05-27T00:00:00Z,FALSE,-1
2133,99,48,2,541.1,2010-05-27T00:00:00Z,FALSE,-1
2134,70,9,3,590.45,2010-05-27T00:00:00Z,FALSE,-1
2135,96,90,3,958.14,2010-05-27T00:00:00Z,FALSE,-1
2136,82,40,1,407.34,2010-05-27T00:00:00Z,FALSE,-1
2137,23,50,3,235.69,2010-05-27T00:00:00Z,FALSE,-1
2138,95,43,1,462.99,2010-05-27T00:00:00Z,FALSE,-1
2139,98,36,2,302.52,2010-05-27T00:00:00Z,FALSE,-1
2140,21,44,1,847.48,2010-05-27T00:00:00Z,FALSE,-1
2141,7,66,1,463.35,2010-05-27T00:00:00Z,FALSE,-1
2142,80,37,3,607.13,2010-05-28T00:00:00Z,FALSE,-1
2143,69,17,3,692.62,2010-05-28T00:00:00Z,FALSE,-1
2144,9,70,3,480.29,2010-05-28T00:00:00Z,FALSE,-1
2145,97,93,3,669.47,2010-05-28T00:00:00Z,FALSE,-1
2146,10,41,3,682.1,2010-05-28T00:00:00Z,FALSE,-1
2147,33,43,1,375.12,2010-05-28T00:00:00Z,FALSE,-1
2148,28,35,3,784.25,2010-05-28T00:00:00Z,FALSE,-1
2149,98,95,2,411.12,2010-05-28T00:00:00Z,FALSE,-1
2150,16,98,3,162.19,2010-05-28T00:00:00Z,FALSE,-1
2151,22,56,2,492.46,2010-05-28T00:00:00Z,FALSE,-1
2152,36,26,1,691.78,2010-05-29T00:00:00Z,FALSE,-1
2153,54,31,1,408.33,2010-05-29T00:00:00Z,FALSE,-1
2154,18,99,3,538.99,2010-05-29T00:00:00Z,FALSE,-1
2155,91,97,1,729.85,2010-05-29T00:00:00Z,FALSE,-1
2156,19,28,1,303.43,2010-05-29T00:00:00Z,FALSE,-1
2157,90,87,2,796.71,2010-05-29T00:00:00Z,FALSE,-1
2158,13,34,1,476.69,2010-05-29T00:00:00Z,FALSE,-1
2159,92,91,2,628.24,2010-05-29T00:00:00Z,FALSE,-1
2160,45,27,3,781.97,2010-05-29T00:00:00Z,FALSE,-1
2161,16,44,3,252.32,2010-05-29T00:00:00Z,FALSE,-1
2162,29,39,1,748.3,2010-05-29T00:00:00Z,FALSE,-1
2163,87,70,1,317.43,2010-05-29T00:00:00Z,FALSE,-1
2164,12,6,2,129.91,2010-05-29T00:00:00Z,FALSE,-1
2165,99,85,4,354.89,2010-05-29T00:00:00Z,FALSE,-1
2166,62,5,3,739.03,2010-05-29T00:00:00Z,FALSE,-1
2167,53,32,3,478.7,2010-05-29T00:00:00Z,FALSE,-1
2168,85,47,4,433.39,2010-05-30T00:00:00Z,FALSE,-1
2169,20,64,1,206.53,2010-05-30T00:00:00Z,FALSE,-1
2170,55,0,1,378.55,2010-05-30T00:00:00Z,FALSE,-1
2171,9,38,3,611.36,2010-05-30T00:00:00Z,FALSE,-1
2172,77,96,1,627.27,2010-05-30T00:00:00Z,FALSE,-1
2173,81,25,3,294.29,2010-05-30T00:00:00Z,FALSE,-1
2174,4,24,3,299.63,2010-05-30T00:00:00Z,FALSE,-1
2175,94,48,3,465.06,2010-05-30T00:00:00Z,FALSE,-1
2176,17,77,1,703.35,2010-05-30T00:00:00Z,FALSE,-1
2177,56,20,1,394.79,2010-05-30T00:00:00Z,FALSE,-1
2178,3,47,1,767.02,2010-05-30T00:00:00Z,FALSE,-1
2179,10,91,1,471.8,2010-05-30T00:00:00Z,FALSE,-1
2180,89,77,1,233.57,2010-05-30T00:00:00Z,FALSE,-1
2181,59,7,2,248.73,2010-05-31T00:00:00Z,FALSE,-1
2182,13,34,1,388.55,2010-05-31T00:00:00Z,FALSE,-1
2183,79,91,3,148.93,2010-05-31T00:00:00Z,FALSE,-1
2184,83,33,1,921.67,2010-05-31T00:00:00Z,FALSE,-1
2185,76,51,3,939.1,2010-05-31T00:00:00Z,FALSE,-1
2186,71,29,3,624.88,2010-05-31T00:00:00Z,FALSE,-1
2187,52,35,1,324.08,2010-06-01T00:00:00Z,FALSE,-1
2188,54,28,1,503.12,2010-06-01T00:00:00Z,FALSE,-1
2189,20,29,3,446.17,2010-06-01T00:00:00Z,FALSE,-1
2190,60,17,1,631.71,2010-06-01T00:00:00Z,FALSE,-1
2191,11,86,3,1008.74,2010-06-01T00:00:00Z,FALSE,-1
2192,63,33,2,104.41,2010-06-01T00:00:00Z,FALSE,-1
2193,6,30,1,265.33,2010-06-01T00:00:00Z,FALSE,-1
2194,50,2,2,580.76,2010-06-01T00:00:00Z,FALSE,-1
2195,73,3,3,950.32,2010-06-01T00:00:00Z,FALSE,-1
2196,5,33,2,229.93,2010-06-01T00:00:00Z,FALSE,-1
2197,81,32,1,598.78,2010-06-01T00:00:00Z,FALSE,-1
2198,8,73,1,704.91,2010-06-01T00:00:00Z,FALSE,-1
2199,72,39,2,462.49,2010-06-01T00:00:00Z,FALSE,-1
2200,86,49,1,239.99,2010-06-01T00:00:00Z,FALSE,-1
2201,86,91,1,808.51,2010-06-01T00:00:00Z,FALSE,-1
2202,2,58,3,839.85,2010-06-01T00:00:00Z,FALSE,-1
2203,23,37,1,924.02,2010-06-01T00:00:00Z,FALSE,-1
2204,66,7,1,635.47,2010-06-01T00:00:00Z,FALSE,-1
2205,17,42,1,515.56,2010-06-01T00:00:00Z,FALSE,-1
2206,15,32,2,362.03,2010-06-01T00:00:00Z,FALSE,-1
2207,74,11,1,499.32,2010-06-01T00:00:00Z,FALSE,-1
2208,84,76,3,263.45,2010-06-02T00:00:00Z,FALSE,-1
2209,15,32,2,945.05,2010-06-02T00:00:00Z,FALSE,-1
2210,88,79,1,129.15,2010-06-02T00:00:00Z,FALSE,-1
2211,0,55,3,141.04,2010-06-02T00:00:00Z,FALSE,-1
2212,51,30,3,214.94,2010-06-02T00:00:00Z,FALSE,-1
2213,75,96,3,369.85,2010-06-02T00:00:00Z,FALSE,-1
2214,57,8,1,561.73,2010-06-02T00:00:00Z,FALSE,-1
2215,67,35,1,667.89,2010-06-02T00:00:00Z,FALSE,-1
2216,65,24,1,161.11,2010-06-02T00:00:00Z,FALSE,-1
2217,6,93,2,821.04,2010-06-02T00:00:00Z,FALSE,-1
2218,58,2,1,662.73,2010-06-02T00:00:00Z,FALSE,-1
2219,5,62,2,324.14,2010-06-02T00:00:00Z,FALSE,-1
2220,14,30,1,874.39,2010-06-02T00:00:00Z,FALSE,-1
2221,1,61,1,733.06,2010-06-02T00:00:00Z,FALSE,-1
2222,11,46,4,135.68,2010-06-02T00:00:00Z,FALSE,-1
2223,54,28,2,585.24,2010-06-02T00:00:00Z,FALSE,-1
2224,93,78,3,608.68,2010-06-03T00:00:00Z,FALSE,-1
2225,68,34,3,701.83,2010-06-03T00:00:00Z,FALSE,-1
2226,30,36,1,256.56,2010-06-03T00:00:00Z,FALSE,-1
2227,14,48,2,629.91,2010-06-03T00:00:00Z,FALSE,-1
2228,21,99,2,563.22,2010-06-03T00:00:00Z,FALSE,-1
2229,82,98,1,913.71,2010-06-03T00:00:00Z,FALSE,-1
2230,38,45,1,614.41,2010-06-03T00:00:00Z,FALSE,-1
2231,61,1,3,913.26,2010-06-03T00:00:00Z,FALSE,-1
2232,96,29,2,458.5,2010-06-03T00:00:00Z,FALSE,-1
2233,24,91,2,932.48,2010-06-03T00:00:00Z,FALSE,-1
2234,7,79,1,317.11,2010-06-03T00:00:00Z,FALSE,-1
2235,21,40,2,784.17,2010-06-03T00:00:00Z,FALSE,-1
2236,23,17,2,186.96,2010-06-03T00:00:00Z,FALSE,-1
2237,70,9,3,964.56,2010-06-03T00:00:00Z,FALSE,-1
2238,95,89,1,939.62,2010-06-03T00:00:00Z,FALSE,-1
2239,78,21,1,203.94,2010-06-03T00:00:00Z,FALSE,-1
2240,85,91,3,925.3,2010-06-03T00:00:00Z,FALSE,-1
2241,64,15,3,423.9,2010-06-03T00:00:00Z,FALSE,-1
2242,22,92,2,177.66,2010-06-04T00:00:00Z,FALSE,-1
2243,42,41,2,582.89,2010-06-04T00:00:00Z,FALSE,-1
2244,80,77,4,889.73,2010-06-04T00:00:00Z,FALSE,-1
2245,98,12,3,692,2010-06-04T00:00:00Z,FALSE,-1
2246,44,43,3,759.41,2010-06-04T00:00:00Z,FALSE,-1
2247,9,77,1,106.67,2010-06-04T00:00:00Z,FALSE,-1
2248,97,10,1,633.24,2010-06-04T00:00:00Z,FALSE,-1
2249,39,35,1,862.5,2010-06-04T00:00:00Z,FALSE,-1
2250,16,61,2,220.48,2010-06-04T00:00:00Z,FALSE,-1
2251,69,17,3,659.51,2010-06-04T00:00:00Z,FALSE,-1
2252,12,5,3,833.89,2010-06-05T00:00:00Z,FALSE,-1
2253,18,46,2,468.4,2010-06-05T00:00:00Z,FALSE,-1
2254,93,27,2,868.19,2010-06-05T00:00:00Z,FALSE,-1
2255,87,35,2,858.63,2010-06-05T00:00:00Z,FALSE,-1
2256,99,64,1,269.99,2010-06-05T00:00:00Z,FALSE,-1
2257,58,31,1,456.75,2010-06-05T00:00:00Z,FALSE,-1
2258,91,52,1,823.06,2010-06-05T00:00:00Z,FALSE,-1
2259,90,96,2,475.09,2010-06-05T00:00:00Z,FALSE,-1
2260,62,5,1,577.11,2010-06-05T00:00:00Z,FALSE,-1
2261,53,32,3,672.56,2010-06-05T00:00:00Z,FALSE,-1
2262,92,81,2,382.75,2010-06-05T00:00:00Z,FALSE,-1
2263,55,39,1,446.52,2010-06-05T00:00:00Z,FALSE,-1
2264,13,77,1,447.13,2010-06-05T00:00:00Z,FALSE,-1
2265,21,44,1,806.02,2010-06-05T00:00:00Z,FALSE,-1
2266,62,26,3,471.11,2010-06-05T00:00:00Z,FALSE,-1
2267,19,85,3,289.04,2010-06-05T00:00:00Z,FALSE,-1
2268,55,0,2,230.97,2010-06-06T00:00:00Z,FALSE,-1
2269,89,93,1,813.69,2010-06-06T00:00:00Z,FALSE,-1
2270,4,92,2,847.59,2010-06-06T00:00:00Z,FALSE,-1
2271,46,38,1,771.14,2010-06-06T00:00:00Z,FALSE,-1
2272,94,25,1,884.67,2010-06-06T00:00:00Z,FALSE,-1
2273,17,60,1,781.41,2010-06-06T00:00:00Z,FALSE,-1
2274,20,56,2,283.43,2010-06-06T00:00:00Z,FALSE,-1
2275,56,20,3,122.92,2010-06-06T00:00:00Z,FALSE,-1
2276,77,65,2,958.96,2010-06-06T00:00:00Z,FALSE,-1
2277,97,47,1,126.02,2010-06-06T00:00:00Z,FALSE,-1
2278,94,25,1,421.7,2010-06-06T00:00:00Z,FALSE,-1
2279,3,87,3,652.56,2010-06-06T00:00:00Z,FALSE,-1
2280,10,93,2,786.62,2010-06-06T00:00:00Z,FALSE,-1
2281,83,38,1,585.32,2010-06-07T00:00:00Z,FALSE,-1
2282,71,29,3,978.68,2010-06-07T00:00:00Z,FALSE,-1
2283,76,32,3,364.63,2010-06-07T00:00:00Z,FALSE,-1
2284,59,7,1,751.62,2010-06-07T00:00:00Z,FALSE,-1
2285,79,82,3,707.98,2010-06-07T00:00:00Z,FALSE,-1
2286,29,34,1,665.89,2010-06-07T00:00:00Z,FALSE,-1
2287,50,2,3,148.37,2010-06-08T00:00:00Z,FALSE,-1
2288,93,49,3,938.49,2010-06-08T00:00:00Z,FALSE,-1
2289,72,39,2,729.94,2010-06-08T00:00:00Z,FALSE,-1
2290,44,33,1,390.62,2010-06-08T00:00:00Z,FALSE,-1
2291,14,30,1,109.41,2010-06-08T00:00:00Z,FALSE,-1
2292,25,29,2,712.09,2010-06-08T00:00:00Z,FALSE,-1
2293,8,57,3,924.39,2010-06-08T00:00:00Z,FALSE,-1
2294,40,37,3,554.75,2010-06-08T00:00:00Z,FALSE,-1
2295,74,11,1,262.78,2010-06-08T00:00:00Z,FALSE,-1
2296,86,76,1,344.32,2010-06-08T00:00:00Z,FALSE,-1
2297,81,76,2,988.62,2010-06-08T00:00:00Z,FALSE,-1
2298,2,50,3,665.38,2010-06-08T00:00:00Z,FALSE,-1
2299,66,7,1,172.72,2010-06-08T00:00:00Z,FALSE,-1
2300,41,42,1,509.89,2010-06-08T00:00:00Z,FALSE,-1
2301,11,26,3,432.73,2010-06-08T00:00:00Z,FALSE,-1
2302,52,35,1,989.97,2010-06-08T00:00:00Z,FALSE,-1
2303,63,33,2,292.52,2010-06-08T00:00:00Z,FALSE,-1
2304,19,28,1,125.83,2010-06-08T00:00:00Z,FALSE,-1
2305,73,3,3,916.52,2010-06-08T00:00:00Z,FALSE,-1
2306,60,17,3,404.92,2010-06-08T00:00:00Z,FALSE,-1
2307,15,47,1,119.31,2010-06-08T00:00:00Z,FALSE,-1
2308,65,24,1,636.44,2010-06-09T00:00:00Z,FALSE,-1
2309,66,32,3,543.56,2010-06-09T00:00:00Z,FALSE,-1
2310,1,49,3,361.04,2010-06-09T00:00:00Z,FALSE,-1
2311,88,28,3,761.11,2010-06-09T00:00:00Z,FALSE,-1
2312,5,87,3,200.67,2010-06-09T00:00:00Z,FALSE,-1
2313,67,35,3,316.41,2010-06-09T00:00:00Z,FALSE,-1
2314,6,30,1,991.44,2010-06-09T00:00:00Z,FALSE,-1
2315,54,28,1,509.48,2010-06-09T00:00:00Z,FALSE,-1
2316,84,98,3,778.06,2010-06-09T00:00:00Z,FALSE,-1
2317,18,46,2,111.91,2010-06-09T00:00:00Z,FALSE,-1
2318,51,30,4,949.84,2010-06-09T00:00:00Z,FALSE,-1
2319,75,65,1,445.98,2010-06-09T00:00:00Z,FALSE,-1
2320,14,16,4,594.38,2010-06-09T00:00:00Z,FALSE,-1
2321,57,8,1,286.48,2010-06-09T00:00:00Z,FALSE,-1
2322,58,2,3,167.27,2010-06-09T00:00:00Z,FALSE,-1
2323,0,27,3,414.92,2010-06-09T00:00:00Z,FALSE,-1
2324,24,60,1,820.33,2010-06-10T00:00:00Z,FALSE,-1
2325,55,40,1,496.51,2010-06-10T00:00:00Z,FALSE,-1
2326,42,36,3,528.42,2010-06-10T00:00:00Z,FALSE,-1
2327,7,22,2,639.5,2010-06-10T00:00:00Z,FALSE,-1
2328,82,95,3,201.63,2010-06-10T00:00:00Z,TRUE,2
2329,95,93,3,240.01,2010-06-10T00:00:00Z,FALSE,-1
2330,69,48,1,302.46,2010-06-10T00:00:00Z,FALSE,-1
2331,93,73,1,922.7,2010-06-10T00:00:00Z,FALSE,-1
2332,61,1,2,531.96,2010-06-10T00:00:00Z,FALSE,-1
2333,21,81,1,182.63,2010-06-10T00:00:00Z,FALSE,-1
2334,23,79,1,364.01,2010-06-10T00:00:00Z,FALSE,-1
2335,64,15,1,332.42,2010-06-10T00:00:00Z,FALSE,-1
2336,96,83,3,987.96,2010-06-10T00:00:00Z,FALSE,-1
2337,85,67,1,321.44,2010-06-10T00:00:00Z,FALSE,-1
2338,68,34,3,976.6,2010-06-10T00:00:00Z,FALSE,-1
2339,70,9,1,920.5,2010-06-10T00:00:00Z,FALSE,-1
2340,82,73,3,763.33,2010-06-10T00:00:00Z,FALSE,-1
2341,78,72,1,695.19,2010-06-10T00:00:00Z,FALSE,-1
2342,40,45,1,344.39,2010-06-10T00:00:00Z,FALSE,-1
2343,97,47,1,730.03,2010-06-11T00:00:00Z,FALSE,-1
2344,69,17,1,705.29,2010-06-11T00:00:00Z,FALSE,-1
2345,98,22,3,827.62,2010-06-11T00:00:00Z,FALSE,-1
2346,80,39,3,218.93,2010-06-11T00:00:00Z,FALSE,-1
2347,59,35,2,531.82,2010-06-11T00:00:00Z,FALSE,-1
2348,22,99,1,395.13,2010-06-11T00:00:00Z,FALSE,-1
2349,52,41,2,704.82,2010-06-11T00:00:00Z,FALSE,-1
2350,9,38,3,202.02,2010-06-11T00:00:00Z,FALSE,-1
2351,60,43,1,737.13,2010-06-11T00:00:00Z,FALSE,-1
2352,16,50,3,546.9,2010-06-11T00:00:00Z,FALSE,-1
2353,91,94,1,452.44,2010-06-12T00:00:00Z,FALSE,-1
2354,53,32,3,370.23,2010-06-12T00:00:00Z,FALSE,-1
2355,12,97,1,363.77,2010-06-12T00:00:00Z,FALSE,-1
2356,92,90,1,102.56,2010-06-12T00:00:00Z,FALSE,-1
2357,62,5,1,986.52,2010-06-12T00:00:00Z,FALSE,-1
2358,13,26,3,305.02,2010-06-12T00:00:00Z,FALSE,-1
2359,63,31,3,876.51,2010-06-12T00:00:00Z,FALSE,-1
2360,19,7,3,106.83,2010-06-12T00:00:00Z,FALSE,-1
2361,70,39,1,853.67,2010-06-12T00:00:00Z,FALSE,-1
2362,87,82,3,794.31,2010-06-12T00:00:00Z,FALSE,-1
2363,90,79,1,762.03,2010-06-12T00:00:00Z,FALSE,-1
2364,18,96,1,792.86,2010-06-12T00:00:00Z,FALSE,-1
2365,99,91,2,826.62,2010-06-12T00:00:00Z,FALSE,-1
2366,88,26,1,176.78,2010-06-12T00:00:00Z,FALSE,-1
2367,76,44,3,397.72,2010-06-12T00:00:00Z,FALSE,-1
2368,97,27,2,510.04,2010-06-12T00:00:00Z,FALSE,-1
2369,10,78,3,280.68,2010-06-13T00:00:00Z,FALSE,-1
2370,20,55,1,272.9,2010-06-13T00:00:00Z,FALSE,-1
2371,4,89,1,619.66,2010-06-13T00:00:00Z,FALSE,-1
2372,98,47,1,503.56,2010-06-13T00:00:00Z,FALSE,-1
2373,89,83,3,676.5,2010-06-13T00:00:00Z,FALSE,-1
2374,55,0,1,430.73,2010-06-13T00:00:00Z,FALSE,-1
2375,83,38,1,581.97,2010-06-13T00:00:00Z,FALSE,-1
2376,17,69,3,205.29,2010-06-13T00:00:00Z,FALSE,-1
2377,77,68,1,892.11,2010-06-13T00:00:00Z,FALSE,-1
2378,94,92,1,684.3,2010-06-13T00:00:00Z,FALSE,-1
2379,56,20,4,971.35,2010-06-13T00:00:00Z,FALSE,-1
2380,99,25,1,845.45,2010-06-13T00:00:00Z,FALSE,-1
2381,3,73,3,359.24,2010-06-13T00:00:00Z,FALSE,-1
2382,76,61,1,781.65,2010-06-14T00:00:00Z,FALSE,-1
2383,59,7,3,939.99,2010-06-14T00:00:00Z,FALSE,-1
2384,83,90,1,705.31,2010-06-14T00:00:00Z,FALSE,-1
2385,79,96,4,625.22,2010-06-14T00:00:00Z,FALSE,-1
2386,36,34,1,486.9,2010-06-14T00:00:00Z,FALSE,-1
2387,71,29,1,297.97,2010-06-14T00:00:00Z,FALSE,-1
2388,80,37,3,417.16,2010-06-15T00:00:00Z,FALSE,-1
2389,66,7,3,642.41,2010-06-15T00:00:00Z,FALSE,-1
2390,81,68,3,792.74,2010-06-15T00:00:00Z,FALSE,-1
2391,60,17,2,657.16,2010-06-15T00:00:00Z,FALSE,-1
2392,58,33,1,771.58,2010-06-15T00:00:00Z,FALSE,-1
2393,69,42,2,117.46,2010-06-15T00:00:00Z,FALSE,-1
2394,25,28,3,907.27,2010-06-15T00:00:00Z,FALSE,-1
2395,8,66,3,582.92,2010-06-15T00:00:00Z,FALSE,-1
2396,94,49,2,854.74,2010-06-15T00:00:00Z,FALSE,-1
2397,50,2,1,685.52,2010-06-15T00:00:00Z,FALSE,-1
2398,72,39,2,650.62,2010-06-15T00:00:00Z,FALSE,-1
2399,74,11,3,447.14,2010-06-15T00:00:00Z,FALSE,-1
2400,63,33,3,767.89,2010-06-15T00:00:00Z,FALSE,-1
2401,35,29,3,433,2010-06-15T00:00:00Z,FALSE,-1
2402,73,3,1,891.05,2010-06-15T00:00:00Z,FALSE,-1
2403,15,22,3,628.82,2010-06-15T00:00:00Z,FALSE,-1
2404,11,98,2,476.79,2010-06-15T00:00:00Z,FALSE,-1
2405,86,95,3,863.63,2010-06-15T00:00:00Z,FALSE,-1
2406,52,35,3,536.53,2010-06-15T00:00:00Z,FALSE,-1
2407,44,30,3,182.91,2010-06-15T00:00:00Z,FALSE,-1
2408,2,86,2,927.28,2010-06-15T00:00:00Z,FALSE,-1
2409,84,78,1,685.96,2010-06-16T00:00:00Z,FALSE,-1
2410,14,55,3,385.58,2010-06-16T00:00:00Z,FALSE,-1
2411,75,73,3,947.26,2010-06-16T00:00:00Z,FALSE,-1
2412,1,97,3,444.91,2010-06-16T00:00:00Z,FALSE,-1
2413,62,46,3,118.8,2010-06-16T00:00:00Z,FALSE,-1
2414,0,55,3,442.82,2010-06-16T00:00:00Z,FALSE,-1
2415,57,8,1,464.09,2010-06-16T00:00:00Z,FALSE,-1
2416,58,2,1,779.04,2010-06-16T00:00:00Z,FALSE,-1
2417,6,94,3,473.84,2010-06-16T00:00:00Z,FALSE,-1
2418,5,33,2,850.17,2010-06-16T00:00:00Z,FALSE,-1
2419,76,32,3,847.15,2010-06-16T00:00:00Z,FALSE,-1
2420,54,28,2,223.76,2010-06-16T00:00:00Z,FALSE,-1
2421,88,16,2,840.75,2010-06-16T00:00:00Z,FALSE,-1
2422,51,30,2,574.44,2010-06-16T00:00:00Z,FALSE,-1
2423,65,24,3,149.97,2010-06-16T00:00:00Z,FALSE,-1
2424,67,35,1,976.83,2010-06-16T00:00:00Z,FALSE,-1
2425,96,84,1,223.63,2010-06-17T00:00:00Z,FALSE,-1
2426,93,54,3,712.25,2010-06-17T00:00:00Z,FALSE,-1
2427,68,34,1,525.15,2010-06-17T00:00:00Z,FALSE,-1
2428,78,92,1,262.03,2010-06-17T00:00:00Z,FALSE,-1
2429,24,69,3,842.28,2010-06-17T00:00:00Z,FALSE,-1
2430,64,15,3,785.44,2010-06-17T00:00:00Z,FALSE,-1
2431,85,79,1,196.06,2010-06-17T00:00:00Z,FALSE,-1
2432,61,1,1,757.97,2010-06-17T00:00:00Z,FALSE,-1
2433,55,36,3,911.54,2010-06-17T00:00:00Z,FALSE,-1
2434,7,59,3,164.72,2010-06-17T00:00:00Z,FALSE,-1
2435,50,45,3,749.94,2010-06-17T00:00:00Z,FALSE,-1
2436,74,48,2,876.75,2010-06-17T00:00:00Z,FALSE,-1
2437,70,9,3,958,2010-06-17T00:00:00Z,FALSE,-1
2438,82,95,3,834.47,2010-06-17T00:00:00Z,FALSE,-1
2439,21,92,3,537.16,2010-06-17T00:00:00Z,FALSE,-1
2440,23,37,1,679.66,2010-06-17T00:00:00Z,FALSE,-1
2441,95,77,1,816.57,2010-06-17T00:00:00Z,FALSE,-1
2442,61,40,2,850.95,2010-06-17T00:00:00Z,FALSE,-1
2443,97,64,1,306.12,2010-06-18T00:00:00Z,FALSE,-1
2444,69,17,1,350.81,2010-06-18T00:00:00Z,FALSE,-1
2445,80,12,1,463.56,2010-06-18T00:00:00Z,FALSE,-1
2446,22,74,1,500.05,2010-06-18T00:00:00Z,FALSE,-1
2447,87,35,2,128.82,2010-06-18T00:00:00Z,FALSE,-1
2448,16,44,3,663.29,2010-06-18T00:00:00Z,FALSE,-1
2449,9,23,1,505.84,2010-06-18T00:00:00Z,FALSE,-1
2450,66,43,3,339.91,2010-06-18T00:00:00Z,FALSE,-1
2451,98,60,3,355.79,2010-06-18T00:00:00Z,FALSE,-1
2452,68,41,2,533.86,2010-06-18T00:00:00Z,FALSE,-1
2453,62,5,1,510.54,2010-06-19T00:00:00Z,FALSE,-1
2454,19,99,1,916.73,2010-06-19T00:00:00Z,FALSE,-1
2455,53,32,3,264.12,2010-06-19T00:00:00Z,FALSE,-1
2456,13,97,3,300.51,2010-06-19T00:00:00Z,FALSE,-1
2457,72,39,2,261.38,2010-06-19T00:00:00Z,FALSE,-1
2458,91,51,1,511.21,2010-06-19T00:00:00Z,FALSE,-1
2459,11,26,3,490.74,2010-06-19T00:00:00Z,FALSE,-1
2460,79,44,2,428.75,2010-06-19T00:00:00Z,FALSE,-1
2461,87,31,3,903.44,2010-06-19T00:00:00Z,FALSE,-1
2462,18,91,1,599.47,2010-06-19T00:00:00Z,FALSE,-1
2463,0,27,3,631.34,2010-06-19T00:00:00Z,FALSE,-1
2464,90,97,4,691.6,2010-06-19T00:00:00Z,FALSE,-1
2465,99,86,3,337.49,2010-06-19T00:00:00Z,FALSE,-1
2466,92,2,3,130.45,2010-06-19T00:00:00Z,FALSE,-1
2467,87,80,1,159.33,2010-06-19T00:00:00Z,FALSE,-1
2468,12,11,3,364.37,2010-06-19T00:00:00Z,FALSE,-1
2469,6,25,4,126.96,2010-06-20T00:00:00Z,FALSE,-1
2470,88,38,1,685.41,2010-06-20T00:00:00Z,FALSE,-1
2471,4,24,3,227.91,2010-06-20T00:00:00Z,FALSE,-1
2472,77,34,3,867.05,2010-06-20T00:00:00Z,FALSE,-1
2473,56,20,1,905.1,2010-06-20T00:00:00Z,FALSE,-1
2474,17,42,1,750.83,2010-06-20T00:00:00Z,FALSE,-1
2475,10,70,3,923.76,2010-06-20T00:00:00Z,FALSE,-1
2476,20,29,3,1041.05,2010-06-20T00:00:00Z,FALSE,-1
2477,3,47,1,997.5,2010-06-20T00:00:00Z,FALSE,-1
2478,89,13,2,654.69,2010-06-20T00:00:00Z,FALSE,-1
2479,3,47,1,878.86,2010-06-20T00:00:00Z,FALSE,-1
2480,55,0,1,778.12,2010-06-20T00:00:00Z,FALSE,-1
2481,94,86,3,108.89,2010-06-20T00:00:00Z,FALSE,-1
2482,83,97,2,198.16,2010-06-21T00:00:00Z,FALSE,-1
2483,77,34,3,310.73,2010-06-21T00:00:00Z,FALSE,-1
2484,76,80,2,445.37,2010-06-21T00:00:00Z,FALSE,-1
2485,71,29,3,920.12,2010-06-21T00:00:00Z,FALSE,-1
2486,59,7,1,143.53,2010-06-21T00:00:00Z,FALSE,-1
2487,79,74,2,361.58,2010-06-21T00:00:00Z,FALSE,-1
2488,92,30,3,912.79,2010-06-22T00:00:00Z,FALSE,-1
2489,26,28,3,287.57,2010-06-22T00:00:00Z,FALSE,-1
2490,11,46,4,860.04,2010-06-22T00:00:00Z,FALSE,-1
2491,74,11,1,134.17,2010-06-22T00:00:00Z,FALSE,-1
2492,60,17,1,690.36,2010-06-22T00:00:00Z,FALSE,-1
2493,70,42,3,475.68,2010-06-22T00:00:00Z,FALSE,-1
2494,83,33,1,321.7,2010-06-22T00:00:00Z,FALSE,-1
2495,72,39,2,161.09,2010-06-22T00:00:00Z,FALSE,-1
2496,50,2,1,605.73,2010-06-22T00:00:00Z,FALSE,-1
2497,73,3,1,999.76,2010-06-22T00:00:00Z,FALSE,-1
2498,66,29,1,810.48,2010-06-22T00:00:00Z,FALSE,-1
2499,8,61,1,350.48,2010-06-22T00:00:00Z,FALSE,-1
2500,1,49,3,573.28,2010-06-22T00:00:00Z,FALSE,-1
2501,81,50,3,923.12,2010-06-22T00:00:00Z,FALSE,-1
2502,52,35,1,453.03,2010-06-22T00:00:00Z,FALSE,-1
2503,15,24,2,152.02,2010-06-22T00:00:00Z,FALSE,-1
2504,66,7,3,350.08,2010-06-22T00:00:00Z,FALSE,-1
2505,88,37,2,598.2,2010-06-22T00:00:00Z,FALSE,-1
2506,2,58,3,705.19,2010-06-22T00:00:00Z,FALSE,-1
2507,63,33,3,470.48,2010-06-22T00:00:00Z,FALSE,-1
2508,86,93,1,875.9,2010-06-22T00:00:00Z,FALSE,-1
2509,65,24,3,798.86,2010-06-23T00:00:00Z,FALSE,-1
2510,75,25,1,460.57,2010-06-23T00:00:00Z,FALSE,-1
2511,1,61,1,306.89,2010-06-23T00:00:00Z,FALSE,-1
2512,57,8,3,184.6,2010-06-23T00:00:00Z,FALSE,-1
2513,0,27,3,626.87,2010-06-23T00:00:00Z,FALSE,-1
2514,73,46,2,284.76,2010-06-23T00:00:00Z,FALSE,-1
2515,5,62,2,884.21,2010-06-23T00:00:00Z,FALSE,-1
2516,58,2,1,549.45,2010-06-23T00:00:00Z,FALSE,-1
2517,14,48,2,154.58,2010-06-23T00:00:00Z,FALSE,-1
2518,54,28,2,725.2,2010-06-23T00:00:00Z,FALSE,-1
2519,51,30,3,241.61,2010-06-23T00:00:00Z,FALSE,-1
2520,84,70,2,961.74,2010-06-23T00:00:00Z,FALSE,-1
2521,88,81,3,678.66,2010-06-23T00:00:00Z,FALSE,-1
2522,81,32,1,462.79,2010-06-23T00:00:00Z,FALSE,-1
2523,6,25,4,152.67,2010-06-23T00:00:00Z,FALSE,-1
2524,67,35,3,129.75,2010-06-23T00:00:00Z,FALSE,-1
2525,21,40,2,326.63,2010-06-24T00:00:00Z,FALSE,-1
2526,64,40,1,842.14,2010-06-24T00:00:00Z,FALSE,-1
2527,91,48,1,609.24,2010-06-24T00:00:00Z,FALSE,-1
2528,85,95,3,965.87,2010-06-24T00:00:00Z,FALSE,-1
2529,54,45,2,452.83,2010-06-24T00:00:00Z,FALSE,-1
2530,68,34,2,729.27,2010-06-24T00:00:00Z,FALSE,-1
2531,78,62,1,588.45,2010-06-24T00:00:00Z,FALSE,-1
2532,7,66,1,566.88,2010-06-24T00:00:00Z,FALSE,-1
2533,64,15,3,900.34,2010-06-24T00:00:00Z,FALSE,-1
2534,23,20,3,955.88,2010-06-24T00:00:00Z,FALSE,-1
2535,61,1,3,136.87,2010-06-24T00:00:00Z,FALSE,-1
2536,79,36,1,144.75,2010-06-24T00:00:00Z,FALSE,-1
2537,96,63,1,808.97,2010-06-24T00:00:00Z,FALSE,-1
2538,70,9,3,776.44,2010-06-24T00:00:00Z,FALSE,-1
2539,82,99,1,237.36,2010-06-24T00:00:00Z,FALSE,-1
2540,24,26,1,690.54,2010-06-24T00:00:00Z,FALSE,-1
2541,95,69,1,765.31,2010-06-24T00:00:00Z,FALSE,-1
2542,93,34,3,938.28,2010-06-24T00:00:00Z,FALSE,-1
2543,16,83,1,440.86,2010-06-25T00:00:00Z,FALSE,-1
2544,98,81,3,191.55,2010-06-25T00:00:00Z,FALSE,-1
2545,67,43,3,928.54,2010-06-25T00:00:00Z,FALSE,-1
2546,97,60,3,729.52,2010-06-25T00:00:00Z,FALSE,-1
2547,22,62,1,559.07,2010-06-25T00:00:00Z,FALSE,-1
2548,9,70,3,1024.8,2010-06-25T00:00:00Z,FALSE,-1
2549,69,17,1,170.14,2010-06-25T00:00:00Z,FALSE,-1
2550,80,97,1,697.76,2010-06-25T00:00:00Z,FALSE,-1
2551,95,35,1,711.62,2010-06-25T00:00:00Z,FALSE,-1
2552,74,41,1,380.67,2010-06-25T00:00:00Z,FALSE,-1
2553,13,26,3,773.14,2010-06-26T00:00:00Z,FALSE,-1
2554,13,95,3,695.02,2010-06-26T00:00:00Z,FALSE,-1
2555,62,5,3,281.89,2010-06-26T00:00:00Z,FALSE,-1
2556,91,78,3,104.37,2010-06-26T00:00:00Z,FALSE,-1
2557,80,39,3,464.26,2010-06-26T00:00:00Z,FALSE,-1
2558,92,93,4,306.19,2010-06-26T00:00:00Z,FALSE,-1
2559,87,19,1,931.21,2010-06-26T00:00:00Z,FALSE,-1
2560,18,99,3,862.28,2010-06-26T00:00:00Z,FALSE,-1
2561,86,44,2,930.54,2010-06-26T00:00:00Z,FALSE,-1
2562,19,97,3,472.78,2010-06-26T00:00:00Z,FALSE,-1
2563,32,27,3,300.39,2010-06-26T00:00:00Z,FALSE,-1
2564,49,31,1,514.4,2010-06-26T00:00:00Z,FALSE,-1
2565,12,57,3,775.73,2010-06-26T00:00:00Z,FALSE,-1
2566,99,48,2,540.79,2010-06-26T00:00:00Z,FALSE,-1
2567,90,95,1,599.18,2010-06-26T00:00:00Z,FALSE,-1
2568,53,32,1,272.56,2010-06-26T00:00:00Z,FALSE,-1
2569,56,25,4,685.06,2010-06-27T00:00:00Z,FALSE,-1
2570,10,41,3,247.75,2010-06-27T00:00:00Z,FALSE,-1
2571,17,70,1,235.66,2010-06-27T00:00:00Z,FALSE,-1
2572,3,87,3,780.15,2010-06-27T00:00:00Z,FALSE,-1
2573,20,92,1,523.35,2010-06-27T00:00:00Z,FALSE,-1
2574,56,20,1,810.82,2010-06-27T00:00:00Z,FALSE,-1
2575,4,92,2,228.34,2010-06-27T00:00:00Z,FALSE,-1
2576,15,47,1,273.14,2010-06-27T00:00:00Z,FALSE,-1
2577,77,47,3,754.81,2010-06-27T00:00:00Z,FALSE,-1
2578,95,38,1,547.56,2010-06-27T00:00:00Z,FALSE,-1
2579,55,0,1,141.58,2010-06-27T00:00:00Z,FALSE,-1
2580,89,61,1,677.71,2010-06-27T00:00:00Z,FALSE,-1
2581,94,99,3,965.46,2010-06-27T00:00:00Z,FALSE,-1
2582,76,74,3,608.66,2010-06-28T00:00:00Z,FALSE,-1
2583,79,95,1,179.15,2010-06-28T00:00:00Z,FALSE,-1
2584,71,29,4,900.79,2010-06-28T00:00:00Z,FALSE,-1
2585,59,7,2,123.62,2010-06-28T00:00:00Z,FALSE,-1
2586,93,34,3,728.48,2010-06-28T00:00:00Z,FALSE,-1
2587,83,95,1,628.18,2010-06-28T00:00:00Z,FALSE,-1
2588,86,82,3,712.2,2010-06-29T00:00:00Z,FALSE,-1
2589,72,39,2,672.64,2010-06-29T00:00:00Z,FALSE,-1
2590,77,29,3,302.18,2010-06-29T00:00:00Z,FALSE,-1
2591,60,17,2,756.43,2010-06-29T00:00:00Z,FALSE,-1
2592,66,7,3,331.66,2010-06-29T00:00:00Z,FALSE,-1
2593,74,11,1,968.6,2010-06-29T00:00:00Z,FALSE,-1
2594,2,50,3,968.52,2010-06-29T00:00:00Z,FALSE,-1
2595,50,2,3,921.72,2010-06-29T00:00:00Z,FALSE,-1
2596,73,3,3,885.39,2010-06-29T00:00:00Z,FALSE,-1
2597,94,30,2,430.39,2010-06-29T00:00:00Z,FALSE,-1
2598,94,33,2,322.61,2010-06-29T00:00:00Z,FALSE,-1
2599,77,42,2,656.86,2010-06-29T00:00:00Z,FALSE,-1
2600,89,37,2,797.2,2010-06-29T00:00:00Z,FALSE,-1
2601,81,95,1,225.26,2010-06-29T00:00:00Z,FALSE,-1
2602,15,64,1,959.96,2010-06-29T00:00:00Z,FALSE,-1
2603,8,73,1,1079.82,2010-06-29T00:00:00Z,FALSE,-1
2604,63,33,3,205.59,2010-06-29T00:00:00Z,FALSE,-1
2605,11,74,2,693.18,2010-06-29T00:00:00Z,FALSE,-1
2606,52,35,1,681.47,2010-06-29T00:00:00Z,FALSE,-1
2607,27,28,1,139.36,2010-06-29T00:00:00Z,FALSE,-1
2608,38,49,1,666.37,2010-06-29T00:00:00Z,FALSE,-1
2609,95,46,1,407.34,2010-06-30T00:00:00Z,FALSE,-1
2610,5,87,3,959.55,2010-06-30T00:00:00Z,FALSE,-1
2611,58,2,1,209.57,2010-06-30T00:00:00Z,FALSE,-1
2612,67,35,1,351.73,2010-06-30T00:00:00Z,FALSE,-1
2613,57,8,1,961.39,2010-06-30T00:00:00Z,FALSE,-1
2614,51,30,3,448.84,2010-06-30T00:00:00Z,FALSE,-1
2615,14,20,1,538.89,2010-06-30T00:00:00Z,FALSE,-1
2616,84,95,2,578.77,2010-06-30T00:00:00Z,FALSE,-1
2617,83,32,3,508.96,2010-06-30T00:00:00Z,FALSE,-1
2618,0,55,3,477.9,2010-06-30T00:00:00Z,FALSE,-1
2619,6,93,2,125.07,2010-06-30T00:00:00Z,FALSE,-1
2620,75,98,2,722.29,2010-06-30T00:00:00Z,FALSE,-1
2621,1,49,3,959.87,2010-06-30T00:00:00Z,FALSE,-1
2622,65,24,2,899.82,2010-06-30T00:00:00Z,FALSE,-1
2623,88,78,1,892.76,2010-06-30T00:00:00Z,FALSE,-1
2624,54,28,1,208.26,2010-06-30T00:00:00Z,FALSE,-1
2625,21,44,1,569.24,2010-07-01T00:00:00Z,FALSE,-1
2626,68,34,1,359.29,2010-07-01T00:00:00Z,FALSE,-1
2627,82,40,1,422.1,2010-07-01T00:00:00Z,FALSE,-1
2628,70,9,3,932.58,2010-07-01T00:00:00Z,FALSE,-1
2629,78,45,1,599.57,2010-07-01T00:00:00Z,FALSE,-1
2630,78,45,1,769.34,2010-07-01T00:00:00Z,FALSE,-1
2631,94,48,3,630.9,2010-07-01T00:00:00Z,FALSE,-1
2632,93,36,1,326.37,2010-07-01T00:00:00Z,FALSE,-1
2633,85,47,4,699.19,2010-07-01T00:00:00Z,FALSE,-1
2634,96,55,3,961.46,2010-07-01T00:00:00Z,FALSE,-1
2635,23,98,1,897.87,2010-07-01T00:00:00Z,FALSE,-1
2636,64,15,1,166.95,2010-07-01T00:00:00Z,FALSE,-1
2637,61,1,3,286.88,2010-07-01T00:00:00Z,FALSE,-1
2638,95,46,1,193.89,2010-07-01T00:00:00Z,FALSE,-1
2639,24,90,2,469.68,2010-07-01T00:00:00Z,FALSE,-1
2640,7,79,1,608.37,2010-07-01T00:00:00Z,FALSE,-1
2641,82,97,2,181.35,2010-07-01T00:00:00Z,FALSE,-1
2642,93,36,1,794.33,2010-07-01T00:00:00Z,FALSE,-1
2643,80,56,2,376.73,2010-07-02T00:00:00Z,FALSE,-1
2644,97,98,3,251.5,2010-07-02T00:00:00Z,FALSE,-1
2645,22,56,2,753.07,2010-07-02T00:00:00Z,FALSE,-1
2646,52,35,1,945.17,2010-07-02T00:00:00Z,FALSE,-1
2647,98,41,1,978.14,2010-07-02T00:00:00Z,FALSE,-1
2648,9,77,1,509.06,2010-07-02T00:00:00Z,FALSE,-1
2649,68,43,1,257.71,2010-07-02T00:00:00Z,FALSE,-1
2650,16,98,3,180.06,2010-07-02T00:00:00Z,FALSE,-1
2651,98,72,3,613.16,2010-07-02T00:00:00Z,FALSE,-1
2652,69,17,1,580.05,2010-07-02T00:00:00Z,FALSE,-1
2653,44,27,2,508.39,2010-07-03T00:00:00Z,FALSE,-1
2654,91,80,2,997.46,2010-07-03T00:00:00Z,FALSE,-1
2655,90,39,1,134.37,2010-07-03T00:00:00Z,FALSE,-1
2656,12,6,2,280.35,2010-07-03T00:00:00Z,FALSE,-1
2657,92,62,2,501.13,2010-07-03T00:00:00Z,FALSE,-1
2658,90,52,3,894.69,2010-07-03T00:00:00Z,FALSE,-1
2659,62,5,3,112.77,2010-07-03T00:00:00Z,FALSE,-1
2660,13,34,1,341.22,2010-07-03T00:00:00Z,FALSE,-1
2661,88,44,3,845.96,2010-07-03T00:00:00Z,FALSE,-1
2662,18,46,2,841.74,2010-07-03T00:00:00Z,FALSE,-1
2663,53,32,1,220.58,2010-07-03T00:00:00Z,FALSE,-1
2664,19,28,1,499.61,2010-07-03T00:00:00Z,FALSE,-1
2665,54,31,1,695.15,2010-07-03T00:00:00Z,FALSE,-1
2666,87,31,3,288.47,2010-07-03T00:00:00Z,FALSE,-1
2667,24,26,1,180.66,2010-07-03T00:00:00Z,FALSE,-1
2668,99,98,3,359.43,2010-07-03T00:00:00Z,FALSE,-1
2669,56,20,3,301.68,2010-07-04T00:00:00Z,FALSE,-1
2670,77,72,2,411.24,2010-07-04T00:00:00Z,FALSE,-1
2671,4,89,1,864.22,2010-07-04T00:00:00Z,FALSE,-1
2672,94,58,1,975.44,2010-07-04T00:00:00Z,FALSE,-1
2673,89,88,2,279.38,2010-07-04T00:00:00Z,FALSE,-1
2674,55,0,3,146.04,2010-07-04T00:00:00Z,FALSE,-1
2675,10,91,1,644.65,2010-07-04T00:00:00Z,FALSE,-1
2676,75,25,1,398.86,2010-07-04T00:00:00Z,FALSE,-1
2677,96,38,3,965.96,2010-07-04T00:00:00Z,FALSE,-1
2678,42,47,1,184.95,2010-07-04T00:00:00Z,FALSE,-1
2679,17,77,1,353.57,2010-07-04T00:00:00Z,FALSE,-1
2680,3,73,3,987.16,2010-07-04T00:00:00Z,FALSE,-1
2681,20,64,1,375.62,2010-07-04T00:00:00Z,FALSE,-1
2682,83,94,3,630.23,2010-07-05T00:00:00Z,FALSE,-1
2683,94,34,2,706.57,2010-07-05T00:00:00Z,FALSE,-1
2684,79,17,3,119.87,2010-07-05T00:00:00Z,FALSE,-1
2685,59,7,2,591.38,2010-07-05T00:00:00Z,FALSE,-1
2686,76,69,1,186.39,2010-07-05T00:00:00Z,FALSE,-1
2687,71,29,2,831.61,2010-07-05T00:00:00Z,FALSE,-1
2688,29,28,1,776.34,2010-07-06T00:00:00Z,FALSE,-1
2689,63,33,3,536.67,2010-07-06T00:00:00Z,FALSE,-1
2690,56,49,3,107.08,2010-07-06T00:00:00Z,FALSE,-1
2691,11,86,3,832.35,2010-07-06T00:00:00Z,FALSE,-1
2692,98,30,1,581.41,2010-07-06T00:00:00Z,FALSE,-1
2693,96,29,2,488.27,2010-07-06T00:00:00Z,FALSE,-1
2694,98,33,3,483.66,2010-07-06T00:00:00Z,FALSE,-1
2695,72,39,2,648.5,2010-07-06T00:00:00Z,FALSE,-1
2696,52,35,1,860.98,2010-07-06T00:00:00Z,FALSE,-1
2697,15,32,2,613,2010-07-06T00:00:00Z,FALSE,-1
2698,81,54,2,191.84,2010-07-06T00:00:00Z,FALSE,-1
2699,50,2,2,257.94,2010-07-06T00:00:00Z,FALSE,-1
2700,73,3,3,932.6,2010-07-06T00:00:00Z,FALSE,-1
2701,86,94,1,516.14,2010-07-06T00:00:00Z,FALSE,-1
2702,74,11,1,285.61,2010-07-06T00:00:00Z,FALSE,-1
2703,8,57,3,746.46,2010-07-06T00:00:00Z,FALSE,-1
2704,91,37,2,168.28,2010-07-06T00:00:00Z,FALSE,-1
2705,89,42,1,362.76,2010-07-06T00:00:00Z,FALSE,-1
2706,2,86,2,393.22,2010-07-06T00:00:00Z,FALSE,-1
2707,60,17,3,131.41,2010-07-06T00:00:00Z,FALSE,-1
2708,66,7,2,835.9,2010-07-06T00:00:00Z,FALSE,-1
2709,65,24,2,308.09,2010-07-07T00:00:00Z,FALSE,-1
2710,67,35,3,678.66,2010-07-07T00:00:00Z,FALSE,-1
2711,6,30,1,241.34,2010-07-07T00:00:00Z,FALSE,-1
2712,97,46,1,329.03,2010-07-07T00:00:00Z,FALSE,-1
2713,1,97,3,712.31,2010-07-07T00:00:00Z,FALSE,-1
2714,5,33,2,341.74,2010-07-07T00:00:00Z,FALSE,-1
2715,0,27,3,388.55,2010-07-07T00:00:00Z,FALSE,-1
2716,14,30,1,548.41,2010-07-07T00:00:00Z,FALSE,-1
2717,54,28,1,755.67,2010-07-07T00:00:00Z,FALSE,-1
2718,84,75,3,857.58,2010-07-07T00:00:00Z,FALSE,-1
2719,57,8,3,575.66,2010-07-07T00:00:00Z,FALSE,-1
2720,51,30,3,549.11,2010-07-07T00:00:00Z,FALSE,-1
2721,75,78,2,509.46,2010-07-07T00:00:00Z,FALSE,-1
2722,99,32,1,199.77,2010-07-07T00:00:00Z,FALSE,-1
2723,58,2,2,930.28,2010-07-07T00:00:00Z,FALSE,-1
2724,88,38,1,865.95,2010-07-07T00:00:00Z,FALSE,-1
2725,78,83,3,826.18,2010-07-08T00:00:00Z,FALSE,-1
2726,68,34,3,283.54,2010-07-08T00:00:00Z,FALSE,-1
2727,97,48,3,841.3,2010-07-08T00:00:00Z,FALSE,-1
2728,85,66,1,770.53,2010-07-08T00:00:00Z,FALSE,-1
2729,94,40,1,463.34,2010-07-08T00:00:00Z,FALSE,-1
2730,87,45,4,455.53,2010-07-08T00:00:00Z,FALSE,-1
2731,7,22,2,373.63,2010-07-08T00:00:00Z,FALSE,-1
2732,97,36,1,250.3,2010-07-08T00:00:00Z,FALSE,-1
2733,61,1,2,148.71,2010-07-08T00:00:00Z,FALSE,-1
2734,70,9,1,644.78,2010-07-08T00:00:00Z,FALSE,-1
2735,23,50,3,684.94,2010-07-08T00:00:00Z,FALSE,-1
2736,24,65,1,639.6,2010-07-08T00:00:00Z,FALSE,-1
2737,64,15,1,709.48,2010-07-08T00:00:00Z,FALSE,-1
2738,82,8,3,870.71,2010-07-08T00:00:00Z,FALSE,-1
2739,95,55,3,633.57,2010-07-08T00:00:00Z,FALSE,-1
2740,93,49,3,586.63,2010-07-08T00:00:00Z,FALSE,-1
2741,96,94,3,201.11,2010-07-08T00:00:00Z,FALSE,-1
2742,21,99,2,344.73,2010-07-08T00:00:00Z,FALSE,-1
2743,16,61,2,397.94,2010-07-09T00:00:00Z,FALSE,-1
2744,97,21,3,976.55,2010-07-09T00:00:00Z,FALSE,-1
2745,95,43,1,925.57,2010-07-09T00:00:00Z,FALSE,-1
2746,99,41,1,321.88,2010-07-09T00:00:00Z,FALSE,-1
2747,80,69,1,837.59,2010-07-09T00:00:00Z,FALSE,-1
2748,22,92,2,461.04,2010-07-09T00:00:00Z,FALSE,-1
2749,67,35,1,222.77,2010-07-09T00:00:00Z,FALSE,-1
2750,98,2,1,780.68,2010-07-09T00:00:00Z,FALSE,-1
2751,69,17,1,275.76,2010-07-09T00:00:00Z,FALSE,-1
2752,9,38,3,787.14,2010-07-09T00:00:00Z,FALSE,-1
2753,19,85,3,602.12,2010-07-10T00:00:00Z,FALSE,-1
2754,92,65,1,690.12,2010-07-10T00:00:00Z,FALSE,-1
2755,13,77,1,773.73,2010-07-10T00:00:00Z,FALSE,-1
2756,45,27,3,701.85,2010-07-10T00:00:00Z,FALSE,-1
2757,94,44,1,255.34,2010-07-10T00:00:00Z,FALSE,-1
2758,99,74,3,848.09,2010-07-10T00:00:00Z,FALSE,-1
2759,62,5,3,921.69,2010-07-10T00:00:00Z,FALSE,-1
2760,36,26,1,976.95,2010-07-10T00:00:00Z,FALSE,-1
2761,18,96,1,505.61,2010-07-10T00:00:00Z,FALSE,-1
2762,91,37,2,719.21,2010-07-10T00:00:00Z,FALSE,-1
2763,53,32,1,432.03,2010-07-10T00:00:00Z,FALSE,-1
2764,87,95,3,455.18,2010-07-10T00:00:00Z,FALSE,-1
2765,90,50,1,738.93,2010-07-10T00:00:00Z,FALSE,-1
2766,12,5,3,742.58,2010-07-10T00:00:00Z,FALSE,-1
2767,92,39,1,477.75,2010-07-10T00:00:00Z,FALSE,-1
2768,58,31,1,808.71,2010-07-10T00:00:00Z,FALSE,-1
2769,4,24,3,871.5,2010-07-11T00:00:00Z,FALSE,-1
2770,81,25,3,596.12,2010-07-11T00:00:00Z,FALSE,-1
2771,77,47,3,264.36,2010-07-11T00:00:00Z,FALSE,-1
2772,98,38,3,729.79,2010-07-11T00:00:00Z,FALSE,-1
2773,56,20,3,766.4,2010-07-11T00:00:00Z,FALSE,-1
2774,55,0,1,640.39,2010-07-11T00:00:00Z,FALSE,-1
2775,77,29,3,181.07,2010-07-11T00:00:00Z,FALSE,-1
2776,94,34,2,809.26,2010-07-11T00:00:00Z,FALSE,-1
2777,17,60,1,402.39,2010-07-11T00:00:00Z,FALSE,-1
2778,89,98,3,604.7,2010-07-11T00:00:00Z,FALSE,-1
2779,10,93,2,877.54,2010-07-11T00:00:00Z,FALSE,-1
2780,20,56,2,801.56,2010-07-11T00:00:00Z,FALSE,-1
2781,3,47,1,736.39,2010-07-11T00:00:00Z,FALSE,-1
2782,71,29,2,121.38,2010-07-12T00:00:00Z,FALSE,-1
2783,76,72,1,921.51,2010-07-12T00:00:00Z,FALSE,-1
2784,79,88,3,411.12,2010-07-12T00:00:00Z,FALSE,-1
2785,68,34,1,987.3,2010-07-12T00:00:00Z,FALSE,-1
2786,83,13,1,392.65,2010-07-12T00:00:00Z,FALSE,-1
2787,59,7,1,359.73,2010-07-12T00:00:00Z,FALSE,-1
2788,63,33,3,940.53,2010-07-13T00:00:00Z,FALSE,-1
2789,60,17,3,293.1,2010-07-13T00:00:00Z,FALSE,-1
2790,2,58,3,107.87,2010-07-13T00:00:00Z,FALSE,-1
2791,51,30,3,608.64,2010-07-13T00:00:00Z,FALSE,-1
2792,11,26,3,602.99,2010-07-13T00:00:00Z,FALSE,-1
2793,72,39,2,230.55,2010-07-13T00:00:00Z,FALSE,-1
2794,71,29,3,912.91,2010-07-13T00:00:00Z,FALSE,-1
2795,95,42,3,680.7,2010-07-13T00:00:00Z,FALSE,-1
2796,66,7,2,709.47,2010-07-13T00:00:00Z,FALSE,-1
2797,73,3,4,552.22,2010-07-13T00:00:00Z,FALSE,-1
2798,50,2,3,432,2010-07-13T00:00:00Z,FALSE,-1
2799,31,28,1,289.67,2010-07-13T00:00:00Z,FALSE,-1
2800,74,11,2,287.32,2010-07-13T00:00:00Z,FALSE,-1
2801,63,33,3,835.76,2010-07-13T00:00:00Z,FALSE,-1
2802,8,66,3,946.3,2010-07-13T00:00:00Z,FALSE,-1
2803,52,35,1,615.83,2010-07-13T00:00:00Z,FALSE,-1
2804,81,59,1,203.6,2010-07-13T00:00:00Z,FALSE,-1
2805,95,37,3,307.48,2010-07-13T00:00:00Z,FALSE,-1
2806,15,47,1,764.69,2010-07-13T00:00:00Z,FALSE,-1
2807,86,56,2,101.68,2010-07-13T00:00:00Z,FALSE,-1
2808,59,49,2,644.15,2010-07-13T00:00:00Z,FALSE,-1
2809,65,24,1,890.39,2010-07-14T00:00:00Z,FALSE,-1
2810,14,16,4,814.05,2010-07-14T00:00:00Z,FALSE,-1
2811,75,11,1,339.77,2010-07-14T00:00:00Z,FALSE,-1
2812,58,2,1,806.88,2010-07-14T00:00:00Z,FALSE,-1
2813,6,94,3,138.87,2010-07-14T00:00:00Z,FALSE,-1
2814,84,99,3,687.02,2010-07-14T00:00:00Z,FALSE,-1
2815,51,30,4,792.67,2010-07-14T00:00:00Z,FALSE,-1
2816,1,61,1,579.17,2010-07-14T00:00:00Z,FALSE,-1
2817,54,28,3,485.97,2010-07-14T00:00:00Z,FALSE,-1
2818,88,77,1,787.19,2010-07-14T00:00:00Z,FALSE,-1
2819,5,62,2,383.24,2010-07-14T00:00:00Z,FALSE,-1
2820,53,32,3,749.22,2010-07-14T00:00:00Z,FALSE,-1
2821,0,55,3,320.24,2010-07-14T00:00:00Z,FALSE,-1
2822,99,46,1,862.97,2010-07-14T00:00:00Z,FALSE,-1
2823,67,35,1,561.94,2010-07-14T00:00:00Z,FALSE,-1
2824,57,8,1,324.81,2010-07-14T00:00:00Z,FALSE,-1
2825,93,86,3,109.85,2010-07-15T00:00:00Z,FALSE,-1
2826,21,81,1,182.32,2010-07-15T00:00:00Z,FALSE,-1
2827,78,77,1,294.66,2010-07-15T00:00:00Z,FALSE,-1
2828,7,59,3,394.16,2010-07-15T00:00:00Z,FALSE,-1
2829,99,48,2,426.49,2010-07-15T00:00:00Z,FALSE,-1
2830,98,40,3,146.91,2010-07-15T00:00:00Z,FALSE,-1
2831,61,1,2,630.37,2010-07-15T00:00:00Z,FALSE,-1
2832,82,47,3,688.06,2010-07-15T00:00:00Z,FALSE,-1
2833,96,99,2,564.16,2010-07-15T00:00:00Z,FALSE,-1
2834,98,36,2,287.73,2010-07-15T00:00:00Z,FALSE,-1
2835,23,17,2,936.65,2010-07-15T00:00:00Z,FALSE,-1
2836,91,45,1,694.61,2010-07-15T00:00:00Z,FALSE,-1
2837,70,9,1,941.82,2010-07-15T00:00:00Z,FALSE,-1
2838,95,38,1,520.32,2010-07-15T00:00:00Z,FALSE,-1
2839,24,91,2,857.6,2010-07-15T00:00:00Z,FALSE,-1
2840,64,15,3,114.24,2010-07-15T00:00:00Z,FALSE,-1
2841,68,34,1,220.01,2010-07-15T00:00:00Z,FALSE,-1
2842,85,80,2,251.08,2010-07-15T00:00:00Z,FALSE,-1
2843,33,43,1,486.73,2010-07-16T00:00:00Z,FALSE,-1
2844,80,78,2,846.11,2010-07-16T00:00:00Z,FALSE,-1
2845,28,35,3,321,2010-07-16T00:00:00Z,FALSE,-1
2846,22,99,1,277.97,2010-07-16T00:00:00Z,FALSE,-1
2847,9,23,1,918.61,2010-07-16T00:00:00Z,FALSE,-1
2848,69,17,3,619.25,2010-07-16T00:00:00Z,FALSE,-1
2849,16,50,3,252.87,2010-07-16T00:00:00Z,FALSE,-1
2850,97,96,1,697.17,2010-07-16T00:00:00Z,FALSE,-1
2851,10,41,3,589.94,2010-07-16T00:00:00Z,FALSE,-1
2852,98,47,1,667.78,2010-07-16T00:00:00Z,FALSE,-1
2853,63,31,3,258.21,2010-07-17T00:00:00Z,FALSE,-1
2854,62,5,3,414.35,2010-07-17T00:00:00Z,FALSE,-1
2855,93,27,2,700.73,2010-07-17T00:00:00Z,FALSE,-1
2856,90,7,3,767.57,2010-07-17T00:00:00Z,FALSE,-1
2857,91,67,3,509.63,2010-07-17T00:00:00Z,FALSE,-1
2858,53,32,3,683.73,2010-07-17T00:00:00Z,FALSE,-1
2859,12,97,1,1060.65,2010-07-17T00:00:00Z,FALSE,-1
2860,13,26,3,305.29,2010-07-17T00:00:00Z,FALSE,-1
2861,92,64,3,418.38,2010-07-17T00:00:00Z,FALSE,-1
2862,87,72,1,752.64,2010-07-17T00:00:00Z,FALSE,-1
2863,16,44,3,692.37,2010-07-17T00:00:00Z,FALSE,-1
2864,29,39,1,128.06,2010-07-17T00:00:00Z,FALSE,-1
2865,19,7,3,124.5,2010-07-17T00:00:00Z,FALSE,-1
2866,62,26,3,799.79,2010-07-17T00:00:00Z,FALSE,-1
2867,99,87,3,228.07,2010-07-17T00:00:00Z,FALSE,-1
2868,18,91,1,554.22,2010-07-17T00:00:00Z,FALSE,-1
2869,89,37,2,459.61,2010-07-18T00:00:00Z,FALSE,-1
2870,3,87,3,519.63,2010-07-18T00:00:00Z,FALSE,-1
2871,10,78,3,878.7,2010-07-18T00:00:00Z,FALSE,-1
2872,94,25,1,623.31,2010-07-18T00:00:00Z,FALSE,-1
2873,82,47,3,685.9,2010-07-18T00:00:00Z,FALSE,-1
2874,55,0,1,291.02,2010-07-18T00:00:00Z,FALSE,-1
2875,20,55,1,805.54,2010-07-18T00:00:00Z,FALSE,-1
2876,9,38,3,879.99,2010-07-18T00:00:00Z,FALSE,-1
2877,56,20,1,747.86,2010-07-18T00:00:00Z,FALSE,-1
2878,17,69,3,797.91,2010-07-18T00:00:00Z,FALSE,-1
2879,4,92,2,835.93,2010-07-18T00:00:00Z,FALSE,-1
2880,77,82,2,210.51,2010-07-18T00:00:00Z,FALSE,-1
2881,94,13,2,932.69,2010-07-18T00:00:00Z,FALSE,-1
2882,79,92,1,888.32,2010-07-19T00:00:00Z,FALSE,-1
2883,13,34,1,792.83,2010-07-19T00:00:00Z,FALSE,-1
2884,59,7,1,654.21,2010-07-19T00:00:00Z,FALSE,-1
2885,71,29,2,355.92,2010-07-19T00:00:00Z,FALSE,-1
2886,83,88,2,231.28,2010-07-19T00:00:00Z,FALSE,-1
2887,76,95,3,932.06,2010-07-19T00:00:00Z,FALSE,-1
2888,32,28,1,567.72,2010-07-20T00:00:00Z,FALSE,-1
2889,67,49,1,830.06,2010-07-20T00:00:00Z,FALSE,-1
2890,66,7,3,317.81,2010-07-20T00:00:00Z,FALSE,-1
2891,11,98,2,394.18,2010-07-20T00:00:00Z,FALSE,-1
2892,5,33,2,895.59,2010-07-20T00:00:00Z,FALSE,-1
2893,86,44,2,966.89,2010-07-20T00:00:00Z,FALSE,-1
2894,72,39,2,299.87,2010-07-20T00:00:00Z,FALSE,-1
2895,23,37,1,296.61,2010-07-20T00:00:00Z,FALSE,-1
2896,50,2,2,833.35,2010-07-20T00:00:00Z,FALSE,-1
2897,74,11,1,916.99,2010-07-20T00:00:00Z,FALSE,-1
2898,98,95,2,201.63,2010-07-20T00:00:00Z,TRUE,2
2899,20,29,3,228.68,2010-07-20T00:00:00Z,FALSE,-1
2900,2,50,3,870.27,2010-07-20T00:00:00Z,FALSE,-1
2901,6,30,1,662.27,2010-07-20T00:00:00Z,FALSE,-1
2902,8,61,1,256.99,2010-07-20T00:00:00Z,FALSE,-1
2903,17,42,1,164.61,2010-07-20T00:00:00Z,FALSE,-1
2904,73,3,3,233.1,2010-07-20T00:00:00Z,FALSE,-1
2905,52,35,1,432.58,2010-07-20T00:00:00Z,FALSE,-1
2906,63,33,3,926.8,2010-07-20T00:00:00Z,FALSE,-1
2907,15,22,3,224.16,2010-07-20T00:00:00Z,FALSE,-1
2908,81,63,3,335.25,2010-07-20T00:00:00Z,FALSE,-1
2909,60,17,3,634.82,2010-07-20T00:00:00Z,FALSE,-1
2910,67,35,1,585.48,2010-07-21T00:00:00Z,FALSE,-1
2911,6,25,4,455.94,2010-07-21T00:00:00Z,FALSE,-1
2912,88,26,1,351.03,2010-07-21T00:00:00Z,FALSE,-1
2913,54,28,1,277.78,2010-07-21T00:00:00Z,FALSE,-1
2914,0,27,3,553.48,2010-07-21T00:00:00Z,FALSE,-1
2915,15,32,2,787.49,2010-07-21T00:00:00Z,FALSE,-1
2916,84,19,3,513.44,2010-07-21T00:00:00Z,FALSE,-1
2917,75,96,3,807.42,2010-07-21T00:00:00Z,FALSE,-1
2918,57,8,1,969.53,2010-07-21T00:00:00Z,FALSE,-1
2919,51,30,3,420.61,2010-07-21T00:00:00Z,FALSE,-1
2920,5,87,3,925.39,2010-07-21T00:00:00Z,FALSE,-1
2921,14,55,3,515.56,2010-07-21T00:00:00Z,FALSE,-1
2922,65,24,2,516.74,2010-07-21T00:00:00Z,FALSE,-1
2923,11,46,4,685.4,2010-07-21T00:00:00Z,FALSE,-1
2924,1,49,3,603.39,2010-07-21T00:00:00Z,FALSE,-1
2925,58,2,3,493.01,2010-07-21T00:00:00Z,FALSE,-1
2926,38,45,1,354.25,2010-07-22T00:00:00Z,FALSE,-1
2927,61,1,3,665.29,2010-07-22T00:00:00Z,FALSE,-1
2928,70,9,4,140.56,2010-07-22T00:00:00Z,FALSE,-1
2929,85,50,2,257.35,2010-07-22T00:00:00Z,FALSE,-1
2930,30,36,1,242.4,2010-07-22T00:00:00Z,FALSE,-1
2931,14,48,2,855.24,2010-07-22T00:00:00Z,FALSE,-1
2932,7,66,1,369.92,2010-07-22T00:00:00Z,FALSE,-1
2933,95,62,1,287.44,2010-07-22T00:00:00Z,FALSE,-1
2934,93,97,3,580.24,2010-07-22T00:00:00Z,FALSE,-1
2935,64,15,1,350.67,2010-07-22T00:00:00Z,FALSE,-1
2936,82,75,2,518.78,2010-07-22T00:00:00Z,FALSE,-1
2937,21,92,3,341.21,2010-07-22T00:00:00Z,FALSE,-1
2938,68,34,2,303.8,2010-07-22T00:00:00Z,FALSE,-1
2939,21,40,2,647.53,2010-07-22T00:00:00Z,FALSE,-1
2940,23,79,1,945.05,2010-07-22T00:00:00Z,FALSE,-1
2941,24,60,1,620.59,2010-07-22T00:00:00Z,FALSE,-1
2942,78,14,2,197.47,2010-07-22T00:00:00Z,FALSE,-1
2943,96,14,3,494.06,2010-07-22T00:00:00Z,FALSE,-1
2944,39,35,1,560.91,2010-07-23T00:00:00Z,FALSE,-1
2945,69,17,1,956.15,2010-07-23T00:00:00Z,FALSE,-1
2946,42,41,2,713.07,2010-07-23T00:00:00Z,FALSE,-1
2947,9,70,3,924.53,2010-07-23T00:00:00Z,FALSE,-1
2948,80,67,3,746.54,2010-07-23T00:00:00Z,FALSE,-1
2949,22,74,1,318.65,2010-07-23T00:00:00Z,FALSE,-1
2950,16,44,3,548.3,2010-07-23T00:00:00Z,FALSE,-1
2951,98,76,3,903.59,2010-07-23T00:00:00Z,FALSE,-1
2952,97,27,2,869.09,2010-07-23T00:00:00Z,FALSE,-1
2953,44,43,3,356.27,2010-07-23T00:00:00Z,FALSE,-1
2954,88,26,1,551.19,2010-07-24T00:00:00Z,FALSE,-1
2955,87,79,3,552.7,2010-07-24T00:00:00Z,FALSE,-1
2956,97,27,2,997.13,2010-07-24T00:00:00Z,FALSE,-1
2957,55,39,1,827.08,2010-07-24T00:00:00Z,FALSE,-1
2958,18,99,3,233.55,2010-07-24T00:00:00Z,FALSE,-1
2959,92,98,1,325.45,2010-07-24T00:00:00Z,FALSE,-1
2960,62,5,3,589.14,2010-07-24T00:00:00Z,FALSE,-1
2961,90,82,3,367.47,2010-07-24T00:00:00Z,FALSE,-1
2962,12,11,3,286.62,2010-07-24T00:00:00Z,FALSE,-1
2963,87,31,3,107.55,2010-07-24T00:00:00Z,FALSE,-1
2964,91,99,3,977.22,2010-07-24T00:00:00Z,FALSE,-1
2965,21,44,1,783.18,2010-07-24T00:00:00Z,FALSE,-1
2966,19,99,1,942.63,2010-07-24T00:00:00Z,FALSE,-1
2967,99,32,1,981.88,2010-07-24T00:00:00Z,FALSE,-1
2968,53,32,1,271.97,2010-07-24T00:00:00Z,FALSE,-1
2969,13,97,3,1016.48,2010-07-24T00:00:00Z,FALSE,-1
2970,56,20,3,832.39,2010-07-25T00:00:00Z,FALSE,-1
2971,94,96,2,281.72,2010-07-25T00:00:00Z,FALSE,-1
2972,46,38,1,550.78,2010-07-25T00:00:00Z,FALSE,-1
2973,20,29,3,174.95,2010-07-25T00:00:00Z,FALSE,-1
2974,77,95,4,308.91,2010-07-25T00:00:00Z,FALSE,-1
2975,17,42,1,110.89,2010-07-25T00:00:00Z,FALSE,-1
2976,10,70,3,703.17,2010-07-25T00:00:00Z,FALSE,-1
2977,3,73,3,375.78,2010-07-25T00:00:00Z,FALSE,-1
2978,85,47,4,448.33,2010-07-25T00:00:00Z,FALSE,-1
2979,4,89,1,435.84,2010-07-25T00:00:00Z,FALSE,-1
2980,89,94,1,877.94,2010-07-25T00:00:00Z,FALSE,-1
2981,99,25,1,863.27,2010-07-25T00:00:00Z,FALSE,-1
2982,55,0,1,918.38,2010-07-25T00:00:00Z,FALSE,-1
2983,83,96,1,954,2010-07-26T00:00:00Z,FALSE,-1
2984,76,63,4,256.7,2010-07-26T00:00:00Z,FALSE,-1
2985,29,34,1,563,2010-07-26T00:00:00Z,FALSE,-1
2986,59,7,1,189.98,2010-07-26T00:00:00Z,FALSE,-1
2987,71,29,1,892.59,2010-07-26T00:00:00Z,FALSE,-1
2988,79,86,3,398.17,2010-07-26T00:00:00Z,FALSE,-1
2989,72,39,2,613.77,2010-07-27T00:00:00Z,FALSE,-1
2990,73,3,3,554.06,2010-07-27T00:00:00Z,FALSE,-1
2991,63,33,3,905.35,2010-07-27T00:00:00Z,FALSE,-1
2992,25,29,2,251.37,2010-07-27T00:00:00Z,FALSE,-1
2993,40,37,3,368.65,2010-07-27T00:00:00Z,FALSE,-1
2994,14,30,1,848.71,2010-07-27T00:00:00Z,FALSE,-1
2995,15,24,2,242.77,2010-07-27T00:00:00Z,FALSE,-1
2996,11,46,4,456.65,2010-07-27T00:00:00Z,FALSE,-1
2997,86,18,3,468.81,2010-07-27T00:00:00Z,FALSE,-1
2998,86,49,1,311.1,2010-07-27T00:00:00Z,FALSE,-1
2999,2,86,2,172.36,2010-07-27T00:00:00Z,FALSE,-1
3000,8,73,1,621.22,2010-07-27T00:00:00Z,FALSE,-1
3001,60,17,2,370.57,2010-07-27T00:00:00Z,FALSE,-1
3002,34,28,1,810.37,2010-07-27T00:00:00Z,FALSE,-1
3003,41,42,1,607.03,2010-07-27T00:00:00Z,FALSE,-1
3004,50,2,3,335.65,2010-07-27T00:00:00Z,FALSE,-1
3005,74,11,1,143.23,2010-07-27T00:00:00Z,FALSE,-1
3006,81,8,2,938.01,2010-07-27T00:00:00Z,FALSE,-1
3007,44,33,1,725.06,2010-07-27T00:00:00Z,FALSE,-1
3008,52,35,1,909.95,2010-07-27T00:00:00Z,FALSE,-1
3009,66,7,1,832.77,2010-07-27T00:00:00Z,FALSE,-1
3010,57,8,1,217.51,2010-07-28T00:00:00Z,FALSE,-1
3011,54,28,1,905.9,2010-07-28T00:00:00Z,FALSE,-1
3012,58,2,3,777.89,2010-07-28T00:00:00Z,FALSE,-1
3013,0,55,3,361.4,2010-07-28T00:00:00Z,FALSE,-1
3014,51,30,3,699.38,2010-07-28T00:00:00Z,FALSE,-1
3015,1,97,3,917.68,2010-07-28T00:00:00Z,FALSE,-1
3016,65,24,3,920.16,2010-07-28T00:00:00Z,FALSE,-1
3017,66,32,3,539.9,2010-07-28T00:00:00Z,FALSE,-1
3018,88,17,2,968.47,2010-07-28T00:00:00Z,FALSE,-1
3019,14,48,2,369.81,2010-07-28T00:00:00Z,FALSE,-1
3020,75,65,1,360.49,2010-07-28T00:00:00Z,FALSE,-1
3021,67,35,3,662.78,2010-07-28T00:00:00Z,FALSE,-1
3022,6,93,2,686.61,2010-07-28T00:00:00Z,FALSE,-1
3023,84,89,4,246.87,2010-07-28T00:00:00Z,FALSE,-1
3024,5,33,2,113.44,2010-07-28T00:00:00Z,FALSE,-1
3025,18,46,2,635.78,2010-07-28T00:00:00Z,FALSE,-1
3026,69,48,1,673.96,2010-07-29T00:00:00Z,FALSE,-1
3027,55,40,1,919.43,2010-07-29T00:00:00Z,FALSE,-1
3028,40,45,1,285.42,2010-07-29T00:00:00Z,FALSE,-1
3029,23,37,1,345.71,2010-07-29T00:00:00Z,FALSE,-1
3030,70,9,3,516.91,2010-07-29T00:00:00Z,FALSE,-1
3031,82,84,3,752.64,2010-07-29T00:00:00Z,FALSE,-1
3032,95,51,3,845.16,2010-07-29T00:00:00Z,FALSE,-1
3033,61,1,3,641.38,2010-07-29T00:00:00Z,FALSE,-1
3034,7,79,1,892.07,2010-07-29T00:00:00Z,FALSE,-1
3035,24,69,3,692.36,2010-07-29T00:00:00Z,FALSE,-1
3036,78,80,3,945.03,2010-07-29T00:00:00Z,FALSE,-1
3037,21,40,2,107.21,2010-07-29T00:00:00Z,FALSE,-1
3038,93,91,4,953.13,2010-07-29T00:00:00Z,FALSE,-1
3039,96,88,3,604.75,2010-07-29T00:00:00Z,FALSE,-1
3040,64,15,1,818.62,2010-07-29T00:00:00Z,FALSE,-1
3041,42,36,3,499.56,2010-07-29T00:00:00Z,FALSE,-1
3042,68,34,1,253.38,2010-07-29T00:00:00Z,FALSE,-1
3043,85,78,3,804.56,2010-07-29T00:00:00Z,FALSE,-1
3044,97,74,4,735.19,2010-07-30T00:00:00Z,FALSE,-1
3045,9,77,1,524.66,2010-07-30T00:00:00Z,FALSE,-1
3046,80,19,1,179.44,2010-07-30T00:00:00Z,FALSE,-1
3047,60,43,1,850.25,2010-07-30T00:00:00Z,FALSE,-1
3048,59,35,2,466.64,2010-07-30T00:00:00Z,FALSE,-1
3049,69,17,1,752.37,2010-07-30T00:00:00Z,FALSE,-1
3050,16,83,1,389.48,2010-07-30T00:00:00Z,FALSE,-1
3051,22,62,1,858.01,2010-07-30T00:00:00Z,FALSE,-1
3052,52,41,2,106.1,2010-07-30T00:00:00Z,FALSE,-1
3053,98,99,1,449.48,2010-07-30T00:00:00Z,FALSE,-1
3054,91,62,1,306.4,2010-07-31T00:00:00Z,FALSE,-1
3055,62,5,3,964.9,2010-07-31T00:00:00Z,FALSE,-1
3056,11,26,3,857.32,2010-07-31T00:00:00Z,FALSE,-1
3057,18,46,2,591.72,2010-07-31T00:00:00Z,FALSE,-1
3058,53,32,3,125.18,2010-07-31T00:00:00Z,FALSE,-1
3059,13,95,3,376.72,2010-07-31T00:00:00Z,FALSE,-1
3060,90,2,1,758.46,2010-07-31T00:00:00Z,FALSE,-1
3061,92,30,3,484.57,2010-07-31T00:00:00Z,FALSE,-1
3062,76,44,3,766.52,2010-07-31T00:00:00Z,FALSE,-1
3063,12,57,3,375.2,2010-07-31T00:00:00Z,FALSE,-1
3064,99,96,1,664.3,2010-07-31T00:00:00Z,FALSE,-1
3065,0,27,3,331.91,2010-07-31T00:00:00Z,FALSE,-1
3066,19,97,3,445.55,2010-07-31T00:00:00Z,FALSE,-1
3067,87,98,3,746.04,2010-07-31T00:00:00Z,FALSE,-1
3068,49,31,1,655.09,2010-07-31T00:00:00Z,FALSE,-1
3069,70,39,1,830.25,2010-07-31T00:00:00Z,FALSE,-1
3070,20,92,1,850.94,2010-08-01T00:00:00Z,FALSE,-1
3071,56,20,4,394.65,2010-08-01T00:00:00Z,FALSE,-1
3072,97,47,1,687.68,2010-08-01T00:00:00Z,FALSE,-1
3073,83,38,1,527.05,2010-08-01T00:00:00Z,FALSE,-1
3074,17,70,1,709.19,2010-08-01T00:00:00Z,FALSE,-1
3075,55,0,1,392.76,2010-08-01T00:00:00Z,FALSE,-1
3076,94,53,3,466.01,2010-08-01T00:00:00Z,FALSE,-1
3077,4,24,3,458.23,2010-08-01T00:00:00Z,FALSE,-1
3078,6,25,4,729.99,2010-08-01T00:00:00Z,FALSE,-1
3079,77,42,2,116.43,2010-08-01T00:00:00Z,FALSE,-1
3080,10,41,3,431.35,2010-08-01T00:00:00Z,FALSE,-1
3081,89,86,3,522.61,2010-08-01T00:00:00Z,FALSE,-1
3082,3,47,1,858.12,2010-08-01T00:00:00Z,FALSE,-1
3083,79,28,3,759.01,2010-08-02T00:00:00Z,FALSE,-1
3084,76,44,3,864.27,2010-08-02T00:00:00Z,FALSE,-1
3085,59,7,2,786.53,2010-08-02T00:00:00Z,FALSE,-1
3086,71,29,4,361.33,2010-08-02T00:00:00Z,FALSE,-1
3087,83,32,3,852.04,2010-08-02T00:00:00Z,FALSE,-1
3088,36,34,1,353.06,2010-08-02T00:00:00Z,FALSE,-1
3089,63,33,3,277.48,2010-08-03T00:00:00Z,FALSE,-1
3090,35,29,3,902,2010-08-03T00:00:00Z,FALSE,-1
3091,69,42,2,366.52,2010-08-03T00:00:00Z,FALSE,-1
3092,86,49,1,674.06,2010-08-03T00:00:00Z,FALSE,-1
3093,81,97,3,219.73,2010-08-03T00:00:00Z,FALSE,-1
3094,72,39,2,600.61,2010-08-03T00:00:00Z,FALSE,-1
3095,80,37,3,923.78,2010-08-03T00:00:00Z,FALSE,-1
3096,52,35,3,418.79,2010-08-03T00:00:00Z,FALSE,-1
3097,74,11,1,823.97,2010-08-03T00:00:00Z,FALSE,-1
3098,58,33,1,736.46,2010-08-03T00:00:00Z,FALSE,-1
3099,60,17,2,225.58,2010-08-03T00:00:00Z,FALSE,-1
3100,93,49,3,681.87,2010-08-03T00:00:00Z,FALSE,-1
3101,44,30,3,892.85,2010-08-03T00:00:00Z,FALSE,-1
3102,15,64,1,217.72,2010-08-03T00:00:00Z,FALSE,-1
3103,2,58,3,550.56,2010-08-03T00:00:00Z,FALSE,-1
3104,8,57,3,413.76,2010-08-03T00:00:00Z,FALSE,-1
3105,50,2,2,451.71,2010-08-03T00:00:00Z,FALSE,-1
3106,35,28,3,865.53,2010-08-03T00:00:00Z,FALSE,-1
3107,11,74,2,854.64,2010-08-03T00:00:00Z,FALSE,-1
3108,73,3,2,923.78,2010-08-03T00:00:00Z,FALSE,-1
3109,66,7,3,871.19,2010-08-03T00:00:00Z,FALSE,-1
3110,75,73,3,108.99,2010-08-04T00:00:00Z,FALSE,-1
3111,88,89,3,353.59,2010-08-04T00:00:00Z,FALSE,-1
3112,76,32,3,555.93,2010-08-04T00:00:00Z,FALSE,-1
3113,5,62,2,417.13,2010-08-04T00:00:00Z,FALSE,-1
3114,14,20,1,599.81,2010-08-04T00:00:00Z,FALSE,-1
3115,6,30,1,599.53,2010-08-04T00:00:00Z,FALSE,-1
3116,62,46,3,943.89,2010-08-04T00:00:00Z,FALSE,-1
3117,0,27,3,307.24,2010-08-04T00:00:00Z,FALSE,-1
3118,65,24,2,964.96,2010-08-04T00:00:00Z,FALSE,-1
3119,1,61,1,440.35,2010-08-04T00:00:00Z,FALSE,-1
3120,54,28,1,782.81,2010-08-04T00:00:00Z,FALSE,-1
3121,84,64,2,731.01,2010-08-04T00:00:00Z,FALSE,-1
3122,57,8,1,354.1,2010-08-04T00:00:00Z,FALSE,-1
3123,51,30,3,336.56,2010-08-04T00:00:00Z,FALSE,-1
3124,67,35,3,419.96,2010-08-04T00:00:00Z,FALSE,-1
3125,58,2,1,193.92,2010-08-04T00:00:00Z,FALSE,-1
3126,85,60,1,127.28,2010-08-05T00:00:00Z,FALSE,-1
3127,50,45,3,439.94,2010-08-05T00:00:00Z,FALSE,-1
3128,74,48,2,704.4,2010-08-05T00:00:00Z,FALSE,-1
3129,24,26,1,150.93,2010-08-05T00:00:00Z,FALSE,-1
3130,96,95,3,690.68,2010-08-05T00:00:00Z,FALSE,-1
3131,68,34,3,878.61,2010-08-05T00:00:00Z,FALSE,-1
3132,61,1,2,259.97,2010-08-05T00:00:00Z,FALSE,-1
3133,78,21,1,396.33,2010-08-05T00:00:00Z,FALSE,-1
3134,7,22,2,638.23,2010-08-05T00:00:00Z,FALSE,-1
3135,61,40,2,741.77,2010-08-05T00:00:00Z,FALSE,-1
3136,70,9,1,359.31,2010-08-05T00:00:00Z,FALSE,-1
3137,21,44,1,818.98,2010-08-05T00:00:00Z,FALSE,-1
3138,82,56,3,965.51,2010-08-05T00:00:00Z,FALSE,-1
3139,93,90,3,679.74,2010-08-05T00:00:00Z,FALSE,-1
3140,23,20,3,602.95,2010-08-05T00:00:00Z,FALSE,-1
3141,95,10,2,548.76,2010-08-05T00:00:00Z,FALSE,-1
3142,64,15,3,102.52,2010-08-05T00:00:00Z,FALSE,-1
3143,55,36,3,770.83,2010-08-05T00:00:00Z,FALSE,-1
3144,22,56,2,778.6,2010-08-06T00:00:00Z,FALSE,-1
3145,9,38,3,847.42,2010-08-06T00:00:00Z,FALSE,-1
3146,69,17,2,865.16,2010-08-06T00:00:00Z,FALSE,-1
3147,98,68,1,547.91,2010-08-06T00:00:00Z,FALSE,-1
3148,97,48,3,589.23,2010-08-06T00:00:00Z,FALSE,-1
3149,80,8,3,801.31,2010-08-06T00:00:00Z,FALSE,-1
3150,66,43,3,517.23,2010-08-06T00:00:00Z,FALSE,-1
3151,87,35,2,248.23,2010-08-06T00:00:00Z,FALSE,-1
3152,16,98,3,644.07,2010-08-06T00:00:00Z,FALSE,-1
3153,68,41,2,700.9,2010-08-06T00:00:00Z,FALSE,-1
3154,54,31,1,809.22,2010-08-07T00:00:00Z,FALSE,-1
3155,91,45,1,678,2010-08-07T00:00:00Z,FALSE,-1
3156,87,97,2,541.88,2010-08-07T00:00:00Z,FALSE,-1
3157,13,34,1,359.33,2010-08-07T00:00:00Z,FALSE,-1
3158,99,21,1,451.03,2010-08-07T00:00:00Z,FALSE,-1
3159,90,39,1,690.35,2010-08-07T00:00:00Z,FALSE,-1
3160,19,28,1,595.87,2010-08-07T00:00:00Z,FALSE,-1
3161,18,96,1,111.26,2010-08-07T00:00:00Z,FALSE,-1
3162,13,26,3,210.09,2010-08-07T00:00:00Z,FALSE,-1
3163,72,39,2,730.45,2010-08-07T00:00:00Z,FALSE,-1
3164,53,32,3,392.14,2010-08-07T00:00:00Z,FALSE,-1
3165,92,5,2,112.91,2010-08-07T00:00:00Z,FALSE,-1
3166,79,44,2,988.18,2010-08-07T00:00:00Z,FALSE,-1
3167,62,5,3,402.11,2010-08-07T00:00:00Z,FALSE,-1
3168,32,27,3,507,2010-08-07T00:00:00Z,FALSE,-1
3169,12,6,2,718.25,2010-08-07T00:00:00Z,FALSE,-1
3170,4,92,2,451.06,2010-08-08T00:00:00Z,FALSE,-1
3171,56,20,1,290.79,2010-08-08T00:00:00Z,FALSE,-1
3172,98,47,1,446.37,2010-08-08T00:00:00Z,FALSE,-1
3173,10,91,1,513.65,2010-08-08T00:00:00Z,FALSE,-1
3174,55,0,3,720.38,2010-08-08T00:00:00Z,FALSE,-1
3175,20,64,1,433.38,2010-08-08T00:00:00Z,FALSE,-1
3176,89,96,1,141.85,2010-08-08T00:00:00Z,FALSE,-1
3177,94,57,4,989.64,2010-08-08T00:00:00Z,FALSE,-1
3178,17,77,1,615.32,2010-08-08T00:00:00Z,FALSE,-1
3179,77,52,3,676.64,2010-08-08T00:00:00Z,FALSE,-1
3180,88,38,1,624.56,2010-08-08T00:00:00Z,FALSE,-1
3181,56,25,4,590.44,2010-08-08T00:00:00Z,FALSE,-1
3182,3,87,3,138.98,2010-08-08T00:00:00Z,FALSE,-1
3183,76,51,3,686.55,2010-08-09T00:00:00Z,FALSE,-1
3184,77,34,3,652.41,2010-08-09T00:00:00Z,FALSE,-1
3185,79,75,3,351.92,2010-08-09T00:00:00Z,FALSE,-1
3186,71,29,4,196.97,2010-08-09T00:00:00Z,FALSE,-1
3187,59,7,2,108.3,2010-08-09T00:00:00Z,FALSE,-1
3188,83,54,1,464.25,2010-08-09T00:00:00Z,FALSE,-1
3189,15,32,2,793.05,2010-08-10T00:00:00Z,FALSE,-1
3190,88,37,2,163.56,2010-08-10T00:00:00Z,FALSE,-1
3191,86,98,1,535.53,2010-08-10T00:00:00Z,FALSE,-1
3192,50,2,1,919,2010-08-10T00:00:00Z,FALSE,-1
3193,94,49,2,713.01,2010-08-10T00:00:00Z,FALSE,-1
3194,72,39,2,188.86,2010-08-10T00:00:00Z,FALSE,-1
3195,83,33,1,404.16,2010-08-10T00:00:00Z,FALSE,-1
3196,66,29,1,113.7,2010-08-10T00:00:00Z,FALSE,-1
3197,92,30,3,175,2010-08-10T00:00:00Z,FALSE,-1
3198,63,33,1,681.46,2010-08-10T00:00:00Z,FALSE,-1
3199,73,3,2,420.77,2010-08-10T00:00:00Z,FALSE,-1
3200,8,66,3,713.09,2010-08-10T00:00:00Z,FALSE,-1
3201,11,86,3,854.34,2010-08-10T00:00:00Z,FALSE,-1
3202,66,7,3,761.22,2010-08-10T00:00:00Z,FALSE,-1
3203,60,17,1,657.43,2010-08-10T00:00:00Z,FALSE,-1
3204,70,42,3,866.04,2010-08-10T00:00:00Z,FALSE,-1
3205,2,50,3,209.56,2010-08-10T00:00:00Z,FALSE,-1
3206,52,35,3,413.24,2010-08-10T00:00:00Z,FALSE,-1
3207,36,28,3,993.15,2010-08-10T00:00:00Z,FALSE,-1
3208,81,89,2,866.84,2010-08-10T00:00:00Z,FALSE,-1
3209,74,11,2,321.94,2010-08-10T00:00:00Z,FALSE,-1
3210,1,49,3,617.22,2010-08-11T00:00:00Z,FALSE,-1
3211,0,55,3,731.91,2010-08-11T00:00:00Z,FALSE,-1
3212,51,30,3,656.59,2010-08-11T00:00:00Z,FALSE,-1
3213,84,58,3,962.9,2010-08-11T00:00:00Z,FALSE,-1
3214,65,24,2,978.4,2010-08-11T00:00:00Z,FALSE,-1
3215,73,46,2,638.64,2010-08-11T00:00:00Z,FALSE,-1
3216,6,94,3,390.59,2010-08-11T00:00:00Z,FALSE,-1
3217,57,8,1,783.46,2010-08-11T00:00:00Z,FALSE,-1
3218,58,2,1,519.09,2010-08-11T00:00:00Z,FALSE,-1
3219,54,28,1,423.94,2010-08-11T00:00:00Z,FALSE,-1
3220,88,90,1,865.46,2010-08-11T00:00:00Z,FALSE,-1
3221,5,87,3,428.36,2010-08-11T00:00:00Z,FALSE,-1
3222,75,25,1,306.16,2010-08-11T00:00:00Z,FALSE,-1
3223,67,35,1,707.99,2010-08-11T00:00:00Z,FALSE,-1
3224,14,30,1,926.07,2010-08-11T00:00:00Z,FALSE,-1
3225,81,32,1,746.09,2010-08-11T00:00:00Z,FALSE,-1
3226,79,36,1,981.63,2010-08-12T00:00:00Z,FALSE,-1
3227,64,40,1,852,2010-08-12T00:00:00Z,FALSE,-1
3228,96,4,1,635.22,2010-08-12T00:00:00Z,FALSE,-1
3229,23,98,1,907.73,2010-08-12T00:00:00Z,FALSE,-1
3230,54,45,2,952.91,2010-08-12T00:00:00Z,FALSE,-1
3231,82,83,1,434.64,2010-08-12T00:00:00Z,FALSE,-1
3232,93,9,1,565.9,2010-08-12T00:00:00Z,FALSE,-1
3233,21,99,2,686.31,2010-08-12T00:00:00Z,FALSE,-1
3234,78,72,1,381.99,2010-08-12T00:00:00Z,FALSE,-1
3235,85,11,1,962.57,2010-08-12T00:00:00Z,FALSE,-1
3236,91,48,1,208.76,2010-08-12T00:00:00Z,FALSE,-1
3237,61,1,1,449.69,2010-08-12T00:00:00Z,FALSE,-1
3238,70,9,3,547.21,2010-08-12T00:00:00Z,FALSE,-1
3239,95,37,3,116.39,2010-08-12T00:00:00Z,FALSE,-1
3240,7,59,3,291.34,2010-08-12T00:00:00Z,FALSE,-1
3241,24,90,2,371.74,2010-08-12T00:00:00Z,FALSE,-1
3242,68,34,1,230.68,2010-08-12T00:00:00Z,FALSE,-1
3243,64,15,1,440.84,2010-08-12T00:00:00Z,FALSE,-1
3244,22,92,2,236.43,2010-08-13T00:00:00Z,FALSE,-1
3245,74,41,1,671.84,2010-08-13T00:00:00Z,FALSE,-1
3246,69,17,1,280.18,2010-08-13T00:00:00Z,FALSE,-1
3247,80,37,3,354.84,2010-08-13T00:00:00Z,FALSE,-1
3248,9,23,1,230.07,2010-08-13T00:00:00Z,FALSE,-1
3249,67,43,3,730.55,2010-08-13T00:00:00Z,FALSE,-1
3250,95,35,1,714.19,2010-08-13T00:00:00Z,FALSE,-1
3251,97,18,1,930.94,2010-08-13T00:00:00Z,FALSE,-1
3252,98,7,3,346.01,2010-08-13T00:00:00Z,FALSE,-1
3253,16,61,2,933.36,2010-08-13T00:00:00Z,FALSE,-1
3254,92,85,1,949.66,2010-08-14T00:00:00Z,FALSE,-1
3255,53,32,3,264.41,2010-08-14T00:00:00Z,FALSE,-1
3256,99,25,1,836.78,2010-08-14T00:00:00Z,FALSE,-1
3257,80,39,3,841.14,2010-08-14T00:00:00Z,FALSE,-1
3258,62,5,3,375.47,2010-08-14T00:00:00Z,FALSE,-1
3259,91,84,1,917.33,2010-08-14T00:00:00Z,FALSE,-1
3260,13,77,1,663.92,2010-08-14T00:00:00Z,FALSE,-1
3261,18,91,1,272.17,2010-08-14T00:00:00Z,FALSE,-1
3262,24,26,1,657.92,2010-08-14T00:00:00Z,FALSE,-1
3263,86,44,2,209.76,2010-08-14T00:00:00Z,FALSE,-1
3264,58,31,1,833.55,2010-08-14T00:00:00Z,FALSE,-1
3265,44,27,2,352.62,2010-08-14T00:00:00Z,FALSE,-1
3266,19,85,3,711.7,2010-08-14T00:00:00Z,FALSE,-1
3267,90,53,1,987.04,2010-08-14T00:00:00Z,FALSE,-1
3268,12,5,3,415.15,2010-08-14T00:00:00Z,FALSE,-1
3269,87,45,4,381.82,2010-08-14T00:00:00Z,FALSE,-1
3270,55,0,2,389.4,2010-08-15T00:00:00Z,FALSE,-1
3271,10,93,2,519.71,2010-08-15T00:00:00Z,FALSE,-1
3272,3,73,3,206.31,2010-08-15T00:00:00Z,FALSE,-1
3273,89,51,1,205.67,2010-08-15T00:00:00Z,FALSE,-1
3274,56,20,1,466.64,2010-08-15T00:00:00Z,FALSE,-1
3275,95,38,1,610.13,2010-08-15T00:00:00Z,FALSE,-1
3276,17,60,1,676,2010-08-15T00:00:00Z,FALSE,-1
3277,4,89,1,553.07,2010-08-15T00:00:00Z,FALSE,-1
3278,94,30,2,783.7,2010-08-15T00:00:00Z,FALSE,-1
3279,77,96,1,316.38,2010-08-15T00:00:00Z,FALSE,-1
3280,75,25,1,557.4,2010-08-15T00:00:00Z,FALSE,-1
3281,3,47,1,512.1,2010-08-15T00:00:00Z,FALSE,-1
3282,20,56,2,225.18,2010-08-15T00:00:00Z,FALSE,-1
3283,71,29,4,587.48,2010-08-16T00:00:00Z,FALSE,-1
3284,79,44,2,462.98,2010-08-16T00:00:00Z,FALSE,-1
3285,83,99,3,624.51,2010-08-16T00:00:00Z,FALSE,-1
3286,76,32,3,401.52,2010-08-16T00:00:00Z,FALSE,-1
3287,59,7,1,474.7,2010-08-16T00:00:00Z,FALSE,-1
3288,93,34,3,361.81,2010-08-16T00:00:00Z,FALSE,-1
3289,63,33,3,903.37,2010-08-17T00:00:00Z,FALSE,-1
3290,37,28,2,437.87,2010-08-17T00:00:00Z,FALSE,-1
3291,94,33,2,471.13,2010-08-17T00:00:00Z,FALSE,-1
3292,11,26,3,330.44,2010-08-17T00:00:00Z,FALSE,-1
3293,74,11,1,222.03,2010-08-17T00:00:00Z,FALSE,-1
3294,2,86,2,484.58,2010-08-17T00:00:00Z,FALSE,-1
3295,77,42,2,226.09,2010-08-17T00:00:00Z,FALSE,-1
3296,81,25,3,573.51,2010-08-17T00:00:00Z,FALSE,-1
3297,8,61,1,454.03,2010-08-17T00:00:00Z,FALSE,-1
3298,15,47,1,484.95,2010-08-17T00:00:00Z,FALSE,-1
3299,72,39,2,488.31,2010-08-17T00:00:00Z,FALSE,-1
3300,1,49,3,721.13,2010-08-17T00:00:00Z,FALSE,-1
3301,86,99,2,638.37,2010-08-17T00:00:00Z,FALSE,-1
3302,66,7,3,556.06,2010-08-17T00:00:00Z,FALSE,-1
3303,60,17,3,485.55,2010-08-17T00:00:00Z,FALSE,-1
3304,73,3,3,991.85,2010-08-17T00:00:00Z,FALSE,-1
3305,52,35,1,662.7,2010-08-17T00:00:00Z,FALSE,-1
3306,94,30,2,944.13,2010-08-17T00:00:00Z,FALSE,-1
3307,50,2,3,668.76,2010-08-17T00:00:00Z,FALSE,-1
3308,89,37,2,212.33,2010-08-17T00:00:00Z,FALSE,-1
3309,77,29,3,332.18,2010-08-17T00:00:00Z,FALSE,-1
3310,58,2,3,345.58,2010-08-18T00:00:00Z,FALSE,-1
3311,51,30,4,787.53,2010-08-18T00:00:00Z,FALSE,-1
3312,67,35,3,785.37,2010-08-18T00:00:00Z,FALSE,-1
3313,95,46,1,384.84,2010-08-18T00:00:00Z,FALSE,-1
3314,6,25,4,742.6,2010-08-18T00:00:00Z,FALSE,-1
3315,65,24,1,536.1,2010-08-18T00:00:00Z,FALSE,-1
3316,0,27,3,512.54,2010-08-18T00:00:00Z,FALSE,-1
3317,83,32,3,446.8,2010-08-18T00:00:00Z,FALSE,-1
3318,14,16,4,151.65,2010-08-18T00:00:00Z,FALSE,-1
3319,75,98,2,912.47,2010-08-18T00:00:00Z,FALSE,-1
3320,1,97,3,964.67,2010-08-18T00:00:00Z,FALSE,-1
3321,54,28,3,606.67,2010-08-18T00:00:00Z,FALSE,-1
3322,57,8,1,477.09,2010-08-18T00:00:00Z,FALSE,-1
3323,5,33,2,607.64,2010-08-18T00:00:00Z,FALSE,-1
3324,88,57,3,644.26,2010-08-18T00:00:00Z,FALSE,-1
3325,84,92,1,600.35,2010-08-18T00:00:00Z,FALSE,-1
3326,61,1,3,856.44,2010-08-19T00:00:00Z,FALSE,-1
3327,64,15,3,314.23,2010-08-19T00:00:00Z,FALSE,-1
3328,82,40,1,924.05,2010-08-19T00:00:00Z,FALSE,-1
3329,95,66,2,259.95,2010-08-19T00:00:00Z,FALSE,-1
3330,82,40,1,220.53,2010-08-19T00:00:00Z,FALSE,-1
3331,94,48,3,174.59,2010-08-19T00:00:00Z,FALSE,-1
3332,70,9,1,851.01,2010-08-19T00:00:00Z,FALSE,-1
3333,21,81,1,218.85,2010-08-19T00:00:00Z,FALSE,-1
3334,24,65,1,569.88,2010-08-19T00:00:00Z,FALSE,-1
3335,68,34,2,895.55,2010-08-19T00:00:00Z,FALSE,-1
3336,23,50,3,648.28,2010-08-19T00:00:00Z,FALSE,-1
3337,93,23,3,409.92,2010-08-19T00:00:00Z,FALSE,-1
3338,93,36,1,263.41,2010-08-19T00:00:00Z,FALSE,-1
3339,78,92,1,540.99,2010-08-19T00:00:00Z,FALSE,-1
3340,85,20,3,907.48,2010-08-19T00:00:00Z,FALSE,-1
3341,7,66,1,489.11,2010-08-19T00:00:00Z,FALSE,-1
3342,96,21,4,855.93,2010-08-19T00:00:00Z,FALSE,-1
3343,78,45,1,867.19,2010-08-19T00:00:00Z,FALSE,-1
3344,80,77,4,246.86,2010-08-20T00:00:00Z,FALSE,-1
3345,97,22,3,109.49,2010-08-20T00:00:00Z,FALSE,-1
3346,52,35,1,138.44,2010-08-20T00:00:00Z,FALSE,-1
3347,98,30,1,536.86,2010-08-20T00:00:00Z,FALSE,-1
3348,68,43,1,671.66,671.66,FALSE,-1
3349,22,99,1,637.62,2010-08-20T00:00:00Z,FALSE,-1
3350,16,50,3,583.28,2010-08-20T00:00:00Z,FALSE,-1
3351,9,70,3,267.8,2010-08-20T00:00:00Z,FALSE,-1
3352,98,41,1,319.94,2010-08-20T00:00:00Z,FALSE,-1
3353,69,17,2,506.33,2010-08-20T00:00:00Z,FALSE,-1
3354,63,31,3,851.35,2010-08-21T00:00:00Z,FALSE,-1
3355,19,7,3,426.62,2010-08-21T00:00:00Z,FALSE,-1
3356,99,95,3,960.21,2010-08-21T00:00:00Z,FALSE,-1
3357,45,27,3,812.75,2010-08-21T00:00:00Z,FALSE,-1
3358,12,97,1,836.97,2010-08-21T00:00:00Z,FALSE,-1
3359,36,26,1,770.18,2010-08-21T00:00:00Z,FALSE,-1
3360,91,54,2,648.28,2010-08-21T00:00:00Z,FALSE,-1
3361,62,5,3,477.58,2010-08-21T00:00:00Z,FALSE,-1
3362,13,26,3,794.26,2010-08-21T00:00:00Z,FALSE,-1
3363,90,6,2,912.55,2010-08-21T00:00:00Z,FALSE,-1
3364,92,95,3,191.35,2010-08-21T00:00:00Z,FALSE,-1
3365,88,44,3,908.4,2010-08-21T00:00:00Z,FALSE,-1
3366,87,89,4,288.73,2010-08-21T00:00:00Z,FALSE,-1
3367,18,99,3,541.26,2010-08-21T00:00:00Z,FALSE,-1
3368,90,39,1,293.04,2010-08-21T00:00:00Z,FALSE,-1
3369,53,32,2,764.17,2010-08-21T00:00:00Z,FALSE,-1
3370,15,47,1,775.14,2010-08-22T00:00:00Z,FALSE,-1
3371,89,42,1,690.14,2010-08-22T00:00:00Z,FALSE,-1
3372,96,38,3,829.13,2010-08-22T00:00:00Z,FALSE,-1
3373,4,24,3,990.59,2010-08-22T00:00:00Z,FALSE,-1
3374,56,20,3,754.07,2010-08-22T00:00:00Z,FALSE,-1
3375,55,0,1,582.79,2010-08-22T00:00:00Z,FALSE,-1
3376,3,47,1,840.94,2010-08-22T00:00:00Z,FALSE,-1
3377,10,78,3,701.48,2010-08-22T00:00:00Z,FALSE,-1
3378,81,25,3,668.21,2010-08-22T00:00:00Z,FALSE,-1
3379,77,65,2,842.24,2010-08-22T00:00:00Z,FALSE,-1
3380,17,69,3,779.34,2010-08-22T00:00:00Z,FALSE,-1
3381,94,67,4,230.91,2010-08-22T00:00:00Z,FALSE,-1
3382,20,55,1,548.18,2010-08-22T00:00:00Z,FALSE,-1
3383,59,7,1,929.62,2010-08-23T00:00:00Z,FALSE,-1
3384,94,34,2,861.76,2010-08-23T00:00:00Z,FALSE,-1
3385,71,29,3,765.43,2010-08-23T00:00:00Z,FALSE,-1
3386,79,36,1,827.89,2010-08-23T00:00:00Z,FALSE,-1
3387,76,61,1,756.1,2010-08-23T00:00:00Z,FALSE,-1
3388,83,20,1,372.63,2010-08-23T00:00:00Z,FALSE,-1
3389,63,33,1,836.64,2010-08-24T00:00:00Z,FALSE,-1
3390,8,73,1,731.93,2010-08-24T00:00:00Z,FALSE,-1
3391,91,37,2,466.03,2010-08-24T00:00:00Z,FALSE,-1
3392,66,7,3,726.43,2010-08-24T00:00:00Z,FALSE,-1
3393,38,28,2,659.39,2010-08-24T00:00:00Z,FALSE,-1
3394,60,17,2,518.01,2010-08-24T00:00:00Z,FALSE,-1
3395,38,49,1,424.36,2010-08-24T00:00:00Z,FALSE,-1
3396,15,22,3,710.99,2010-08-24T00:00:00Z,FALSE,-1
3397,98,33,3,654.65,2010-08-24T00:00:00Z,FALSE,-1
3398,81,91,2,621.08,2010-08-24T00:00:00Z,FALSE,-1
3399,11,98,2,855.01,2010-08-24T00:00:00Z,FALSE,-1
3400,52,35,1,916.73,2010-08-24T00:00:00Z,FALSE,-1
3401,96,29,2,198.2,2010-08-24T00:00:00Z,FALSE,-1
3402,74,11,2,779.47,2010-08-24T00:00:00Z,FALSE,-1
3403,86,91,1,604.89,2010-08-24T00:00:00Z,FALSE,-1
3404,72,39,2,510.32,2010-08-24T00:00:00Z,FALSE,-1
3405,98,30,1,324.33,2010-08-24T00:00:00Z,FALSE,-1
3406,73,3,1,623.35,2010-08-24T00:00:00Z,FALSE,-1
3407,2,58,3,524.15,2010-08-24T00:00:00Z,FALSE,-1
3408,89,42,1,435.98,2010-08-24T00:00:00Z,FALSE,-1
3409,50,2,3,933.74,2010-08-24T00:00:00Z,FALSE,-1
3410,6,93,2,451.1,2010-08-25T00:00:00Z,FALSE,-1
3411,58,2,1,130.03,2010-08-25T00:00:00Z,FALSE,-1
3412,1,61,1,104.23,2010-08-25T00:00:00Z,FALSE,-1
3413,84,55,1,951,2010-08-25T00:00:00Z,FALSE,-1
3414,57,8,2,926.41,2010-08-25T00:00:00Z,FALSE,-1
3415,75,78,2,699.89,2010-08-25T00:00:00Z,FALSE,-1
3416,5,62,2,308.12,2010-08-25T00:00:00Z,FALSE,-1
3417,0,55,3,224.61,2010-08-25T00:00:00Z,FALSE,-1
3418,88,44,3,725.21,2010-08-25T00:00:00Z,FALSE,-1
3419,97,46,1,528.84,2010-08-25T00:00:00Z,FALSE,-1
3420,51,30,1,486.01,2010-08-25T00:00:00Z,FALSE,-1
3421,99,32,1,189.23,2010-08-25T00:00:00Z,FALSE,-1
3422,54,28,3,441.73,2010-08-25T00:00:00Z,FALSE,-1
3423,67,35,3,608.21,2010-08-25T00:00:00Z,FALSE,-1
3424,14,55,3,507.66,2010-08-25T00:00:00Z,FALSE,-1
3425,65,24,3,819.69,2010-08-25T00:00:00Z,FALSE,-1
3426,93,95,1,735.78,2010-08-26T00:00:00Z,FALSE,-1
3427,68,34,1,532.62,2010-08-26T00:00:00Z,FALSE,-1
3428,61,1,1,908.91,2010-08-26T00:00:00Z,FALSE,-1
3429,87,45,4,230.92,2010-08-26T00:00:00Z,FALSE,-1
3430,70,9,3,326.84,2010-08-26T00:00:00Z,FALSE,-1
3431,7,79,1,932.05,2010-08-26T00:00:00Z,FALSE,-1
3432,95,42,3,406.18,2010-08-26T00:00:00Z,FALSE,-1
3433,82,98,1,265.81,2010-08-26T00:00:00Z,FALSE,-1
3434,21,92,3,427.2,2010-08-26T00:00:00Z,FALSE,-1
3435,96,38,3,276.07,2010-08-26T00:00:00Z,FALSE,-1
3436,23,17,2,827.68,2010-08-26T00:00:00Z,FALSE,-1
3437,24,91,2,632.85,2010-08-26T00:00:00Z,FALSE,-1
3438,94,40,1,608.45,2010-08-26T00:00:00Z,FALSE,-1
3439,78,62,1,869.76,2010-08-26T00:00:00Z,FALSE,-1
3440,85,91,3,280.21,2010-08-26T00:00:00Z,FALSE,-1
3441,64,15,3,556.79,2010-08-26T00:00:00Z,FALSE,-1
3442,97,36,1,964.28,2010-08-26T00:00:00Z,FALSE,-1
3443,97,48,3,904.35,2010-08-26T00:00:00Z,FALSE,-1
3444,9,77,1,537.73,2010-08-27T00:00:00Z,FALSE,-1
3445,97,36,1,450.03,2010-08-27T00:00:00Z,FALSE,-1
3446,67,35,1,433.79,2010-08-27T00:00:00Z,FALSE,-1
3447,16,44,3,763.1,2010-08-27T00:00:00Z,FALSE,-1
3448,22,74,1,972.43,2010-08-27T00:00:00Z,FALSE,-1
3449,80,39,3,457.69,2010-08-27T00:00:00Z,FALSE,-1
3450,98,38,3,707.47,2010-08-27T00:00:00Z,FALSE,-1
3451,69,17,3,223.19,2010-08-27T00:00:00Z,FALSE,-1
3452,99,41,1,467.84,2010-08-27T00:00:00Z,FALSE,-1
3453,95,43,1,328.72,2010-08-27T00:00:00Z,FALSE,-1
3454,87,71,3,487.71,2010-08-28T00:00:00Z,FALSE,-1
3455,99,11,3,674.26,2010-08-28T00:00:00Z,FALSE,-1
3456,19,99,1,114.56,2010-08-28T00:00:00Z,FALSE,-1
3457,62,5,2,874.65,2010-08-28T00:00:00Z,FALSE,-1
3458,62,26,3,923.9,2010-08-28T00:00:00Z,FALSE,-1
3459,93,27,2,456.24,2010-08-28T00:00:00Z,FALSE,-1
3460,18,46,2,543.84,2010-08-28T00:00:00Z,FALSE,-1
3461,92,39,1,149.07,2010-08-28T00:00:00Z,FALSE,-1
3462,87,31,3,427.19,2010-08-28T00:00:00Z,FALSE,-1
3463,94,44,1,597.63,2010-08-28T00:00:00Z,FALSE,-1
3464,13,97,3,109.14,2010-08-28T00:00:00Z,FALSE,-1
3465,90,76,2,860.43,2010-08-28T00:00:00Z,FALSE,-1
3466,92,39,1,295.48,2010-08-28T00:00:00Z,FALSE,-1
3467,53,32,2,733.76,2010-08-28T00:00:00Z,FALSE,-1
3468,91,95,3,393.85,2010-08-28T00:00:00Z,FALSE,-1
3469,12,11,3,667.72,2010-08-28T00:00:00Z,FALSE,-1
3470,42,47,1,405.65,2010-08-29T00:00:00Z,FALSE,-1
3471,94,25,1,485.4,2010-08-29T00:00:00Z,FALSE,-1
3472,89,90,3,249.62,2010-08-29T00:00:00Z,FALSE,-1
3473,4,92,2,252.51,2010-08-29T00:00:00Z,FALSE,-1
3474,77,68,1,802.96,2010-08-29T00:00:00Z,FALSE,-1
3475,56,20,3,320.22,2010-08-29T00:00:00Z,FALSE,-1
3476,17,42,1,115.8,2010-08-29T00:00:00Z,FALSE,-1
3477,10,70,3,890.23,2010-08-29T00:00:00Z,FALSE,-1
3478,86,95,3,201.63,2010-08-29T00:00:00Z,TRUE,2
3479,20,29,3,522.07,2010-08-29T00:00:00Z,FALSE,-1
3480,94,49,2,659.79,2010-08-29T00:00:00Z,FALSE,-1
3481,55,0,1,628.73,2010-08-29T00:00:00Z,FALSE,-1
3482,3,87,3,819.98,2010-08-29T00:00:00Z,FALSE,-1
3483,98,38,3,639.6,2010-08-29T00:00:00Z,FALSE,-1
3484,83,33,1,969.47,2010-08-30T00:00:00Z,FALSE,-1
3485,71,29,1,735.94,2010-08-30T00:00:00Z,FALSE,-1
3486,68,34,3,524.64,2010-08-30T00:00:00Z,FALSE,-1
3487,59,7,3,240.25,2010-08-30T00:00:00Z,FALSE,-1
3488,79,91,3,705.37,2010-08-30T00:00:00Z,FALSE,-1
3489,76,80,2,744.81,2010-08-30T00:00:00Z,FALSE,-1
3490,8,57,3,661.07,2010-08-31T00:00:00Z,FALSE,-1
3491,95,37,3,665.61,2010-08-31T00:00:00Z,FALSE,-1
3492,71,29,3,750.66,2010-08-31T00:00:00Z,FALSE,-1
3493,60,17,2,923.75,2010-08-31T00:00:00Z,FALSE,-1
3494,2,50,3,173.95,2010-08-31T00:00:00Z,FALSE,-1
3495,86,76,1,847.35,2010-08-31T00:00:00Z,FALSE,-1
3496,51,30,4,438.19,2010-08-31T00:00:00Z,FALSE,-1
3497,66,7,1,938.13,2010-08-31T00:00:00Z,FALSE,-1
3498,15,24,2,991.57,2010-08-31T00:00:00Z,FALSE,-1
3499,52,35,3,959.92,2010-08-31T00:00:00Z,FALSE,-1
3500,74,11,2,432.53,2010-08-31T00:00:00Z,FALSE,-1
3501,63,33,3,905.29,2010-08-31T00:00:00Z,FALSE,-1
3502,63,33,3,299.9,2010-08-31T00:00:00Z,FALSE,-1
3503,39,28,3,465.01,2010-08-31T00:00:00Z,FALSE,-1
3504,81,32,1,818.67,2010-08-31T00:00:00Z,FALSE,-1
3505,56,49,3,233.72,2010-08-31T00:00:00Z,FALSE,-1
3506,50,2,1,427.75,2010-08-31T00:00:00Z,FALSE,-1
3507,11,46,4,153.48,2010-08-31T00:00:00Z,FALSE,-1
3508,73,3,3,898.08,2010-08-31T00:00:00Z,FALSE,-1
3509,72,39,2,771.97,2010-08-31T00:00:00Z,FALSE,-1
3510,95,42,3,978.82,2010-08-31T00:00:00Z,FALSE,-1
3511,65,24,1,198.87,2010-09-01T00:00:00Z,FALSE,-1
3512,51,30,3,578.12,2010-09-01T00:00:00Z,FALSE,-1
3513,67,35,1,388.41,2010-09-01T00:00:00Z,FALSE,-1
3514,1,49,3,286.85,2010-09-01T00:00:00Z,FALSE,-1
3515,99,46,1,800.42,2010-09-01T00:00:00Z,FALSE,-1
3516,53,32,2,880.2,2010-09-01T00:00:00Z,FALSE,-1
3517,88,37,2,420.19,2010-09-01T00:00:00Z,FALSE,-1
3518,54,28,3,429.63,2010-09-01T00:00:00Z,FALSE,-1
3519,5,87,3,530.57,2010-09-01T00:00:00Z,FALSE,-1
3520,84,76,3,734.63,2010-09-01T00:00:00Z,FALSE,-1
3521,75,11,1,407.98,2010-09-01T00:00:00Z,FALSE,-1
3522,0,27,3,786.44,2010-09-01T00:00:00Z,FALSE,-1
3523,58,2,2,703.8,2010-09-01T00:00:00Z,FALSE,-1
3524,6,30,1,642.62,2010-09-01T00:00:00Z,FALSE,-1
3525,57,8,1,299.81,2010-09-01T00:00:00Z,FALSE,-1
3526,14,48,2,1072.65,2010-09-01T00:00:00Z,FALSE,-1
3527,85,67,1,155.61,2010-09-02T00:00:00Z,FALSE,-1
3528,95,82,1,162.23,2010-09-02T00:00:00Z,FALSE,-1
3529,61,1,3,780.86,2010-09-02T00:00:00Z,FALSE,-1
3530,99,48,2,614.86,2010-09-02T00:00:00Z,FALSE,-1
3531,96,85,2,927.43,2010-09-02T00:00:00Z,FALSE,-1
3532,24,60,1,988.94,2010-09-02T00:00:00Z,FALSE,-1
3533,78,45,1,667.82,2010-09-02T00:00:00Z,FALSE,-1
3534,93,71,2,222.03,2010-09-02T00:00:00Z,FALSE,-1
3535,70,9,4,107.52,2010-09-02T00:00:00Z,FALSE,-1
3536,91,45,1,965.08,2010-09-02T00:00:00Z,FALSE,-1
3537,68,34,2,954.09,2010-09-02T00:00:00Z,FALSE,-1
3538,64,15,3,264,2010-09-02T00:00:00Z,FALSE,-1
3539,7,22,2,701.67,2010-09-02T00:00:00Z,FALSE,-1
3540,98,36,2,260.71,2010-09-02T00:00:00Z,FALSE,-1
3541,98,40,3,322.07,2010-09-02T00:00:00Z,FALSE,-1
3542,82,73,3,280.49,2010-09-02T00:00:00Z,FALSE,-1
3543,21,40,2,573.62,2010-09-02T00:00:00Z,FALSE,-1
3544,23,79,1,950.05,2010-09-02T00:00:00Z,FALSE,-1
3545,22,62,1,723.9,2010-09-03T00:00:00Z,FALSE,-1
3546,98,40,3,586.67,2010-09-03T00:00:00Z,FALSE,-1
3547,28,35,3,898.45,2010-09-03T00:00:00Z,FALSE,-1
3548,9,38,3,631.4,2010-09-03T00:00:00Z,FALSE,-1
3549,97,99,1,750.92,2010-09-03T00:00:00Z,FALSE,-1
3550,33,43,1,929.81,2010-09-03T00:00:00Z,FALSE,-1
3551,16,83,1,611.54,2010-09-03T00:00:00Z,FALSE,-1
3552,10,41,3,750.77,2010-09-03T00:00:00Z,FALSE,-1
3553,80,12,1,215.67,2010-09-03T00:00:00Z,FALSE,-1
3554,69,17,1,568.95,2010-09-03T00:00:00Z,FALSE,-1
3555,12,57,3,320.07,2010-09-04T00:00:00Z,FALSE,-1
3556,91,48,1,888.06,2010-09-04T00:00:00Z,FALSE,-1
3557,16,44,3,924.95,2010-09-04T00:00:00Z,FALSE,-1
3558,18,96,1,333.47,2010-09-04T00:00:00Z,FALSE,-1
3559,99,53,2,284.74,2010-09-04T00:00:00Z,FALSE,-1
3560,97,27,2,843.21,2010-09-04T00:00:00Z,FALSE,-1
3561,90,87,2,740.52,2010-09-04T00:00:00Z,FALSE,-1
3562,88,26,1,582.1,2010-09-04T00:00:00Z,FALSE,-1
3563,87,70,1,423.75,2010-09-04T00:00:00Z,FALSE,-1
3564,29,39,1,489.16,2010-09-04T00:00:00Z,FALSE,-1
3565,62,5,1,300.85,2010-09-04T00:00:00Z,FALSE,-1
3566,53,32,3,480.64,2010-09-04T00:00:00Z,FALSE,-1
3567,19,97,3,369.85,2010-09-04T00:00:00Z,FALSE,-1
3568,13,95,3,877.97,2010-09-04T00:00:00Z,FALSE,-1
3569,49,31,1,451.37,2010-09-04T00:00:00Z,FALSE,-1
3570,92,78,3,741.9,2010-09-04T00:00:00Z,FALSE,-1
3571,4,89,1,112.46,2010-09-05T00:00:00Z,FALSE,-1
3572,9,38,3,132.11,2010-09-05T00:00:00Z,FALSE,-1
3573,3,73,3,671.82,2010-09-05T00:00:00Z,FALSE,-1
3574,10,41,3,725.78,2010-09-05T00:00:00Z,FALSE,-1
3575,77,34,3,742.46,2010-09-05T00:00:00Z,FALSE,-1
3576,55,0,1,525.02,2010-09-05T00:00:00Z,FALSE,-1
3577,77,47,3,586.94,2010-09-05T00:00:00Z,FALSE,-1
3578,17,70,1,282.54,2010-09-05T00:00:00Z,FALSE,-1
3579,56,20,1,129.18,2010-09-05T00:00:00Z,FALSE,-1
3580,89,59,3,653.48,2010-09-05T00:00:00Z,FALSE,-1
3581,20,92,1,221.45,2010-09-05T00:00:00Z,FALSE,-1
3582,94,40,1,334.61,2010-09-05T00:00:00Z,FALSE,-1
3583,99,25,1,670.55,2010-09-05T00:00:00Z,FALSE,-1
3584,83,38,1,714.92,2010-09-06T00:00:00Z,FALSE,-1
3585,13,34,1,159.4,2010-09-06T00:00:00Z,FALSE,-1
3586,71,29,3,805.05,2010-09-06T00:00:00Z,FALSE,-1
3587,79,82,3,855.82,2010-09-06T00:00:00Z,FALSE,-1
3588,59,7,2,844.9,2010-09-06T00:00:00Z,FALSE,-1
3589,76,74,3,595.84,2010-09-06T00:00:00Z,FALSE,-1
3590,60,17,2,406.35,2010-09-07T00:00:00Z,FALSE,-1
3591,20,29,3,282.18,2010-09-07T00:00:00Z,FALSE,-1
3592,72,39,2,623.11,2010-09-07T00:00:00Z,FALSE,-1
3593,86,95,3,217.25,2010-09-07T00:00:00Z,FALSE,-1
3594,52,35,3,840.88,2010-09-07T00:00:00Z,FALSE,-1
3595,74,11,2,987.12,2010-09-07T00:00:00Z,FALSE,-1
3596,23,37,1,120.16,2010-09-07T00:00:00Z,FALSE,-1
3597,17,42,1,648.26,2010-09-07T00:00:00Z,FALSE,-1
3598,66,7,3,542.09,2010-09-07T00:00:00Z,FALSE,-1
3599,81,76,2,899.62,2010-09-07T00:00:00Z,FALSE,-1
3600,63,33,3,902.84,2010-09-07T00:00:00Z,FALSE,-1
3601,5,33,2,758.05,2010-09-07T00:00:00Z,FALSE,-1
3602,6,30,1,735.57,2010-09-07T00:00:00Z,FALSE,-1
3603,15,64,1,1022.74,2010-09-07T00:00:00Z,FALSE,-1
3604,8,66,3,450.49,2010-09-07T00:00:00Z,FALSE,-1
3605,2,86,2,261.72,2010-09-07T00:00:00Z,FALSE,-1
3606,73,3,3,912.13,2010-09-07T00:00:00Z,FALSE,-1
3607,11,74,2,420.32,2010-09-07T00:00:00Z,FALSE,-1
3608,40,28,1,975.66,2010-09-07T00:00:00Z,FALSE,-1
3609,50,2,3,281.93,2010-09-07T00:00:00Z,FALSE,-1
3610,59,49,2,456.81,2010-09-07T00:00:00Z,FALSE,-1
3611,57,8,1,160.73,2010-09-08T00:00:00Z,FALSE,-1
3612,54,28,1,686.14,2010-09-08T00:00:00Z,FALSE,-1
3613,1,97,3,681.56,2010-09-08T00:00:00Z,FALSE,-1
3614,14,20,1,232.94,2010-09-08T00:00:00Z,FALSE,-1
3615,58,2,3,718.1,2010-09-08T00:00:00Z,FALSE,-1
3616,67,35,1,311.31,2010-09-08T00:00:00Z,FALSE,-1
3617,88,79,1,946.76,2010-09-08T00:00:00Z,FALSE,-1
3618,6,94,3,365.37,2010-09-08T00:00:00Z,FALSE,-1
3619,11,46,4,843.46,2010-09-08T00:00:00Z,FALSE,-1
3620,75,96,3,216.72,2010-09-08T00:00:00Z,FALSE,-1
3621,0,55,3,316.58,2010-09-08T00:00:00Z,FALSE,-1
3622,5,33,2,996.71,2010-09-08T00:00:00Z,FALSE,-1
3623,84,98,3,439.28,2010-09-08T00:00:00Z,FALSE,-1
3624,51,30,3,561.92,2010-09-08T00:00:00Z,FALSE,-1
3625,65,24,3,402.67,2010-09-08T00:00:00Z,FALSE,-1
3626,15,32,2,452.78,2010-09-08T00:00:00Z,FALSE,-1
3627,78,83,3,405.95,2010-09-09T00:00:00Z,FALSE,-1
3628,21,44,1,299.81,2010-09-09T00:00:00Z,FALSE,-1
3629,64,15,3,734.96,2010-09-09T00:00:00Z,FALSE,-1
3630,85,79,1,133.09,2010-09-09T00:00:00Z,FALSE,-1
3631,95,70,3,930.66,2010-09-09T00:00:00Z,FALSE,-1
3632,7,59,3,557.73,2010-09-09T00:00:00Z,FALSE,-1
3633,96,68,2,125.36,2010-09-09T00:00:00Z,FALSE,-1
3634,61,1,1,884.93,2010-09-09T00:00:00Z,FALSE,-1
3635,24,69,3,659.44,2010-09-09T00:00:00Z,FALSE,-1
3636,14,48,2,222.79,2010-09-09T00:00:00Z,FALSE,-1
3637,21,40,2,681.35,2010-09-09T00:00:00Z,FALSE,-1
3638,30,36,1,840.43,2010-09-09T00:00:00Z,FALSE,-1
3639,70,9,4,284.18,2010-09-09T00:00:00Z,FALSE,-1
3640,38,45,1,417.95,2010-09-09T00:00:00Z,FALSE,-1
3641,82,95,3,867.73,2010-09-09T00:00:00Z,FALSE,-1
3642,68,34,2,436.47,2010-09-09T00:00:00Z,FALSE,-1
3643,93,10,3,658.33,2010-09-09T00:00:00Z,FALSE,-1
3644,23,37,1,334.88,2010-09-09T00:00:00Z,FALSE,-1
3645,97,59,1,950.8,2010-09-10T00:00:00Z,FALSE,-1
3646,44,43,3,910.82,2010-09-10T00:00:00Z,FALSE,-1
3647,39,35,1,533.01,2010-09-10T00:00:00Z,FALSE,-1
3648,42,41,2,259.28,2010-09-10T00:00:00Z,FALSE,-1
3649,9,23,1,890.9,2010-09-10T00:00:00Z,FALSE,-1
3650,22,56,2,413.53,2010-09-10T00:00:00Z,FALSE,-1
3651,69,17,3,252.02,2010-09-10T00:00:00Z,FALSE,-1
3652,16,98,3,280.03,2010-09-10T00:00:00Z,FALSE,-1
3653,80,97,1,574.89,2010-09-10T00:00:00Z,FALSE,-1
3654,98,78,1,699.76,2010-09-10T00:00:00Z,FALSE,-1
3655,87,35,2,124.98,2010-09-11T00:00:00Z,FALSE,-1
3656,18,91,1,705.02,2010-09-11T00:00:00Z,FALSE,-1
3657,53,32,2,387.76,2010-09-11T00:00:00Z,FALSE,-1
3658,92,94,1,464.32,2010-09-11T00:00:00Z,FALSE,-1
3659,21,44,1,518.48,2010-09-11T00:00:00Z,FALSE,-1
3660,0,27,3,603.74,2010-09-11T00:00:00Z,FALSE,-1
3661,62,5,1,601.32,2010-09-11T00:00:00Z,FALSE,-1
3662,99,88,3,378.16,2010-09-11T00:00:00Z,FALSE,-1
3663,19,28,1,697.05,2010-09-11T00:00:00Z,FALSE,-1
3664,11,26,3,194.9,2010-09-11T00:00:00Z,FALSE,-1
3665,13,34,1,946.43,2010-09-11T00:00:00Z,FALSE,-1
3666,12,6,2,775.08,2010-09-11T00:00:00Z,FALSE,-1
3667,54,31,1,322.33,2010-09-11T00:00:00Z,FALSE,-1
3668,91,73,1,959.35,2010-09-11T00:00:00Z,FALSE,-1
3669,90,96,2,780.86,2010-09-11T00:00:00Z,FALSE,-1
3670,55,39,1,276.15,2010-09-11T00:00:00Z,FALSE,-1
3671,46,38,1,674.91,2010-09-12T00:00:00Z,FALSE,-1
3672,89,77,1,257.86,2010-09-12T00:00:00Z,FALSE,-1
3673,56,20,3,897.69,2010-09-12T00:00:00Z,FALSE,-1
3674,77,47,3,305.92,2010-09-12T00:00:00Z,FALSE,-1
3675,20,64,1,894.67,2010-09-12T00:00:00Z,FALSE,-1
3676,17,77,1,254.36,2010-09-12T00:00:00Z,FALSE,-1
3677,6,25,4,631.57,2010-09-12T00:00:00Z,FALSE,-1
3678,55,0,2,704.66,2010-09-12T00:00:00Z,FALSE,-1
3679,3,47,1,475.09,2010-09-12T00:00:00Z,FALSE,-1
3680,94,33,2,250.98,2010-09-12T00:00:00Z,FALSE,-1
3681,82,47,3,823.45,2010-09-12T00:00:00Z,FALSE,-1
3682,10,91,1,566.64,2010-09-12T00:00:00Z,FALSE,-1
3683,4,24,3,470.85,2010-09-12T00:00:00Z,FALSE,-1
3684,71,29,4,654.91,2010-09-13T00:00:00Z,FALSE,-1
3685,59,7,2,469.46,2010-09-13T00:00:00Z,FALSE,-1
3686,29,34,1,779.96,2010-09-13T00:00:00Z,FALSE,-1
3687,79,96,4,892.06,2010-09-13T00:00:00Z,FALSE,-1
3688,83,90,1,579.7,2010-09-13T00:00:00Z,FALSE,-1
3689,76,69,1,244.53,2010-09-13T00:00:00Z,FALSE,-1
3690,40,37,3,348.37,2010-09-14T00:00:00Z,FALSE,-1
3691,66,7,3,299.88,2010-09-14T00:00:00Z,FALSE,-1
3692,86,93,1,929.56,2010-09-14T00:00:00Z,FALSE,-1
3693,25,29,2,962.59,2010-09-14T00:00:00Z,FALSE,-1
3694,8,61,1,780.67,2010-09-14T00:00:00Z,FALSE,-1
3695,73,3,1,796.55,2010-09-14T00:00:00Z,FALSE,-1
3696,50,2,1,254.26,2010-09-14T00:00:00Z,FALSE,-1
3697,63,33,3,652.11,2010-09-14T00:00:00Z,FALSE,-1
3698,67,49,1,396,2010-09-14T00:00:00Z,FALSE,-1
3699,60,17,1,589.56,2010-09-14T00:00:00Z,FALSE,-1
3700,14,30,1,125.02,2010-09-14T00:00:00Z,FALSE,-1
3701,72,39,2,569.33,2010-09-14T00:00:00Z,FALSE,-1
3702,15,32,2,515.78,2010-09-14T00:00:00Z,FALSE,-1
3703,42,28,2,925.59,2010-09-14T00:00:00Z,FALSE,-1
3704,44,33,1,277.88,2010-09-14T00:00:00Z,FALSE,-1
3705,81,68,3,957.16,2010-09-14T00:00:00Z,FALSE,-1
3706,2,58,3,836.55,2010-09-14T00:00:00Z,FALSE,-1
3707,11,86,3,718.89,2010-09-14T00:00:00Z,FALSE,-1
3708,74,11,2,925.22,2010-09-14T00:00:00Z,FALSE,-1
3709,41,42,1,711.09,2010-09-14T00:00:00Z,FALSE,-1
3710,52,35,3,499.08,2010-09-14T00:00:00Z,FALSE,-1
3711,88,28,3,573.29,2010-09-15T00:00:00Z,FALSE,-1
3712,51,30,1,697.02,2010-09-15T00:00:00Z,FALSE,-1
3713,54,28,1,983.37,2010-09-15T00:00:00Z,FALSE,-1
3714,75,65,1,567.97,2010-09-15T00:00:00Z,FALSE,-1
3715,84,78,1,841.49,2010-09-15T00:00:00Z,FALSE,-1
3716,58,2,3,801.52,2010-09-15T00:00:00Z,FALSE,-1
3717,57,8,3,328.07,2010-09-15T00:00:00Z,FALSE,-1
3718,65,24,4,340.46,2010-09-15T00:00:00Z,FALSE,-1
3719,1,61,1,553.81,2010-09-15T00:00:00Z,FALSE,-1
3720,5,62,2,426.93,2010-09-15T00:00:00Z,FALSE,-1
3721,0,27,3,1001.69,2010-09-15T00:00:00Z,FALSE,-1
3722,18,46,2,846.82,2010-09-15T00:00:00Z,FALSE,-1
3723,14,30,1,510.67,2010-09-15T00:00:00Z,FALSE,-1
3724,6,25,4,725.44,2010-09-15T00:00:00Z,FALSE,-1
3725,66,32,3,527.3,2010-09-15T00:00:00Z,FALSE,-1
3726,67,35,1,731.37,2010-09-15T00:00:00Z,FALSE,-1
3727,82,99,1,457.19,2010-09-16T00:00:00Z,FALSE,-1
3728,93,98,3,890.57,2010-09-16T00:00:00Z,FALSE,-1
3729,70,9,1,410.2,2010-09-16T00:00:00Z,FALSE,-1
3730,61,1,2,460.36,2010-09-16T00:00:00Z,FALSE,-1
3731,78,77,1,383.13,2010-09-16T00:00:00Z,FALSE,-1
3732,64,15,3,305.37,2010-09-16T00:00:00Z,FALSE,-1
3733,21,99,2,241.94,2010-09-16T00:00:00Z,FALSE,-1
3734,40,45,1,676.5,2010-09-16T00:00:00Z,FALSE,-1
3735,55,40,1,128.33,2010-09-16T00:00:00Z,FALSE,-1
3736,68,34,1,809.73,2010-09-16T00:00:00Z,FALSE,-1
3737,96,70,3,104.6,2010-09-16T00:00:00Z,FALSE,-1
3738,95,35,1,635.72,2010-09-16T00:00:00Z,FALSE,-1
3739,85,95,3,286.69,2010-09-16T00:00:00Z,FALSE,-1
3740,24,26,1,282.36,2010-09-16T00:00:00Z,FALSE,-1
3741,69,48,1,369.44,2010-09-16T00:00:00Z,FALSE,-1
3742,7,66,1,823.9,2010-09-16T00:00:00Z,FALSE,-1
3743,23,20,3,824.62,2010-09-16T00:00:00Z,FALSE,-1
3744,42,36,3,306.55,2010-09-16T00:00:00Z,FALSE,-1
3745,22,92,2,577.08,2010-09-17T00:00:00Z,FALSE,-1
3746,80,56,2,744.8,2010-09-17T00:00:00Z,FALSE,-1
3747,98,53,3,614.52,2010-09-17T00:00:00Z,FALSE,-1
3748,16,61,2,692.27,2010-09-17T00:00:00Z,FALSE,-1
3749,69,17,3,812.64,2010-09-17T00:00:00Z,FALSE,-1
3750,9,70,3,207.48,2010-09-17T00:00:00Z,FALSE,-1
3751,60,43,1,593.05,2010-09-17T00:00:00Z,FALSE,-1
3752,59,35,2,447.67,2010-09-17T00:00:00Z,FALSE,-1
3753,97,54,1,501.31,2010-09-17T00:00:00Z,FALSE,-1
3754,52,41,2,219.73,2010-09-17T00:00:00Z,FALSE,-1
3755,99,46,1,613.66,2010-09-18T00:00:00Z,FALSE,-1
3756,92,99,3,206.42,2010-09-18T00:00:00Z,FALSE,-1
3757,18,99,3,244.1,2010-09-18T00:00:00Z,FALSE,-1
3758,70,39,1,514.07,2010-09-18T00:00:00Z,FALSE,-1
3759,13,77,1,410.79,2010-09-18T00:00:00Z,FALSE,-1
3760,13,26,3,857.98,2010-09-18T00:00:00Z,FALSE,-1
3761,32,27,3,983.38,2010-09-18T00:00:00Z,FALSE,-1
3762,19,85,3,397.54,2010-09-18T00:00:00Z,FALSE,-1
3763,53,32,1,346.33,2010-09-18T00:00:00Z,FALSE,-1
3764,62,5,3,102.09,2010-09-18T00:00:00Z,FALSE,-1
3765,58,31,1,887.94,2010-09-18T00:00:00Z,FALSE,-1
3766,87,82,3,999.75,2010-09-18T00:00:00Z,FALSE,-1
3767,90,79,1,218.52,2010-09-18T00:00:00Z,FALSE,-1
3768,12,5,3,955.95,2010-09-18T00:00:00Z,FALSE,-1
3769,91,71,1,359.46,2010-09-18T00:00:00Z,FALSE,-1
3770,76,44,3,521.37,2010-09-18T00:00:00Z,FALSE,-1
3771,17,60,1,761.5,2010-09-19T00:00:00Z,FALSE,-1
3772,94,44,1,669.3,2010-09-19T00:00:00Z,FALSE,-1
3773,10,93,2,624.67,2010-09-19T00:00:00Z,FALSE,-1
3774,56,25,4,687.71,2010-09-19T00:00:00Z,FALSE,-1
3775,20,56,2,171.97,2010-09-19T00:00:00Z,FALSE,-1
3776,55,0,2,893.15,2010-09-19T00:00:00Z,FALSE,-1
3777,89,93,1,125.51,2010-09-19T00:00:00Z,FALSE,-1
3778,77,72,2,484.26,2010-09-19T00:00:00Z,FALSE,-1
3779,83,38,1,912.81,2010-09-19T00:00:00Z,FALSE,-1
3780,56,20,3,526.16,2010-09-19T00:00:00Z,FALSE,-1
3781,3,87,3,798.19,2010-09-19T00:00:00Z,FALSE,-1
3782,4,92,2,717.48,2010-09-19T00:00:00Z,FALSE,-1
3783,85,47,4,175.05,2010-09-19T00:00:00Z,FALSE,-1
3784,59,7,2,378.49,2010-09-20T00:00:00Z,FALSE,-1
3785,71,29,3,635.2,2010-09-20T00:00:00Z,FALSE,-1
3786,79,74,2,167.19,2010-09-20T00:00:00Z,FALSE,-1
3787,76,72,1,250.94,2010-09-20T00:00:00Z,FALSE,-1
3788,83,97,2,613.53,2010-09-20T00:00:00Z,FALSE,-1
3789,36,34,1,994.25,2010-09-20T00:00:00Z,FALSE,-1
3790,86,82,3,301.93,2010-09-21T00:00:00Z,FALSE,-1
3791,44,30,3,972.15,2010-09-21T00:00:00Z,FALSE,-1
3792,15,47,1,828,2010-09-21T00:00:00Z,FALSE,-1
3793,69,42,2,382.22,2010-09-21T00:00:00Z,FALSE,-1
3794,72,39,2,460.21,2010-09-21T00:00:00Z,FALSE,-1
3795,66,7,3,180.19,2010-09-21T00:00:00Z,FALSE,-1
3796,63,33,3,923.53,2010-09-21T00:00:00Z,FALSE,-1
3797,80,37,3,211.63,2010-09-21T00:00:00Z,FALSE,-1
3798,73,3,1,633.19,2010-09-21T00:00:00Z,FALSE,-1
3799,35,29,3,647.12,2010-09-21T00:00:00Z,FALSE,-1
3800,50,2,3,892.02,2010-09-21T00:00:00Z,FALSE,-1
3801,81,50,3,830.73,2010-09-21T00:00:00Z,FALSE,-1
3802,52,35,2,630.03,2010-09-21T00:00:00Z,FALSE,-1
3803,58,33,1,296.53,2010-09-21T00:00:00Z,FALSE,-1
3804,44,28,1,584.22,2010-09-21T00:00:00Z,FALSE,-1
3805,86,49,1,388.11,2010-09-21T00:00:00Z,FALSE,-1
3806,60,17,3,863.16,2010-09-21T00:00:00Z,FALSE,-1
3807,8,73,1,620.57,2010-09-21T00:00:00Z,FALSE,-1
3808,74,11,2,100.9,2010-09-21T00:00:00Z,FALSE,-1
3809,2,50,3,600.43,2010-09-21T00:00:00Z,FALSE,-1
3810,11,26,3,626.44,2010-09-21T00:00:00Z,FALSE,-1
3811,54,28,2,387.43,2010-09-22T00:00:00Z,FALSE,-1
3812,5,87,3,563.93,2010-09-22T00:00:00Z,FALSE,-1
3813,62,46,3,320.76,2010-09-22T00:00:00Z,FALSE,-1
3814,75,73,3,611.28,2010-09-22T00:00:00Z,FALSE,-1
3815,1,49,3,554.94,2010-09-22T00:00:00Z,FALSE,-1
3816,84,70,2,453.59,2010-09-22T00:00:00Z,FALSE,-1
3817,14,16,4,998.94,2010-09-22T00:00:00Z,FALSE,-1
3818,67,35,3,700.45,2010-09-22T00:00:00Z,FALSE,-1
3819,58,2,1,731.4,2010-09-22T00:00:00Z,FALSE,-1
3820,6,93,2,327.95,2010-09-22T00:00:00Z,FALSE,-1
3821,65,24,3,810.85,2010-09-22T00:00:00Z,FALSE,-1
3822,51,30,4,676.51,2010-09-22T00:00:00Z,FALSE,-1
3823,57,8,1,997.11,2010-09-22T00:00:00Z,FALSE,-1
3824,0,55,3,489.8,2010-09-22T00:00:00Z,FALSE,-1
3825,76,32,3,965.65,2010-09-22T00:00:00Z,FALSE,-1
3826,88,16,2,236.17,2010-09-22T00:00:00Z,FALSE,-1
3827,85,47,4,356,2010-09-23T00:00:00Z,FALSE,-1
3828,93,27,2,649.69,2010-09-23T00:00:00Z,FALSE,-1
3829,61,40,2,506.37,2010-09-23T00:00:00Z,FALSE,-1
3830,7,79,1,896.86,2010-09-23T00:00:00Z,FALSE,-1
3831,24,90,2,112.09,2010-09-23T00:00:00Z,FALSE,-1
3832,64,15,3,167.14,2010-09-23T00:00:00Z,FALSE,-1
3833,23,98,1,486.94,2010-09-23T00:00:00Z,FALSE,-1
3834,96,90,3,990.03,2010-09-23T00:00:00Z,FALSE,-1
3835,78,14,2,186.35,2010-09-23T00:00:00Z,FALSE,-1
3836,50,45,3,682.71,2010-09-23T00:00:00Z,FALSE,-1
3837,95,84,3,364.51,2010-09-23T00:00:00Z,FALSE,-1
3838,21,81,1,477.58,2010-09-23T00:00:00Z,FALSE,-1
3839,82,97,2,793.97,2010-09-23T00:00:00Z,FALSE,-1
3840,68,34,3,514.4,2010-09-23T00:00:00Z,FALSE,-1
3841,61,1,2,130.03,2010-09-23T00:00:00Z,FALSE,-1
3842,74,48,2,707.62,2010-09-23T00:00:00Z,FALSE,-1
3843,70,9,2,815.82,2010-09-23T00:00:00Z,FALSE,-1
3844,55,36,3,859,2010-09-23T00:00:00Z,FALSE,-1
3845,69,17,2,526.16,2010-09-24T00:00:00Z,FALSE,-1
3846,66,43,3,341.99,2010-09-24T00:00:00Z,FALSE,-1
3847,68,41,2,641.73,2010-09-24T00:00:00Z,FALSE,-1
3848,9,77,1,1061.36,2010-09-24T00:00:00Z,FALSE,-1
3849,22,99,1,240.68,2010-09-24T00:00:00Z,FALSE,-1
3850,87,35,2,581.54,2010-09-24T00:00:00Z,FALSE,-1
3851,98,67,3,563.08,2010-09-24T00:00:00Z,FALSE,-1
3852,80,69,1,829.86,2010-09-24T00:00:00Z,FALSE,-1
3853,97,79,1,838.76,2010-09-24T00:00:00Z,FALSE,-1
3854,16,50,3,628.18,2010-09-24T00:00:00Z,FALSE,-1
3855,99,89,1,418.2,2010-09-25T00:00:00Z,FALSE,-1
3856,90,97,4,327,2010-09-25T00:00:00Z,FALSE,-1
3857,13,26,3,801.3,2010-09-25T00:00:00Z,FALSE,-1
3858,18,46,2,817.07,2010-09-25T00:00:00Z,FALSE,-1
3859,72,39,2,768.32,2010-09-25T00:00:00Z,FALSE,-1
3860,24,26,1,352.35,2010-09-25T00:00:00Z,FALSE,-1
3861,79,44,2,285.83,2010-09-25T00:00:00Z,FALSE,-1
3862,63,31,3,669.77,2010-09-25T00:00:00Z,FALSE,-1
3863,53,32,1,748.67,2010-09-25T00:00:00Z,FALSE,-1
3864,87,80,1,637.28,2010-09-25T00:00:00Z,FALSE,-1
3865,62,5,1,115.6,2010-09-25T00:00:00Z,FALSE,-1
3866,91,97,1,825.63,2010-09-25T00:00:00Z,FALSE,-1
3867,44,27,2,752.06,2010-09-25T00:00:00Z,FALSE,-1
3868,19,7,3,851.63,2010-09-25T00:00:00Z,FALSE,-1
3869,92,91,2,731.61,2010-09-25T00:00:00Z,FALSE,-1
3870,12,97,1,533.06,2010-09-25T00:00:00Z,FALSE,-1
3871,88,38,1,472.95,2010-09-26T00:00:00Z,FALSE,-1
3872,4,89,1,829.07,2010-09-26T00:00:00Z,FALSE,-1
3873,55,0,1,846.85,2010-09-26T00:00:00Z,FALSE,-1
3874,20,55,1,130.29,2010-09-26T00:00:00Z,FALSE,-1
3875,77,29,3,756.34,2010-09-26T00:00:00Z,FALSE,-1
3876,75,25,1,545.02,2010-09-26T00:00:00Z,FALSE,-1
3877,10,78,3,312.82,2010-09-26T00:00:00Z,FALSE,-1
3878,56,20,3,952.21,2010-09-26T00:00:00Z,FALSE,-1
3879,3,73,3,912.92,2010-09-26T00:00:00Z,FALSE,-1
3880,89,83,3,742.7,2010-09-26T00:00:00Z,FALSE,-1
3881,97,47,1,685.36,2010-09-26T00:00:00Z,FALSE,-1
3882,17,69,3,732.93,2010-09-26T00:00:00Z,FALSE,-1
3883,94,48,3,992.32,2010-09-26T00:00:00Z,FALSE,-1
3884,83,95,1,721.28,2010-09-27T00:00:00Z,FALSE,-1
3885,59,7,2,615.37,2010-09-27T00:00:00Z,FALSE,-1
3886,76,95,3,489.55,2010-09-27T00:00:00Z,FALSE,-1
3887,79,95,1,441.98,2010-09-27T00:00:00Z,FALSE,-1
3888,77,34,3,835.74,2010-09-27T00:00:00Z,FALSE,-1
3889,71,29,2,682.09,2010-09-27T00:00:00Z,FALSE,-1
3890,50,2,3,583.75,2010-09-28T00:00:00Z,FALSE,-1
3891,88,37,2,382.76,2010-09-28T00:00:00Z,FALSE,-1
3892,81,95,1,641.34,2010-09-28T00:00:00Z,FALSE,-1
3893,86,94,1,737.17,2010-09-28T00:00:00Z,FALSE,-1
3894,93,49,3,246.19,2010-09-28T00:00:00Z,FALSE,-1
3895,8,57,3,171.25,2010-09-28T00:00:00Z,FALSE,-1
3896,72,39,2,726.08,2010-09-28T00:00:00Z,FALSE,-1
3897,45,28,2,908.5,2010-09-28T00:00:00Z,FALSE,-1
3898,66,7,3,967.57,2010-09-28T00:00:00Z,FALSE,-1
3899,83,33,1,812.79,2010-09-28T00:00:00Z,FALSE,-1
3900,2,86,2,595.22,2010-09-28T00:00:00Z,FALSE,-1
3901,63,33,3,300.83,2010-09-28T00:00:00Z,FALSE,-1
3902,66,29,1,992.83,2010-09-28T00:00:00Z,FALSE,-1
3903,52,35,1,302.92,2010-09-28T00:00:00Z,FALSE,-1
3904,92,30,3,578.33,2010-09-28T00:00:00Z,FALSE,-1
3905,11,98,2,715.29,2010-09-28T00:00:00Z,FALSE,-1
3906,15,22,3,285.71,2010-09-28T00:00:00Z,FALSE,-1
3907,60,17,3,157.4,2010-09-28T00:00:00Z,FALSE,-1
3908,70,42,3,510.21,2010-09-28T00:00:00Z,FALSE,-1
3909,73,3,3,559.69,2010-09-28T00:00:00Z,FALSE,-1
3910,74,11,1,600.98,2010-09-28T00:00:00Z,FALSE,-1
3911,14,55,3,700.58,2010-09-29T00:00:00Z,FALSE,-1
3912,57,8,1,760.55,2010-09-29T00:00:00Z,FALSE,-1
3913,58,2,1,197.84,2010-09-29T00:00:00Z,FALSE,-1
3914,5,33,2,712.1,2010-09-29T00:00:00Z,FALSE,-1
3915,54,28,1,436.67,2010-09-29T00:00:00Z,FALSE,-1
3916,51,30,2,100.4,2010-09-29T00:00:00Z,FALSE,-1
3917,67,35,1,516.53,2010-09-29T00:00:00Z,FALSE,-1
3918,0,27,3,437.67,2010-09-29T00:00:00Z,FALSE,-1
3919,6,30,1,194.25,2010-09-29T00:00:00Z,FALSE,-1
3920,75,25,1,546.04,2010-09-29T00:00:00Z,FALSE,-1
3921,84,95,2,221.09,2010-09-29T00:00:00Z,FALSE,-1
3922,88,81,3,464.79,2010-09-29T00:00:00Z,FALSE,-1
3923,81,32,1,496.25,2010-09-29T00:00:00Z,FALSE,-1
3924,73,46,2,146.86,2010-09-29T00:00:00Z,FALSE,-1
3925,65,24,4,881.63,2010-09-29T00:00:00Z,FALSE,-1
3926,1,97,3,394.03,2010-09-29T00:00:00Z,FALSE,-1
3927,61,1,2,219.2,2010-09-30T00:00:00Z,FALSE,-1
3928,23,50,3,699.73,2010-09-30T00:00:00Z,FALSE,-1
3929,68,34,3,137.05,2010-09-30T00:00:00Z,FALSE,-1
3930,64,40,1,979,2010-09-30T00:00:00Z,FALSE,-1
3931,21,92,3,338.25,2010-09-30T00:00:00Z,FALSE,-1
3932,78,80,3,610.44,2010-09-30T00:00:00Z,FALSE,-1
3933,93,78,3,995.41,2010-09-30T00:00:00Z,FALSE,-1
3934,82,8,3,321.57,2010-09-30T00:00:00Z,FALSE,-1
3935,7,22,2,277.7,2010-09-30T00:00:00Z,FALSE,-1
3936,95,43,1,819.83,2010-09-30T00:00:00Z,FALSE,-1
3937,79,36,1,996.19,2010-09-30T00:00:00Z,FALSE,-1
3938,70,9,3,902.44,2010-09-30T00:00:00Z,FALSE,-1
3939,91,48,1,751.03,2010-09-30T00:00:00Z,FALSE,-1
3940,64,15,3,404.05,2010-09-30T00:00:00Z,FALSE,-1
3941,24,65,1,672.51,2010-09-30T00:00:00Z,FALSE,-1
3942,85,66,1,932.45,2010-09-30T00:00:00Z,FALSE,-1
3943,96,29,2,397.52,2010-09-30T00:00:00Z,FALSE,-1
3944,54,45,2,601.2,2010-09-30T00:00:00Z,FALSE,-1
3945,98,83,1,895.18,2010-10-01T00:00:00Z,FALSE,-1
3946,74,41,1,129.94,2010-10-01T00:00:00Z,FALSE,-1
3947,80,78,2,314.16,2010-10-01T00:00:00Z,FALSE,-1
3948,95,35,1,244.36,2010-10-01T00:00:00Z,FALSE,-1
3949,67,43,3,896.28,2010-10-01T00:00:00Z,FALSE,-1
3950,22,74,1,429.92,2010-10-01T00:00:00Z,FALSE,-1
3951,16,44,3,705.27,2010-10-01T00:00:00Z,FALSE,-1
3952,9,38,3,193.91,2010-10-01T00:00:00Z,FALSE,-1
3953,97,76,2,939.51,2010-10-01T00:00:00Z,FALSE,-1
3954,69,17,3,244.29,2010-10-01T00:00:00Z,FALSE,-1
3955,92,81,2,102.42,2010-10-02T00:00:00Z,FALSE,-1
3956,62,5,1,948.99,2010-10-02T00:00:00Z,FALSE,-1
3957,18,96,1,813.16,2010-10-02T00:00:00Z,FALSE,-1
3958,13,97,3,98.87,2010-10-02T00:00:00Z,FALSE,-1
3959,99,41,1,730.2,2010-10-02T00:00:00Z,FALSE,-1
3960,19,99,1,668.03,2010-10-02T00:00:00Z,FALSE,-1
3961,87,19,1,259.45,2010-10-02T00:00:00Z,FALSE,-1
3962,36,26,1,754.05,2010-10-02T00:00:00Z,FALSE,-1
3963,90,95,1,504.63,2010-10-02T00:00:00Z,FALSE,-1
3964,87,31,3,124.01,2010-10-02T00:00:00Z,FALSE,-1
3965,53,32,2,713.01,2010-10-02T00:00:00Z,FALSE,-1
3966,45,27,3,956.65,2010-10-02T00:00:00Z,FALSE,-1
3967,91,52,1,323.19,2010-10-02T00:00:00Z,FALSE,-1
3968,80,39,3,846.56,2010-10-02T00:00:00Z,FALSE,-1
3969,86,44,2,563.33,2010-10-02T00:00:00Z,FALSE,-1
3970,12,11,3,271.11,2010-10-02T00:00:00Z,FALSE,-1
3971,89,13,2,605.54,2010-10-03T00:00:00Z,FALSE,-1
3972,81,25,3,170.95,2010-10-03T00:00:00Z,FALSE,-1
3973,10,70,3,336.05,2010-10-03T00:00:00Z,FALSE,-1
3974,20,29,3,307.02,2010-10-03T00:00:00Z,FALSE,-1
3975,94,25,1,153.16,2010-10-03T00:00:00Z,FALSE,-1
3976,55,0,1,797.09,2010-10-03T00:00:00Z,FALSE,-1
3977,4,24,3,1085.6,2010-10-03T00:00:00Z,FALSE,-1
3978,17,42,1,315.67,2010-10-03T00:00:00Z,FALSE,-1
3979,56,20,4,510.13,2010-10-03T00:00:00Z,FALSE,-1
3980,3,47,1,503.02,2010-10-03T00:00:00Z,FALSE,-1
3981,98,47,1,717.37,2010-10-03T00:00:00Z,FALSE,-1
3982,95,38,1,930.32,2010-10-03T00:00:00Z,FALSE,-1
3983,77,82,2,539.7,2010-10-03T00:00:00Z,FALSE,-1
3984,83,94,3,909.58,2010-10-04T00:00:00Z,FALSE,-1
3985,59,7,1,616.29,2010-10-04T00:00:00Z,FALSE,-1
3986,76,63,4,896.22,2010-10-04T00:00:00Z,FALSE,-1
3987,71,29,3,376.38,2010-10-04T00:00:00Z,FALSE,-1
3988,93,34,3,460.53,2010-10-04T00:00:00Z,FALSE,-1
3989,79,17,3,327.51,2010-10-04T00:00:00Z,FALSE,-1
3990,74,11,1,762.85,2010-10-05T00:00:00Z,FALSE,-1
3991,94,49,2,374.76,2010-10-05T00:00:00Z,FALSE,-1
3992,89,37,2,923.25,2010-10-05T00:00:00Z,FALSE,-1
3993,60,17,2,595.52,2010-10-05T00:00:00Z,FALSE,-1
3994,81,54,2,977.31,2010-10-05T00:00:00Z,FALSE,-1
3995,77,42,2,587.67,2010-10-05T00:00:00Z,FALSE,-1
3996,11,46,4,753.53,2010-10-05T00:00:00Z,FALSE,-1
3997,77,29,3,883.11,2010-10-05T00:00:00Z,FALSE,-1
3998,15,24,2,276.03,2010-10-05T00:00:00Z,FALSE,-1
3999,47,28,1,283.06,2010-10-05T00:00:00Z,FALSE,-1
4000,86,56,2,558.97,2010-10-05T00:00:00Z,FALSE,-1
4001,66,7,2,425.06,2010-10-05T00:00:00Z,FALSE,-1
4002,73,3,2,373.44,2010-10-05T00:00:00Z,FALSE,-1
4003,50,2,3,280.7,2010-10-05T00:00:00Z,FALSE,-1
4004,63,33,3,348.13,2010-10-05T00:00:00Z,FALSE,-1
4005,72,39,2,677.17,2010-10-05T00:00:00Z,FALSE,-1
4006,8,66,3,299.41,2010-10-05T00:00:00Z,FALSE,-1
4007,94,30,2,998.13,2010-10-05T00:00:00Z,FALSE,-1
4008,52,35,3,256.66,2010-10-05T00:00:00Z,FALSE,-1
4009,94,33,2,194.19,2010-10-05T00:00:00Z,FALSE,-1
4010,2,58,3,818.18,2010-10-05T00:00:00Z,FALSE,-1
4011,14,48,2,200.28,2010-10-06T00:00:00Z,FALSE,-1
4012,57,8,3,731.56,2010-10-06T00:00:00Z,FALSE,-1
4013,54,28,2,634.43,2010-10-06T00:00:00Z,FALSE,-1
4014,83,32,3,495.85,2010-10-06T00:00:00Z,FALSE,-1
4015,88,78,1,853.81,2010-10-06T00:00:00Z,FALSE,-1
4016,5,62,2,965.16,2010-10-06T00:00:00Z,FALSE,-1
4017,67,35,1,643.18,2010-10-06T00:00:00Z,FALSE,-1
4018,75,98,2,799.6,2010-10-06T00:00:00Z,FALSE,-1
4019,51,30,3,819.33,2010-10-06T00:00:00Z,FALSE,-1
4020,0,55,3,804.72,2010-10-06T00:00:00Z,FALSE,-1
4021,84,75,3,276.54,2010-10-06T00:00:00Z,FALSE,-1
4022,58,2,3,896.11,2010-10-06T00:00:00Z,FALSE,-1
4023,6,94,3,825.85,2010-10-06T00:00:00Z,FALSE,-1
4024,95,46,1,949.87,2010-10-06T00:00:00Z,FALSE,-1
4025,1,61,1,139.16,2010-10-06T00:00:00Z,FALSE,-1
4026,65,24,1,577.32,2010-10-06T00:00:00Z,FALSE,-1
4027,93,73,1,997.24,2010-10-07T00:00:00Z,FALSE,-1
4028,24,91,2,266.39,2010-10-07T00:00:00Z,FALSE,-1
4029,70,9,1,738.55,2010-10-07T00:00:00Z,FALSE,-1
4030,78,21,1,599.54,2010-10-07T00:00:00Z,FALSE,-1
4031,23,17,2,262.09,2010-10-07T00:00:00Z,FALSE,-1
4032,95,89,1,314.44,2010-10-07T00:00:00Z,FALSE,-1
4033,7,59,3,470.99,2010-10-07T00:00:00Z,FALSE,-1
4034,82,47,3,351.27,2010-10-07T00:00:00Z,FALSE,-1
4035,61,1,1,800.85,2010-10-07T00:00:00Z,FALSE,-1
4036,78,45,1,861.96,2010-10-07T00:00:00Z,FALSE,-1
4037,94,48,3,119.67,2010-10-07T00:00:00Z,FALSE,-1
4038,68,34,1,888.57,2010-10-07T00:00:00Z,FALSE,-1
4039,85,80,2,883.57,2010-10-07T00:00:00Z,FALSE,-1
4040,21,40,2,521.95,2010-10-07T00:00:00Z,FALSE,-1
4041,64,15,2,746.81,2010-10-07T00:00:00Z,FALSE,-1
4042,82,40,1,305.47,2010-10-07T00:00:00Z,FALSE,-1
4043,93,36,1,430.39,2010-10-07T00:00:00Z,FALSE,-1
4044,96,83,3,542.47,2010-10-07T00:00:00Z,FALSE,-1
4045,69,17,3,109.47,2010-10-08T00:00:00Z,FALSE,-1
4046,97,56,1,827.46,2010-10-08T00:00:00Z,FALSE,-1
4047,9,23,1,346.68,2010-10-08T00:00:00Z,FALSE,-1
4048,22,62,1,136.18,2010-10-08T00:00:00Z,FALSE,-1
4049,93,95,1,201.63,2010-10-08T00:00:00Z,TRUE,2
4050,52,35,1,637.19,2010-10-08T00:00:00Z,FALSE,-1
4051,80,67,3,707.92,2010-10-08T00:00:00Z,FALSE,-1
4052,16,83,1,590.85,2010-10-08T00:00:00Z,FALSE,-1
4053,68,43,1,495.44,2010-10-08T00:00:00Z,FALSE,-1
4054,98,82,1,734.91,2010-10-08T00:00:00Z,FALSE,-1
4055,98,41,1,628.45,2010-10-08T00:00:00Z,FALSE,-1
4056,90,39,1,395.17,2010-10-09T00:00:00Z,FALSE,-1
4057,91,94,1,847.74,2010-10-09T00:00:00Z,FALSE,-1
4058,62,26,3,665.41,2010-10-09T00:00:00Z,FALSE,-1
4059,18,91,1,753.58,2010-10-09T00:00:00Z,FALSE,-1
4060,92,90,1,811.32,2010-10-09T00:00:00Z,FALSE,-1
4061,87,31,3,852.87,2010-10-09T00:00:00Z,FALSE,-1
4062,90,52,3,942.91,2010-10-09T00:00:00Z,FALSE,-1
4063,49,31,1,356.65,2010-10-09T00:00:00Z,FALSE,-1
4064,62,5,3,520.64,2010-10-09T00:00:00Z,FALSE,-1
4065,19,97,3,865.14,2010-10-09T00:00:00Z,FALSE,-1
4066,53,32,1,635.99,2010-10-09T00:00:00Z,FALSE,-1
4067,93,27,2,296.18,2010-10-09T00:00:00Z,FALSE,-1
4068,88,44,3,221.89,2010-10-09T00:00:00Z,FALSE,-1
4069,12,57,3,462.2,2010-10-09T00:00:00Z,FALSE,-1
4070,13,95,3,519.88,2010-10-09T00:00:00Z,FALSE,-1
4071,99,52,3,404.34,2010-10-09T00:00:00Z,FALSE,-1
4072,94,25,1,637.06,2010-10-10T00:00:00Z,FALSE,-1
4073,56,20,1,850.44,2010-10-10T00:00:00Z,FALSE,-1
4074,55,0,1,593.5,2010-10-10T00:00:00Z,FALSE,-1
4075,3,47,1,641.35,2010-10-10T00:00:00Z,FALSE,-1
4076,89,61,1,118.7,2010-10-10T00:00:00Z,FALSE,-1
4077,20,92,1,947.75,2010-10-10T00:00:00Z,FALSE,-1
4078,96,38,3,685.7,2010-10-10T00:00:00Z,FALSE,-1
4079,4,92,2,423.8,2010-10-10T00:00:00Z,FALSE,-1
4080,3,87,3,704.82,2010-10-10T00:00:00Z,FALSE,-1
4081,10,41,3,96.45,2010-10-10T00:00:00Z,FALSE,-1
4082,17,70,1,911.65,2010-10-10T00:00:00Z,FALSE,-1
4083,94,92,1,664.05,2010-10-10T00:00:00Z,FALSE,-1
4084,77,95,4,561.38,2010-10-10T00:00:00Z,FALSE,-1
4085,76,44,3,831.76,2010-10-11T00:00:00Z,FALSE,-1
4086,79,88,3,869.48,2010-10-11T00:00:00Z,FALSE,-1
4087,83,13,1,594.21,2010-10-11T00:00:00Z,FALSE,-1
4088,71,29,1,396.33,2010-10-11T00:00:00Z,FALSE,-1
4089,94,34,2,285.69,2010-10-11T00:00:00Z,FALSE,-1
4090,59,7,2,818.82,2010-10-11T00:00:00Z,FALSE,-1
4091,96,29,2,708,2010-10-12T00:00:00Z,FALSE,-1
4092,66,7,2,440.63,2010-10-12T00:00:00Z,FALSE,-1
4093,73,3,1,943.58,2010-10-12T00:00:00Z,FALSE,-1
4094,58,28,3,668.32,2010-10-12T00:00:00Z,FALSE,-1
4095,72,39,2,591.58,2010-10-12T00:00:00Z,FALSE,-1
4096,1,49,3,902.37,2010-10-12T00:00:00Z,FALSE,-1
4097,2,50,3,929.15,2010-10-12T00:00:00Z,FALSE,-1
4098,81,59,1,176.26,2010-10-12T00:00:00Z,FALSE,-1
4099,8,61,1,130.02,2010-10-12T00:00:00Z,FALSE,-1
4100,86,44,2,571.16,2010-10-12T00:00:00Z,FALSE,-1
4101,63,33,3,484.14,2010-10-12T00:00:00Z,FALSE,-1
4102,11,74,2,549.31,2010-10-12T00:00:00Z,FALSE,-1
4103,98,30,1,268.06,2010-10-12T00:00:00Z,FALSE,-1
4104,74,11,1,838.98,2010-10-12T00:00:00Z,FALSE,-1
4105,98,33,3,924.27,2010-10-12T00:00:00Z,FALSE,-1
4106,91,37,2,235.07,2010-10-12T00:00:00Z,FALSE,-1
4107,89,42,1,696.96,2010-10-12T00:00:00Z,FALSE,-1
4108,50,2,3,830.91,2010-10-12T00:00:00Z,FALSE,-1
4109,15,64,1,877.66,2010-10-12T00:00:00Z,FALSE,-1
4110,60,17,3,237.64,2010-10-12T00:00:00Z,FALSE,-1
4111,52,35,2,428.33,2010-10-12T00:00:00Z,FALSE,-1
4112,67,35,1,473.08,2010-10-13T00:00:00Z,FALSE,-1
4113,97,46,1,767.1,2010-10-13T00:00:00Z,FALSE,-1
4114,58,2,1,689.99,2010-10-13T00:00:00Z,FALSE,-1
4115,54,28,1,434.43,2010-10-13T00:00:00Z,FALSE,-1
4116,6,25,4,451.52,2010-10-13T00:00:00Z,FALSE,-1
4117,1,49,3,543.62,2010-10-13T00:00:00Z,FALSE,-1
4118,0,27,3,366.75,2010-10-13T00:00:00Z,FALSE,-1
4119,65,24,2,232.9,2010-10-13T00:00:00Z,FALSE,-1
4120,88,38,1,146.35,2010-10-13T00:00:00Z,FALSE,-1
4121,5,87,3,407.63,2010-10-13T00:00:00Z,FALSE,-1
4122,14,20,1,279.17,2010-10-13T00:00:00Z,FALSE,-1
4123,84,99,3,474.49,2010-10-13T00:00:00Z,FALSE,-1
4124,99,32,1,988.99,2010-10-13T00:00:00Z,FALSE,-1
4125,51,30,3,945.47,2010-10-13T00:00:00Z,FALSE,-1
4126,57,8,1,438.77,2010-10-13T00:00:00Z,FALSE,-1
4127,75,78,2,407.65,2010-10-13T00:00:00Z,FALSE,-1
4128,21,44,1,172.69,2010-10-14T00:00:00Z,FALSE,-1
4129,61,1,1,615.78,2010-10-14T00:00:00Z,FALSE,-1
4130,87,45,4,584.08,2010-10-14T00:00:00Z,FALSE,-1
4131,64,15,3,981.52,2010-10-14T00:00:00Z,FALSE,-1
4132,7,66,1,534.82,2010-10-14T00:00:00Z,FALSE,-1
4133,93,54,3,519.21,2010-10-14T00:00:00Z,FALSE,-1
4134,70,9,1,734.67,2010-10-14T00:00:00Z,FALSE,-1
4135,78,72,1,386.33,2010-10-14T00:00:00Z,FALSE,-1
4136,94,40,1,714.24,2010-10-14T00:00:00Z,FALSE,-1
4137,68,34,2,981.86,2010-10-14T00:00:00Z,FALSE,-1
4138,23,79,1,862.04,2010-10-14T00:00:00Z,FALSE,-1
4139,97,36,1,919.84,2010-10-14T00:00:00Z,FALSE,-1
4140,85,50,2,384.45,2010-10-14T00:00:00Z,FALSE,-1
4141,97,48,3,726.3,2010-10-14T00:00:00Z,FALSE,-1
4142,96,84,1,285.71,2010-10-14T00:00:00Z,FALSE,-1
4143,24,60,1,341.38,2010-10-14T00:00:00Z,FALSE,-1
4144,82,75,2,482.27,2010-10-14T00:00:00Z,FALSE,-1
4145,95,93,3,953.39,2010-10-14T00:00:00Z,FALSE,-1
4146,97,46,1,609.17,2010-10-15T00:00:00Z,FALSE,-1
4147,95,43,1,414.65,2010-10-15T00:00:00Z,FALSE,-1
4148,99,41,1,928.65,2010-10-15T00:00:00Z,FALSE,-1
4149,9,70,3,673.55,2010-10-15T00:00:00Z,FALSE,-1
4150,16,98,3,181.57,2010-10-15T00:00:00Z,FALSE,-1
4151,67,35,1,256.97,2010-10-15T00:00:00Z,FALSE,-1
4152,80,19,1,442.17,2010-10-15T00:00:00Z,FALSE,-1
4153,69,17,3,462.46,2010-10-15T00:00:00Z,FALSE,-1
4154,22,56,2,705.25,2010-10-15T00:00:00Z,FALSE,-1
4155,98,54,1,684.18,2010-10-15T00:00:00Z,FALSE,-1
4156,99,84,2,389.66,2010-10-16T00:00:00Z,FALSE,-1
4157,87,95,3,565.33,2010-10-16T00:00:00Z,FALSE,-1
4158,13,34,1,812.72,2010-10-16T00:00:00Z,FALSE,-1
4159,92,39,1,109.22,2010-10-16T00:00:00Z,FALSE,-1
4160,18,99,3,536.86,2010-10-16T00:00:00Z,FALSE,-1
4161,62,5,3,865.77,2010-10-16T00:00:00Z,FALSE,-1
4162,91,51,1,133.55,2010-10-16T00:00:00Z,FALSE,-1
4163,19,28,1,676.83,2010-10-16T00:00:00Z,FALSE,-1
4164,12,6,2,805.36,2010-10-16T00:00:00Z,FALSE,-1
4165,97,27,2,210.74,2010-10-16T00:00:00Z,FALSE,-1
4166,90,50,1,749.16,2010-10-16T00:00:00Z,FALSE,-1
4167,54,31,1,552.81,2010-10-16T00:00:00Z,FALSE,-1
4168,53,32,1,904.69,2010-10-16T00:00:00Z,FALSE,-1
4169,88,26,1,180.17,2010-10-16T00:00:00Z,FALSE,-1
4170,94,44,1,203.1,2010-10-16T00:00:00Z,FALSE,-1
4171,92,2,3,729.66,2010-10-16T00:00:00Z,FALSE,-1
4172,3,73,3,316.19,2010-10-17T00:00:00Z,FALSE,-1
4173,99,25,1,180.3,2010-10-17T00:00:00Z,FALSE,-1
4174,17,77,1,674.9,2010-10-17T00:00:00Z,FALSE,-1
4175,55,0,3,547.77,2010-10-17T00:00:00Z,FALSE,-1
4176,10,91,1,914.54,2010-10-17T00:00:00Z,FALSE,-1
4177,89,88,2,529.82,2010-10-17T00:00:00Z,FALSE,-1
4178,4,89,1,245.38,2010-10-17T00:00:00Z,FALSE,-1
4179,98,38,3,714.72,2010-10-17T00:00:00Z,FALSE,-1
4180,20,64,1,918.8,2010-10-17T00:00:00Z,FALSE,-1
4181,94,86,3,474.54,2010-10-17T00:00:00Z,FALSE,-1
4182,15,47,1,147.53,2010-10-17T00:00:00Z,FALSE,-1
4183,56,20,4,224.16,2010-10-17T00:00:00Z,FALSE,-1
4184,77,42,2,254.39,2010-10-17T00:00:00Z,FALSE,-1
4185,79,92,1,994.74,2010-10-18T00:00:00Z,FALSE,-1
4186,71,29,4,932.36,2010-10-18T00:00:00Z,FALSE,-1
4187,68,34,3,740.55,2010-10-18T00:00:00Z,FALSE,-1
4188,83,88,2,835.82,2010-10-18T00:00:00Z,FALSE,-1
4189,59,7,2,526.32,2010-10-18T00:00:00Z,FALSE,-1
4190,76,51,3,838.42,2010-10-18T00:00:00Z,FALSE,-1
4191,72,39,2,146.33,2010-10-19T00:00:00Z,FALSE,-1
4192,2,86,2,815.61,2010-10-19T00:00:00Z,FALSE,-1
4193,15,32,2,155.05,2010-10-19T00:00:00Z,FALSE,-1
4194,63,33,3,547.57,2010-10-19T00:00:00Z,FALSE,-1
4195,52,35,3,898.77,2010-10-19T00:00:00Z,FALSE,-1
4196,60,17,1,826.18,2010-10-19T00:00:00Z,FALSE,-1
4197,51,30,2,930.78,2010-10-19T00:00:00Z,FALSE,-1
4198,74,11,1,953.75,2010-10-19T00:00:00Z,FALSE,-1
4199,71,29,1,639.95,2010-10-19T00:00:00Z,FALSE,-1
4200,11,86,3,179.07,2010-10-19T00:00:00Z,FALSE,-1
4201,73,3,3,752,2010-10-19T00:00:00Z,FALSE,-1
4202,8,73,1,891.93,2010-10-19T00:00:00Z,FALSE,-1
4203,38,49,1,744.99,2010-10-19T00:00:00Z,FALSE,-1
4204,86,18,3,283.46,2010-10-19T00:00:00Z,FALSE,-1
4205,79,28,3,844.92,2010-10-19T00:00:00Z,FALSE,-1
4206,63,33,3,755.78,2010-10-19T00:00:00Z,FALSE,-1
4207,66,7,3,111.89,2010-10-19T00:00:00Z,FALSE,-1
4208,95,37,3,563.65,2010-10-19T00:00:00Z,FALSE,-1
4209,95,42,3,663.39,2010-10-19T00:00:00Z,FALSE,-1
4210,50,2,1,968.98,2010-10-19T00:00:00Z,FALSE,-1
4211,81,63,3,188.14,2010-10-19T00:00:00Z,FALSE,-1
4212,65,24,4,132.63,2010-10-20T00:00:00Z,FALSE,-1
4213,88,77,1,838.48,2010-10-20T00:00:00Z,FALSE,-1
4214,75,11,1,203.84,2010-10-20T00:00:00Z,FALSE,-1
4215,84,19,3,434.51,2010-10-20T00:00:00Z,FALSE,-1
4216,14,30,1,694.83,2010-10-20T00:00:00Z,FALSE,-1
4217,0,55,3,995.17,2010-10-20T00:00:00Z,FALSE,-1
4218,5,33,2,869.72,2010-10-20T00:00:00Z,FALSE,-1
4219,67,35,1,556.83,2010-10-20T00:00:00Z,FALSE,-1
4220,54,28,1,120.82,2010-10-20T00:00:00Z,FALSE,-1
4221,6,93,2,944.76,2010-10-20T00:00:00Z,FALSE,-1
4222,1,97,3,490.72,2010-10-20T00:00:00Z,FALSE,-1
4223,53,32,1,894.92,2010-10-20T00:00:00Z,FALSE,-1
4224,99,46,1,149.43,2010-10-20T00:00:00Z,FALSE,-1
4225,51,30,3,882.81,2010-10-20T00:00:00Z,FALSE,-1
4226,58,2,2,811.05,2010-10-20T00:00:00Z,FALSE,-1
4227,57,8,1,208.64,2010-10-20T00:00:00Z,FALSE,-1
4228,98,40,3,402.82,2010-10-21T00:00:00Z,FALSE,-1
4229,95,77,1,454.13,2010-10-21T00:00:00Z,FALSE,-1
4230,99,48,2,193.35,2010-10-21T00:00:00Z,FALSE,-1
4231,23,37,1,536.91,2010-10-21T00:00:00Z,FALSE,-1
4232,7,79,1,542.79,2010-10-21T00:00:00Z,FALSE,-1
4233,93,34,3,869.65,2010-10-21T00:00:00Z,FALSE,-1
4234,64,15,3,464.56,2010-10-21T00:00:00Z,FALSE,-1
4235,85,78,3,572.75,2010-10-21T00:00:00Z,FALSE,-1
4236,78,92,1,410.01,2010-10-21T00:00:00Z,FALSE,-1
4237,21,99,2,522.4,2010-10-21T00:00:00Z,FALSE,-1
4238,96,63,1,443.24,2010-10-21T00:00:00Z,FALSE,-1
4239,82,84,3,382.86,2010-10-21T00:00:00Z,FALSE,-1
4240,68,34,1,966,2010-10-21T00:00:00Z,FALSE,-1
4241,24,69,3,588.95,2010-10-21T00:00:00Z,FALSE,-1
4242,61,1,1,186.52,2010-10-21T00:00:00Z,FALSE,-1
4243,98,36,2,722.47,2010-10-21T00:00:00Z,FALSE,-1
4244,70,9,1,781.14,2010-10-21T00:00:00Z,FALSE,-1
4245,91,45,1,900.4,2010-10-21T00:00:00Z,FALSE,-1
4246,33,43,1,151.57,2010-10-22T00:00:00Z,FALSE,-1
4247,98,64,1,814.68,2010-10-22T00:00:00Z,FALSE,-1
4248,69,17,3,463.78,2010-10-22T00:00:00Z,FALSE,-1
4249,9,77,1,574.54,2010-10-22T00:00:00Z,FALSE,-1
4250,28,35,3,708.41,2010-10-22T00:00:00Z,FALSE,-1
4251,80,8,3,561.36,2010-10-22T00:00:00Z,FALSE,-1
4252,97,93,3,177.23,2010-10-22T00:00:00Z,FALSE,-1
4253,10,41,3,866.86,2010-10-22T00:00:00Z,FALSE,-1
4254,16,61,2,360.69,2010-10-22T00:00:00Z,FALSE,-1
4255,22,92,2,655.29,2010-10-22T00:00:00Z,FALSE,-1
4256,92,93,4,716.15,2010-10-23T00:00:00Z,FALSE,-1
4257,18,46,2,706,2010-10-23T00:00:00Z,FALSE,-1
4258,99,55,4,381.13,2010-10-23T00:00:00Z,FALSE,-1
4259,58,31,1,982.69,2010-10-23T00:00:00Z,FALSE,-1
4260,29,39,1,953.13,2010-10-23T00:00:00Z,FALSE,-1
4261,11,26,3,458.27,2010-10-23T00:00:00Z,FALSE,-1
4262,90,7,3,263.81,2010-10-23T00:00:00Z,FALSE,-1
4263,16,44,3,828.28,2010-10-23T00:00:00Z,FALSE,-1
4264,62,5,1,112.81,2010-10-23T00:00:00Z,FALSE,-1
4265,87,72,1,651.98,2010-10-23T00:00:00Z,FALSE,-1
4266,19,85,3,593.73,2010-10-23T00:00:00Z,FALSE,-1
4267,12,5,3,447.15,2010-10-23T00:00:00Z,FALSE,-1
4268,91,78,3,538.14,2010-10-23T00:00:00Z,FALSE,-1
4269,0,27,3,370.74,2010-10-23T00:00:00Z,FALSE,-1
4270,53,32,2,287.64,2010-10-23T00:00:00Z,FALSE,-1
4271,13,77,1,168.81,2010-10-23T00:00:00Z,FALSE,-1
4272,10,93,2,1014.68,2010-10-24T00:00:00Z,FALSE,-1
4273,94,99,3,458.07,2010-10-24T00:00:00Z,FALSE,-1
4274,20,56,2,706.16,2010-10-24T00:00:00Z,FALSE,-1
4275,6,25,4,359.34,2010-10-24T00:00:00Z,FALSE,-1
4276,17,60,1,248.3,2010-10-24T00:00:00Z,FALSE,-1
4277,3,47,1,948.08,2010-10-24T00:00:00Z,FALSE,-1
4278,77,52,3,330.94,2010-10-24T00:00:00Z,FALSE,-1
4279,55,0,2,649.95,2010-10-24T00:00:00Z,FALSE,-1
4280,9,38,3,590.96,2010-10-24T00:00:00Z,FALSE,-1
4281,56,20,3,430.07,2010-10-24T00:00:00Z,FALSE,-1
4282,42,47,1,317.9,2010-10-24T00:00:00Z,FALSE,-1
4283,89,98,3,265.19,2010-10-24T00:00:00Z,FALSE,-1
4284,4,24,3,880.75,2010-10-24T00:00:00Z,FALSE,-1
4285,76,32,3,518.09,2010-10-25T00:00:00Z,FALSE,-1
4286,79,86,3,655.08,2010-10-25T00:00:00Z,FALSE,-1
4287,59,7,2,190.62,2010-10-25T00:00:00Z,FALSE,-1
4288,13,34,1,746.51,2010-10-25T00:00:00Z,FALSE,-1
4289,83,96,1,513.06,2010-10-25T00:00:00Z,FALSE,-1
4290,71,29,1,297.85,2010-10-25T00:00:00Z,FALSE,-1
4291,60,17,3,823.16,2010-10-26T00:00:00Z,FALSE,-1
4292,66,7,3,611.15,2010-10-26T00:00:00Z,FALSE,-1
4293,56,49,3,332.92,2010-10-26T00:00:00Z,FALSE,-1
4294,74,11,1,389.72,2010-10-26T00:00:00Z,FALSE,-1
4295,2,58,3,864.72,2010-10-26T00:00:00Z,FALSE,-1
4296,20,29,3,583.78,2010-10-26T00:00:00Z,FALSE,-1
4297,11,26,3,618.59,2010-10-26T00:00:00Z,FALSE,-1
4298,88,28,3,252.55,2010-10-26T00:00:00Z,FALSE,-1
4299,72,39,2,111.07,2010-10-26T00:00:00Z,FALSE,-1
4300,23,37,1,370.55,2010-10-26T00:00:00Z,FALSE,-1
4301,50,2,3,808.57,2010-10-26T00:00:00Z,FALSE,-1
4302,5,33,2,895.92,2010-10-26T00:00:00Z,FALSE,-1
4303,86,49,1,351.01,2010-10-26T00:00:00Z,FALSE,-1
4304,81,8,2,555.42,2010-10-26T00:00:00Z,FALSE,-1
4305,52,35,1,940.76,2010-10-26T00:00:00Z,FALSE,-1
4306,8,57,3,112.49,2010-10-26T00:00:00Z,FALSE,-1
4307,6,30,1,115.83,2010-10-26T00:00:00Z,FALSE,-1
4308,15,47,1,890.35,2010-10-26T00:00:00Z,FALSE,-1
4309,63,33,3,537.71,2010-10-26T00:00:00Z,FALSE,-1
4310,17,42,1,507.57,2010-10-26T00:00:00Z,FALSE,-1
4311,73,3,3,483.66,2010-10-26T00:00:00Z,FALSE,-1
4312,88,26,1,205.98,2010-10-27T00:00:00Z,FALSE,-1
4313,75,96,3,898.05,2010-10-27T00:00:00Z,FALSE,-1
4314,51,30,3,459.62,2010-10-27T00:00:00Z,FALSE,-1
4315,11,46,4,324.74,2010-10-27T00:00:00Z,FALSE,-1
4316,15,32,2,252.64,2010-10-27T00:00:00Z,FALSE,-1
4317,65,24,3,251.55,2010-10-27T00:00:00Z,FALSE,-1
4318,67,35,3,792.05,2010-10-27T00:00:00Z,FALSE,-1
4319,1,61,1,708.54,2010-10-27T00:00:00Z,FALSE,-1
4320,6,30,1,906.82,2010-10-27T00:00:00Z,FALSE,-1
4321,14,16,4,613.68,2010-10-27T00:00:00Z,FALSE,-1
4322,0,27,3,728.78,2010-10-27T00:00:00Z,FALSE,-1
4323,5,62,2,664.23,2010-10-27T00:00:00Z,FALSE,-1
4324,54,28,1,152.98,2010-10-27T00:00:00Z,FALSE,-1
4325,84,89,4,150.14,2010-10-27T00:00:00Z,FALSE,-1
4326,58,2,2,509.44,2010-10-27T00:00:00Z,FALSE,-1
4327,57,8,1,274.77,2010-10-27T00:00:00Z,FALSE,-1
4328,85,60,1,427.55,2010-10-28T00:00:00Z,FALSE,-1
4329,64,15,1,235.05,2010-10-28T00:00:00Z,FALSE,-1
4330,23,20,3,930.13,2010-10-28T00:00:00Z,FALSE,-1
4331,38,45,1,915.51,2010-10-28T00:00:00Z,FALSE,-1
4332,96,55,3,557.57,2010-10-28T00:00:00Z,FALSE,-1
4333,70,9,3,486.58,2010-10-28T00:00:00Z,FALSE,-1
4334,78,62,1,793.12,2010-10-28T00:00:00Z,FALSE,-1
4335,21,40,2,356.49,2010-10-28T00:00:00Z,FALSE,-1
4336,24,26,1,926.75,2010-10-28T00:00:00Z,FALSE,-1
4337,95,69,1,961.05,2010-10-28T00:00:00Z,FALSE,-1
4338,61,1,1,617.49,2010-10-28T00:00:00Z,FALSE,-1
4339,82,56,3,159.31,2010-10-28T00:00:00Z,FALSE,-1
4340,21,81,1,279.08,2010-10-28T00:00:00Z,FALSE,-1
4341,14,48,2,483.55,2010-10-28T00:00:00Z,FALSE,-1
4342,68,34,1,292.06,2010-10-28T00:00:00Z,FALSE,-1
4343,7,22,2,392.91,2010-10-28T00:00:00Z,FALSE,-1
4344,30,36,1,483.2,2010-10-28T00:00:00Z,FALSE,-1
4345,93,36,1,831.47,2010-10-28T00:00:00Z,FALSE,-1
4346,22,99,1,586.6,2010-10-29T00:00:00Z,FALSE,-1
4347,9,38,3,439.81,2010-10-29T00:00:00Z,FALSE,-1
4348,80,37,3,336.45,2010-10-29T00:00:00Z,FALSE,-1
4349,39,35,1,487.63,2010-10-29T00:00:00Z,FALSE,-1
4350,16,50,3,490.2,2010-10-29T00:00:00Z,FALSE,-1
4351,42,41,2,268.99,2010-10-29T00:00:00Z,FALSE,-1
4352,98,41,1,415.78,2010-10-29T00:00:00Z,FALSE,-1
4353,97,10,1,653.26,2010-10-29T00:00:00Z,FALSE,-1
4354,44,43,3,565.1,2010-10-29T00:00:00Z,FALSE,-1
4355,69,17,1,661.93,2010-10-29T00:00:00Z,FALSE,-1
4356,13,26,3,267.68,2010-10-30T00:00:00Z,FALSE,-1
4357,91,80,2,767.51,2010-10-30T00:00:00Z,FALSE,-1
4358,18,96,1,887.07,2010-10-30T00:00:00Z,FALSE,-1
4359,21,44,1,612.89,2010-10-30T00:00:00Z,FALSE,-1
4360,55,39,1,200.63,2010-10-30T00:00:00Z,FALSE,-1
4361,19,7,3,145.04,2010-10-30T00:00:00Z,FALSE,-1
4362,92,62,2,615.98,2010-10-30T00:00:00Z,FALSE,-1
4363,53,32,1,247.64,2010-10-30T00:00:00Z,FALSE,-1
4364,13,26,3,847.35,2010-10-30T00:00:00Z,FALSE,-1
4365,12,97,1,888.01,2010-10-30T00:00:00Z,FALSE,-1
4366,63,31,3,881.18,2010-10-30T00:00:00Z,FALSE,-1
4367,90,82,3,458.22,2010-10-30T00:00:00Z,FALSE,-1
4368,99,0,1,699.66,2010-10-30T00:00:00Z,FALSE,-1
4369,32,27,3,237.79,2010-10-30T00:00:00Z,FALSE,-1
4370,62,5,2,941.01,2010-10-30T00:00:00Z,FALSE,-1
4371,87,79,3,830.38,2010-10-30T00:00:00Z,FALSE,-1
4372,77,47,3,537.1,2010-10-31T00:00:00Z,FALSE,-1
4373,56,25,4,596.16,2010-10-31T00:00:00Z,FALSE,-1
4374,3,87,3,935.02,2010-10-31T00:00:00Z,FALSE,-1
4375,77,96,1,881.86,2010-10-31T00:00:00Z,FALSE,-1
4376,10,78,3,762.94,2010-10-31T00:00:00Z,FALSE,-1
4377,55,0,1,863.12,2010-10-31T00:00:00Z,FALSE,-1
4378,89,37,2,353.51,2010-10-31T00:00:00Z,FALSE,-1
4379,4,92,2,394.83,2010-10-31T00:00:00Z,FALSE,-1
4380,20,55,1,453.76,2010-10-31T00:00:00Z,FALSE,-1
4381,17,69,3,736.54,2010-10-31T00:00:00Z,FALSE,-1
4382,94,58,1,139.7,2010-10-31T00:00:00Z,FALSE,-1
4383,56,20,3,615.61,2010-10-31T00:00:00Z,FALSE,-1
4384,46,38,1,983.81,2010-10-31T00:00:00Z,FALSE,-1
4385,79,28,3,795.83,2010-11-01T00:00:00Z,FALSE,-1
4386,83,32,3,234.59,2010-11-01T00:00:00Z,FALSE,-1
4387,59,7,3,988.58,2010-11-01T00:00:00Z,FALSE,-1
4388,29,34,1,733.62,2010-11-01T00:00:00Z,FALSE,-1
4389,71,29,2,376.46,2010-11-01T00:00:00Z,FALSE,-1
4390,76,61,1,349.74,2010-11-01T00:00:00Z,FALSE,-1
4391,60,17,3,208.24,2010-11-02T00:00:00Z,FALSE,-1
4392,52,35,1,131.47,2010-11-02T00:00:00Z,FALSE,-1
4393,25,29,2,378.49,2010-11-02T00:00:00Z,FALSE,-1
4394,72,39,2,116.39,2010-11-02T00:00:00Z,FALSE,-1
4395,50,2,1,450.76,2010-11-02T00:00:00Z,FALSE,-1
4396,15,22,3,677,2010-11-02T00:00:00Z,FALSE,-1
4397,40,37,3,394.84,2010-11-02T00:00:00Z,FALSE,-1
4398,59,49,2,939.84,2010-11-02T00:00:00Z,FALSE,-1
4399,73,3,4,146.51,2010-11-02T00:00:00Z,FALSE,-1
4400,11,98,2,575.85,2010-11-02T00:00:00Z,FALSE,-1
4401,14,30,1,389.18,2010-11-02T00:00:00Z,FALSE,-1
4402,2,50,3,454.83,2010-11-02T00:00:00Z,FALSE,-1
4403,63,33,3,228.8,2010-11-02T00:00:00Z,FALSE,-1
4404,86,98,1,287.52,2010-11-02T00:00:00Z,FALSE,-1
4405,54,28,1,483.37,2010-11-02T00:00:00Z,FALSE,-1
4406,8,66,3,336.07,2010-11-02T00:00:00Z,FALSE,-1
4407,66,7,3,268.73,2010-11-02T00:00:00Z,FALSE,-1
4408,41,42,1,820.37,2010-11-02T00:00:00Z,FALSE,-1
4409,81,97,3,314.27,2010-11-02T00:00:00Z,FALSE,-1
4410,74,11,1,374.86,2010-11-02T00:00:00Z,FALSE,-1
4411,44,33,1,262.83,2010-11-02T00:00:00Z,FALSE,-1
4412,75,65,1,304.12,2010-11-03T00:00:00Z,FALSE,-1
4413,1,49,3,866.38,2010-11-03T00:00:00Z,FALSE,-1
4414,51,30,3,656.13,2010-11-03T00:00:00Z,FALSE,-1
4415,54,28,1,900.09,2010-11-03T00:00:00Z,FALSE,-1
4416,6,94,3,607.79,2010-11-03T00:00:00Z,FALSE,-1
4417,0,55,3,793.24,2010-11-03T00:00:00Z,FALSE,-1
4418,66,32,3,160.21,2010-11-03T00:00:00Z,FALSE,-1
4419,84,64,2,407.16,2010-11-03T00:00:00Z,FALSE,-1
4420,14,55,3,556.27,2010-11-03T00:00:00Z,FALSE,-1
4421,5,87,3,637.8,2010-11-03T00:00:00Z,FALSE,-1
4422,58,2,3,803.16,2010-11-03T00:00:00Z,FALSE,-1
4423,57,8,1,365.72,2010-11-03T00:00:00Z,FALSE,-1
4424,65,24,3,173.77,2010-11-03T00:00:00Z,FALSE,-1
4425,18,46,2,254.92,2010-11-03T00:00:00Z,FALSE,-1
4426,67,35,1,292.23,2010-11-03T00:00:00Z,FALSE,-1
4427,88,17,2,438.88,2010-11-03T00:00:00Z,FALSE,-1
4428,93,49,3,388.34,2010-11-04T00:00:00Z,FALSE,-1
4429,69,48,1,770.7,2010-11-04T00:00:00Z,FALSE,-1
4430,21,92,3,498.72,2010-11-04T00:00:00Z,FALSE,-1
4431,7,59,3,800.87,2010-11-04T00:00:00Z,FALSE,-1
4432,24,90,2,909.1,2010-11-04T00:00:00Z,FALSE,-1
4433,96,94,3,844.98,2010-11-04T00:00:00Z,FALSE,-1
4434,95,46,1,575.75,2010-11-04T00:00:00Z,FALSE,-1
4435,85,11,1,795.87,2010-11-04T00:00:00Z,FALSE,-1
4436,55,40,1,665.11,2010-11-04T00:00:00Z,FALSE,-1
4437,61,1,3,232.48,2010-11-04T00:00:00Z,FALSE,-1
4438,70,9,1,868.08,2010-11-04T00:00:00Z,FALSE,-1
4439,23,98,1,96.29,2010-11-04T00:00:00Z,FALSE,-1
4440,42,36,3,193.77,2010-11-04T00:00:00Z,FALSE,-1
4441,82,83,1,652.86,2010-11-04T00:00:00Z,FALSE,-1
4442,68,34,3,257.69,2010-11-04T00:00:00Z,FALSE,-1
4443,78,45,1,639.06,2010-11-04T00:00:00Z,FALSE,-1
4444,40,45,1,831.21,2010-11-04T00:00:00Z,FALSE,-1
4445,64,15,3,913.08,2010-11-04T00:00:00Z,FALSE,-1
4446,22,74,1,193.94,2010-11-05T00:00:00Z,FALSE,-1
4447,16,44,3,506.2,2010-11-05T00:00:00Z,FALSE,-1
4448,60,43,1,206.94,2010-11-05T00:00:00Z,FALSE,-1
4449,59,35,2,191.66,2010-11-05T00:00:00Z,FALSE,-1
4450,98,33,3,827.32,2010-11-05T00:00:00Z,FALSE,-1
4451,9,23,1,240.86,2010-11-05T00:00:00Z,FALSE,-1
4452,80,77,4,387.15,2010-11-05T00:00:00Z,FALSE,-1
4453,52,41,2,533.08,2010-11-05T00:00:00Z,FALSE,-1
4454,69,17,1,374.44,2010-11-05T00:00:00Z,FALSE,-1
4455,97,47,1,571.27,2010-11-05T00:00:00Z,FALSE,-1
4456,91,37,2,360.41,2010-11-06T00:00:00Z,FALSE,-1
4457,87,98,3,604.32,2010-11-06T00:00:00Z,FALSE,-1
4458,70,39,1,265.22,2010-11-06T00:00:00Z,FALSE,-1
4459,62,5,3,904.63,2010-11-06T00:00:00Z,FALSE,-1
4460,19,99,1,380.68,2010-11-06T00:00:00Z,FALSE,-1
4461,24,26,1,767.96,2010-11-06T00:00:00Z,FALSE,-1
4462,76,44,3,130.99,2010-11-06T00:00:00Z,FALSE,-1
4463,92,65,1,637.62,2010-11-06T00:00:00Z,FALSE,-1
4464,90,2,1,791.99,2010-11-06T00:00:00Z,FALSE,-1
4465,44,27,2,978.69,2010-11-06T00:00:00Z,FALSE,-1
4466,99,94,2,271.12,2010-11-06T00:00:00Z,FALSE,-1
4467,53,32,2,717.73,2010-11-06T00:00:00Z,FALSE,-1
4468,87,31,3,595.61,2010-11-06T00:00:00Z,FALSE,-1
4469,13,97,3,966.61,2010-11-06T00:00:00Z,FALSE,-1
4470,12,11,3,169.16,2010-11-06T00:00:00Z,FALSE,-1
4471,18,91,1,108.55,2010-11-06T00:00:00Z,FALSE,-1
4472,55,0,1,904.72,2010-11-07T00:00:00Z,FALSE,-1
4473,56,20,3,832.23,2010-11-07T00:00:00Z,FALSE,-1
4474,3,73,3,972.35,2010-11-07T00:00:00Z,FALSE,-1
4475,17,42,1,1049.95,2010-11-07T00:00:00Z,FALSE,-1
4476,20,29,3,861.55,2010-11-07T00:00:00Z,FALSE,-1
4477,89,94,1,872.88,2010-11-07T00:00:00Z,FALSE,-1
4478,10,70,3,181.95,2010-11-07T00:00:00Z,FALSE,-1
4479,4,89,1,881.25,2010-11-07T00:00:00Z,FALSE,-1
4480,94,34,2,314.88,2010-11-07T00:00:00Z,FALSE,-1
4481,83,38,1,417.77,2010-11-07T00:00:00Z,FALSE,-1
4482,77,65,2,534.53,2010-11-07T00:00:00Z,FALSE,-1
4483,75,25,1,895.61,2010-11-07T00:00:00Z,FALSE,-1
4484,82,47,3,191.4,2010-11-07T00:00:00Z,FALSE,-1
4485,59,7,2,854.9,2010-11-08T00:00:00Z,FALSE,-1
4486,71,29,3,568.98,2010-11-08T00:00:00Z,FALSE,-1
4487,76,80,2,601.66,2010-11-08T00:00:00Z,FALSE,-1
4488,83,54,1,384.15,2010-11-08T00:00:00Z,FALSE,-1
4489,36,34,1,128.26,2010-11-08T00:00:00Z,FALSE,-1
4490,79,75,3,690.03,2010-11-08T00:00:00Z,FALSE,-1
4491,86,99,2,875.7,2010-11-09T00:00:00Z,FALSE,-1
4492,8,61,1,876.74,2010-11-09T00:00:00Z,FALSE,-1
4493,2,86,2,803.39,2010-11-09T00:00:00Z,FALSE,-1
4494,58,33,1,979.53,2010-11-09T00:00:00Z,FALSE,-1
4495,44,30,3,149.33,2010-11-09T00:00:00Z,FALSE,-1
4496,11,46,4,530.75,2010-11-09T00:00:00Z,FALSE,-1
4497,74,11,3,737.5,2010-11-09T00:00:00Z,FALSE,-1
4498,81,89,2,940.06,2010-11-09T00:00:00Z,FALSE,-1
4499,15,24,2,743.5,2010-11-09T00:00:00Z,FALSE,-1
4500,63,33,3,393.4,2010-11-09T00:00:00Z,FALSE,-1
4501,80,37,3,548.93,2010-11-09T00:00:00Z,FALSE,-1
4502,69,42,2,627.35,2010-11-09T00:00:00Z,FALSE,-1
4503,73,3,3,807.33,2010-11-09T00:00:00Z,FALSE,-1
4504,72,39,2,400.29,2010-11-09T00:00:00Z,FALSE,-1
4505,35,29,3,812.85,2010-11-09T00:00:00Z,FALSE,-1
4506,52,35,1,553.35,2010-11-09T00:00:00Z,FALSE,-1
4507,67,49,1,101.67,2010-11-09T00:00:00Z,FALSE,-1
4508,60,17,1,592.03,2010-11-09T00:00:00Z,FALSE,-1
4509,19,28,1,328.99,2010-11-09T00:00:00Z,FALSE,-1
4510,66,7,3,182.74,2010-11-09T00:00:00Z,FALSE,-1
4511,50,2,2,173.39,2010-11-09T00:00:00Z,FALSE,-1
4512,51,30,3,709.59,2010-11-10T00:00:00Z,FALSE,-1
4513,67,35,1,999.44,2010-11-10T00:00:00Z,FALSE,-1
4514,58,2,3,707.51,2010-11-10T00:00:00Z,FALSE,-1
4515,54,28,1,640.16,2010-11-10T00:00:00Z,FALSE,-1
4516,5,33,2,723.76,2010-11-10T00:00:00Z,FALSE,-1
4517,0,27,3,648.7,2010-11-10T00:00:00Z,FALSE,-1
4518,75,73,3,544.71,2010-11-10T00:00:00Z,FALSE,-1
4519,57,8,3,735.49,2010-11-10T00:00:00Z,FALSE,-1
4520,76,32,3,123.94,2010-11-10T00:00:00Z,FALSE,-1
4521,88,89,3,441.95,2010-11-10T00:00:00Z,FALSE,-1
4522,6,25,4,149.79,2010-11-10T00:00:00Z,FALSE,-1
4523,62,46,3,336.33,2010-11-10T00:00:00Z,FALSE,-1
4524,1,97,3,947.05,2010-11-10T00:00:00Z,FALSE,-1
4525,14,48,2,782.45,2010-11-10T00:00:00Z,FALSE,-1
4526,84,58,3,555.13,2010-11-10T00:00:00Z,FALSE,-1
4527,65,24,3,189.84,2010-11-10T00:00:00Z,FALSE,-1
4528,70,9,1,348.88,2010-11-11T00:00:00Z,FALSE,-1
4529,23,50,3,975.46,2010-11-11T00:00:00Z,FALSE,-1
4530,61,1,1,516.15,2010-11-11T00:00:00Z,FALSE,-1
4531,96,99,2,797.23,2010-11-11T00:00:00Z,FALSE,-1
4532,50,45,3,457.12,2010-11-11T00:00:00Z,FALSE,-1
4533,95,55,3,161.55,2010-11-11T00:00:00Z,FALSE,-1
4534,24,65,1,616.78,2010-11-11T00:00:00Z,FALSE,-1
4535,85,20,3,316.43,2010-11-11T00:00:00Z,FALSE,-1
4536,7,66,1,572.12,2010-11-11T00:00:00Z,FALSE,-1
4537,74,48,2,400.13,2010-11-11T00:00:00Z,FALSE,-1
4538,78,83,3,175.87,2010-11-11T00:00:00Z,FALSE,-1
4539,21,40,2,494.84,2010-11-11T00:00:00Z,FALSE,-1
4540,55,36,3,547.72,2010-11-11T00:00:00Z,FALSE,-1
4541,68,34,3,557.05,2010-11-11T00:00:00Z,FALSE,-1
4542,64,15,3,553.42,2010-11-11T00:00:00Z,FALSE,-1
4543,61,40,2,218.79,2010-11-11T00:00:00Z,FALSE,-1
4544,93,86,3,844.17,2010-11-11T00:00:00Z,FALSE,-1
4545,82,40,1,333.28,2010-11-11T00:00:00Z,FALSE,-1
4546,9,70,3,455.5,2010-11-12T00:00:00Z,FALSE,-1
4547,69,17,1,104.64,2010-11-12T00:00:00Z,FALSE,-1
4548,80,39,3,279.09,2010-11-12T00:00:00Z,FALSE,-1
4549,22,62,1,388.49,2010-11-12T00:00:00Z,FALSE,-1
4550,66,43,3,251.07,2010-11-12T00:00:00Z,FALSE,-1
4551,16,83,1,228.46,2010-11-12T00:00:00Z,FALSE,-1
4552,87,35,2,624.16,2010-11-12T00:00:00Z,FALSE,-1
4553,98,36,2,476.26,2010-11-12T00:00:00Z,FALSE,-1
4554,97,64,1,876.13,2010-11-12T00:00:00Z,FALSE,-1
4555,68,41,2,797.82,2010-11-12T00:00:00Z,FALSE,-1
4556,87,97,2,904.6,2010-11-13T00:00:00Z,FALSE,-1
4557,99,73,1,518.4,2010-11-13T00:00:00Z,FALSE,-1
4558,92,64,3,109.71,2010-11-13T00:00:00Z,FALSE,-1
4559,13,95,3,865.85,2010-11-13T00:00:00Z,FALSE,-1
4560,53,32,3,543.88,2010-11-13T00:00:00Z,FALSE,-1
4561,45,27,3,642.67,2010-11-13T00:00:00Z,FALSE,-1
4562,91,67,3,991.34,2010-11-13T00:00:00Z,FALSE,-1
4563,90,39,1,776.96,2010-11-13T00:00:00Z,FALSE,-1
4564,18,99,3,121.93,2010-11-13T00:00:00Z,FALSE,-1
4565,62,5,3,717.53,2010-11-13T00:00:00Z,FALSE,-1
4566,72,39,2,934.71,2010-11-13T00:00:00Z,FALSE,-1
4567,36,26,1,865.29,2010-11-13T00:00:00Z,FALSE,-1
4568,19,97,3,121.67,2010-11-13T00:00:00Z,FALSE,-1
4569,79,44,2,915.51,2010-11-13T00:00:00Z,FALSE,-1
4570,49,31,1,978.69,2010-11-13T00:00:00Z,FALSE,-1
4571,12,57,3,136.95,2010-11-13T00:00:00Z,FALSE,-1
4572,89,86,3,280.64,2010-11-14T00:00:00Z,FALSE,-1
4573,10,41,3,672.28,2010-11-14T00:00:00Z,FALSE,-1
4574,3,47,1,189.09,2010-11-14T00:00:00Z,FALSE,-1
4575,77,68,1,615.96,2010-11-14T00:00:00Z,FALSE,-1
4576,55,0,3,771.76,2010-11-14T00:00:00Z,FALSE,-1
4577,4,24,3,383.06,2010-11-14T00:00:00Z,FALSE,-1
4578,81,25,3,665.41,2010-11-14T00:00:00Z,FALSE,-1
4579,17,70,1,540.2,2010-11-14T00:00:00Z,FALSE,-1
4580,20,92,1,903.1,2010-11-14T00:00:00Z,FALSE,-1
4581,88,38,1,282.12,2010-11-14T00:00:00Z,FALSE,-1
4582,56,20,3,475.44,2010-11-14T00:00:00Z,FALSE,-1
4583,85,47,4,291.72,2010-11-14T00:00:00Z,FALSE,-1
4584,94,13,2,983.78,2010-11-14T00:00:00Z,FALSE,-1
4585,77,34,3,355.49,2010-11-15T00:00:00Z,FALSE,-1
4586,59,7,1,981.17,2010-11-15T00:00:00Z,FALSE,-1
4587,76,74,3,605.54,2010-11-15T00:00:00Z,FALSE,-1
4588,83,99,3,582.14,2010-11-15T00:00:00Z,FALSE,-1
4589,79,44,2,598.78,2010-11-15T00:00:00Z,FALSE,-1
4590,71,29,3,121.87,2010-11-15T00:00:00Z,FALSE,-1
4591,63,33,3,368,2010-11-16T00:00:00Z,FALSE,-1
4592,60,17,1,658.4,2010-11-16T00:00:00Z,FALSE,-1
4593,66,29,1,263.27,2010-11-16T00:00:00Z,FALSE,-1
4594,11,74,2,824.43,2010-11-16T00:00:00Z,FALSE,-1
4595,70,42,3,725.68,2010-11-16T00:00:00Z,FALSE,-1
4596,2,58,3,464.72,2010-11-16T00:00:00Z,FALSE,-1
4597,15,64,1,434.94,2010-11-16T00:00:00Z,FALSE,-1
4598,8,73,1,678.19,2010-11-16T00:00:00Z,FALSE,-1
4599,50,2,2,875.89,2010-11-16T00:00:00Z,FALSE,-1
4600,52,35,3,954.25,2010-11-16T00:00:00Z,FALSE,-1
4601,88,37,2,406.82,2010-11-16T00:00:00Z,FALSE,-1
4602,72,39,2,333.4,2010-11-16T00:00:00Z,FALSE,-1
4603,66,7,3,514.47,2010-11-16T00:00:00Z,FALSE,-1
4604,86,91,1,333.34,2010-11-16T00:00:00Z,FALSE,-1
4605,73,3,4,135.39,2010-11-16T00:00:00Z,FALSE,-1
4606,86,49,1,999.88,2010-11-16T00:00:00Z,FALSE,-1
4607,81,25,3,421.42,2010-11-16T00:00:00Z,FALSE,-1
4608,92,30,3,528.89,2010-11-16T00:00:00Z,FALSE,-1
4609,25,28,3,488.55,2010-11-16T00:00:00Z,FALSE,-1
4610,83,33,1,677.23,2010-11-16T00:00:00Z,FALSE,-1
4611,74,11,1,786.42,2010-11-16T00:00:00Z,FALSE,-1
4612,57,8,1,579.46,2010-11-17T00:00:00Z,FALSE,-1
4613,73,46,2,326.99,2010-11-17T00:00:00Z,FALSE,-1
4614,90,95,1,201.63,2010-11-17T00:00:00Z,TRUE,2
4615,84,92,1,983.32,2010-11-17T00:00:00Z,FALSE,-1
4616,1,61,1,480.69,2010-11-17T00:00:00Z,FALSE,-1
4617,88,90,1,792.89,2010-11-17T00:00:00Z,FALSE,-1
4618,5,62,2,199.93,2010-11-17T00:00:00Z,FALSE,-1
4619,67,35,2,748.78,2010-11-17T00:00:00Z,FALSE,-1
4620,14,20,1,947.24,2010-11-17T00:00:00Z,FALSE,-1
4621,0,55,3,405.16,2010-11-17T00:00:00Z,FALSE,-1
4622,75,25,1,639.78,2010-11-17T00:00:00Z,FALSE,-1
4623,65,24,3,600.73,2010-11-17T00:00:00Z,FALSE,-1
4624,6,93,2,544.53,2010-11-17T00:00:00Z,FALSE,-1
4625,51,30,2,539.99,2010-11-17T00:00:00Z,FALSE,-1
4626,54,28,1,499.01,2010-11-17T00:00:00Z,FALSE,-1
4627,58,2,2,920.75,2010-11-17T00:00:00Z,FALSE,-1
4628,81,32,1,705.54,2010-11-17T00:00:00Z,FALSE,-1
4629,85,91,3,639.78,2010-11-18T00:00:00Z,FALSE,-1
4630,68,34,1,797.82,2010-11-18T00:00:00Z,FALSE,-1
4631,78,77,1,690.16,2010-11-18T00:00:00Z,FALSE,-1
4632,64,40,1,940.33,2010-11-18T00:00:00Z,FALSE,-1
4633,64,15,1,264.58,2010-11-18T00:00:00Z,FALSE,-1
4634,70,9,3,260.49,2010-11-18T00:00:00Z,FALSE,-1
4635,23,17,2,623.23,2010-11-18T00:00:00Z,FALSE,-1
4636,96,14,3,128.66,2010-11-18T00:00:00Z,FALSE,-1
4637,7,79,1,130.37,2010-11-18T00:00:00Z,FALSE,-1
4638,54,45,2,870.66,2010-11-18T00:00:00Z,FALSE,-1
4639,61,1,3,624.69,2010-11-18T00:00:00Z,FALSE,-1
4640,79,36,1,381.45,2010-11-18T00:00:00Z,FALSE,-1
4641,93,97,3,956.1,2010-11-18T00:00:00Z,FALSE,-1
4642,24,91,2,323.68,2010-11-18T00:00:00Z,FALSE,-1
4643,21,44,1,781.1,2010-11-18T00:00:00Z,FALSE,-1
4644,95,38,1,964.37,2010-11-18T00:00:00Z,FALSE,-1
4645,91,48,1,443.4,2010-11-18T00:00:00Z,FALSE,-1
4646,82,98,1,139.84,2010-11-18T00:00:00Z,FALSE,-1
4647,22,56,2,954.68,2010-11-19T00:00:00Z,FALSE,-1
4648,98,95,2,545.8,2010-11-19T00:00:00Z,FALSE,-1
4649,16,98,3,614.66,2010-11-19T00:00:00Z,FALSE,-1
4650,9,77,1,848.9,2010-11-19T00:00:00Z,FALSE,-1
4651,69,17,2,145.47,2010-11-19T00:00:00Z,FALSE,-1
4652,97,60,3,653.09,2010-11-19T00:00:00Z,FALSE,-1
4653,95,35,1,401.9,2010-11-19T00:00:00Z,FALSE,-1
4654,80,12,1,474.72,2010-11-19T00:00:00Z,FALSE,-1
4655,74,41,1,369.82,2010-11-19T00:00:00Z,FALSE,-1
4656,67,43,3,778.73,2010-11-19T00:00:00Z,FALSE,-1
4657,93,27,2,584.19,2010-11-20T00:00:00Z,FALSE,-1
4658,87,45,4,567.62,2010-11-20T00:00:00Z,FALSE,-1
4659,13,34,1,161.27,2010-11-20T00:00:00Z,FALSE,-1
4660,54,31,1,731.08,2010-11-20T00:00:00Z,FALSE,-1
4661,19,28,1,433.97,2010-11-20T00:00:00Z,FALSE,-1
4662,18,46,2,316.84,2010-11-20T00:00:00Z,FALSE,-1
4663,91,99,3,149.04,2010-11-20T00:00:00Z,FALSE,-1
4664,80,39,3,624.57,2010-11-20T00:00:00Z,FALSE,-1
4665,53,32,3,569.71,2010-11-20T00:00:00Z,FALSE,-1
4666,90,53,1,992.51,2010-11-20T00:00:00Z,FALSE,-1
4667,92,98,1,776.41,2010-11-20T00:00:00Z,FALSE,-1
4668,99,7,3,801.53,2010-11-20T00:00:00Z,FALSE,-1
4669,62,5,1,604.08,2010-11-20T00:00:00Z,FALSE,-1
4670,12,6,2,682.32,2010-11-20T00:00:00Z,FALSE,-1
4671,62,26,3,417.28,2010-11-20T00:00:00Z,FALSE,-1
4672,86,44,2,258.02,2010-11-20T00:00:00Z,FALSE,-1
4673,94,25,1,537.56,2010-11-21T00:00:00Z,FALSE,-1
4674,95,38,1,732.43,2010-11-21T00:00:00Z,FALSE,-1
4675,17,77,1,624.91,2010-11-21T00:00:00Z,FALSE,-1
4676,3,87,3,682.57,2010-11-21T00:00:00Z,FALSE,-1
4677,89,96,1,468.56,2010-11-21T00:00:00Z,FALSE,-1
4678,20,64,1,271.59,2010-11-21T00:00:00Z,FALSE,-1
4679,97,47,1,234.48,2010-11-21T00:00:00Z,FALSE,-1
4680,4,92,2,883.28,2010-11-21T00:00:00Z,FALSE,-1
4681,77,34,3,219.21,2010-11-21T00:00:00Z,FALSE,-1
4682,94,96,2,494.44,2010-11-21T00:00:00Z,FALSE,-1
4683,56,20,1,761.26,2010-11-21T00:00:00Z,FALSE,-1
4684,10,91,1,561.26,2010-11-21T00:00:00Z,FALSE,-1
4685,55,0,1,691.2,2010-11-21T00:00:00Z,FALSE,-1
4686,71,29,1,959.63,2010-11-22T00:00:00Z,FALSE,-1
4687,83,20,1,619.6,2010-11-22T00:00:00Z,FALSE,-1
4688,79,36,1,680.87,2010-11-22T00:00:00Z,FALSE,-1
4689,76,69,1,605.01,2010-11-22T00:00:00Z,FALSE,-1
4690,93,34,3,518.74,2010-11-22T00:00:00Z,FALSE,-1
4691,59,7,3,880.3,2010-11-22T00:00:00Z,FALSE,-1
4692,52,35,1,780.62,2010-11-23T00:00:00Z,FALSE,-1
4693,66,7,3,905.47,2010-11-23T00:00:00Z,FALSE,-1
4694,60,17,3,132.96,2010-11-23T00:00:00Z,FALSE,-1
4695,2,50,3,629.33,2010-11-23T00:00:00Z,FALSE,-1
4696,15,32,2,150.8,2010-11-23T00:00:00Z,FALSE,-1
4697,73,3,3,292.25,2010-11-23T00:00:00Z,FALSE,-1
4698,77,42,2,895.34,2010-11-23T00:00:00Z,FALSE,-1
4699,94,33,2,380.78,2010-11-23T00:00:00Z,FALSE,-1
4700,89,37,2,757.31,2010-11-23T00:00:00Z,FALSE,-1
4701,94,30,2,446.39,2010-11-23T00:00:00Z,FALSE,-1
4702,63,33,3,341.9,2010-11-23T00:00:00Z,FALSE,-1
4703,86,76,1,653.43,2010-11-23T00:00:00Z,FALSE,-1
4704,11,86,3,201.35,2010-11-23T00:00:00Z,FALSE,-1
4705,26,28,3,535.75,2010-11-23T00:00:00Z,FALSE,-1
4706,93,49,3,288.37,2010-11-23T00:00:00Z,FALSE,-1
4707,81,91,2,733.22,2010-11-23T00:00:00Z,FALSE,-1
4708,77,29,3,152.63,2010-11-23T00:00:00Z,FALSE,-1
4709,74,11,2,518.26,2010-11-23T00:00:00Z,FALSE,-1
4710,72,39,2,248.91,2010-11-23T00:00:00Z,FALSE,-1
4711,50,2,3,787.25,2010-11-23T00:00:00Z,FALSE,-1
4712,8,57,3,219.23,2010-11-23T00:00:00Z,FALSE,-1
4713,84,55,1,902.24,2010-11-24T00:00:00Z,FALSE,-1
4714,88,57,3,771.02,2010-11-24T00:00:00Z,FALSE,-1
4715,75,98,2,532.32,2010-11-24T00:00:00Z,FALSE,-1
4716,67,35,1,790.73,2010-11-24T00:00:00Z,FALSE,-1
4717,58,2,1,721.34,2010-11-24T00:00:00Z,FALSE,-1
4718,51,30,2,453.81,2010-11-24T00:00:00Z,FALSE,-1
4719,83,32,3,841.29,2010-11-24T00:00:00Z,FALSE,-1
4720,1,49,3,128.86,2010-11-24T00:00:00Z,FALSE,-1
4721,14,30,1,767.55,2010-11-24T00:00:00Z,FALSE,-1
4722,65,24,1,118.18,2010-11-24T00:00:00Z,FALSE,-1
4723,57,8,1,692.16,2010-11-24T00:00:00Z,FALSE,-1
4724,6,30,1,695.18,2010-11-24T00:00:00Z,FALSE,-1
4725,95,46,1,428.26,2010-11-24T00:00:00Z,FALSE,-1
4726,0,27,3,290.77,2010-11-24T00:00:00Z,FALSE,-1
4727,5,87,3,793.49,2010-11-24T00:00:00Z,FALSE,-1
4728,54,28,2,631.65,2010-11-24T00:00:00Z,FALSE,-1
4729,78,45,1,839.37,2010-11-25T00:00:00Z,FALSE,-1
4730,95,62,1,221.58,2010-11-25T00:00:00Z,FALSE,-1
4731,68,34,3,657.5,2010-11-25T00:00:00Z,FALSE,-1
4732,85,67,1,313.93,2010-11-25T00:00:00Z,FALSE,-1
4733,82,73,3,929.1,2010-11-25T00:00:00Z,FALSE,-1
4734,21,99,2,870.73,2010-11-25T00:00:00Z,FALSE,-1
4735,24,60,1,280.18,2010-11-25T00:00:00Z,FALSE,-1
4736,7,22,2,393.43,2010-11-25T00:00:00Z,FALSE,-1
4737,93,36,1,683.72,2010-11-25T00:00:00Z,FALSE,-1
4738,64,15,1,238.13,2010-11-25T00:00:00Z,FALSE,-1
4739,96,88,3,231.05,2010-11-25T00:00:00Z,FALSE,-1
4740,61,1,1,472.37,2010-11-25T00:00:00Z,FALSE,-1
4741,70,9,3,393.53,2010-11-25T00:00:00Z,FALSE,-1
4742,82,40,1,880.71,2010-11-25T00:00:00Z,FALSE,-1
4743,23,79,1,403.19,2010-11-25T00:00:00Z,FALSE,-1
4744,93,91,4,965.92,2010-11-25T00:00:00Z,FALSE,-1
4745,94,48,3,909.59,2010-11-25T00:00:00Z,FALSE,-1
4746,78,14,2,211.66,2010-11-25T00:00:00Z,FALSE,-1
4747,97,98,3,546.94,2010-11-26T00:00:00Z,FALSE,-1
4748,22,92,2,578.29,2010-11-26T00:00:00Z,FALSE,-1
4749,16,61,2,698.7,2010-11-26T00:00:00Z,FALSE,-1
4750,98,41,1,661.98,2010-11-26T00:00:00Z,FALSE,-1
4751,69,17,1,125.33,2010-11-26T00:00:00Z,FALSE,-1
4752,68,43,1,540.89,2010-11-26T00:00:00Z,FALSE,-1
4753,98,12,3,305.01,2010-11-26T00:00:00Z,FALSE,-1
4754,80,97,1,794.92,2010-11-26T00:00:00Z,FALSE,-1
4755,9,38,3,181.39,2010-11-26T00:00:00Z,FALSE,-1
4756,52,35,3,792.43,2010-11-26T00:00:00Z,FALSE,-1
4757,97,27,2,316.46,2010-11-27T00:00:00Z,FALSE,-1
4758,87,89,4,836.18,2010-11-27T00:00:00Z,FALSE,-1
4759,91,62,1,557.8,2010-11-27T00:00:00Z,FALSE,-1
4760,18,96,1,227.91,2010-11-27T00:00:00Z,FALSE,-1
4761,53,32,1,948.12,2010-11-27T00:00:00Z,FALSE,-1
4762,92,30,3,349.56,2010-11-27T00:00:00Z,FALSE,-1
4763,58,31,1,632.49,2010-11-27T00:00:00Z,FALSE,-1
4764,62,5,1,869.92,2010-11-27T00:00:00Z,FALSE,-1
4765,90,39,1,844.19,2010-11-27T00:00:00Z,FALSE,-1
4766,13,77,1,371.5,2010-11-27T00:00:00Z,FALSE,-1
4767,19,85,3,595.18,2010-11-27T00:00:00Z,FALSE,-1
4768,90,6,2,511.91,2010-11-27T00:00:00Z,FALSE,-1
4769,12,5,3,847.33,2010-11-27T00:00:00Z,FALSE,-1
4770,99,85,4,102.18,2010-11-27T00:00:00Z,FALSE,-1
4771,88,44,3,651.06,2010-11-27T00:00:00Z,FALSE,-1
4772,88,26,1,853.01,2010-11-27T00:00:00Z,FALSE,-1
4773,3,73,3,507.89,2010-11-28T00:00:00Z,FALSE,-1
4774,98,47,1,606.39,2010-11-28T00:00:00Z,FALSE,-1
4775,94,53,3,673.89,2010-11-28T00:00:00Z,FALSE,-1
4776,4,89,1,617.64,2010-11-28T00:00:00Z,FALSE,-1
4777,10,93,2,523.56,2010-11-28T00:00:00Z,FALSE,-1
4778,20,56,2,899.63,2010-11-28T00:00:00Z,FALSE,-1
4779,17,60,1,503.28,2010-11-28T00:00:00Z,FALSE,-1
4780,99,25,1,922.28,2010-11-28T00:00:00Z,FALSE,-1
4781,96,38,3,177.87,2010-11-28T00:00:00Z,FALSE,-1
4782,56,20,4,509.55,2010-11-28T00:00:00Z,FALSE,-1
4783,89,51,1,835.47,2010-11-28T00:00:00Z,FALSE,-1
4784,77,47,3,352.46,2010-11-28T00:00:00Z,FALSE,-1
4785,55,0,1,256.56,2010-11-28T00:00:00Z,FALSE,-1
4786,59,7,2,607.83,2010-11-29T00:00:00Z,FALSE,-1
4787,83,33,1,871.7,2010-11-29T00:00:00Z,FALSE,-1
4788,71,29,3,804.65,2010-11-29T00:00:00Z,FALSE,-1
4789,79,91,3,500.47,2010-11-29T00:00:00Z,FALSE,-1
4790,94,34,2,477.72,2010-11-29T00:00:00Z,FALSE,-1
4791,76,72,1,457.97,2010-11-29T00:00:00Z,FALSE,-1
4792,98,30,1,765.54,2010-11-30T00:00:00Z,FALSE,-1
4793,60,17,1,624.07,2010-11-30T00:00:00Z,FALSE,-1
4794,8,66,3,392.49,2010-11-30T00:00:00Z,FALSE,-1
4795,2,86,2,714,2010-11-30T00:00:00Z,FALSE,-1
4796,81,32,1,994.07,2010-11-30T00:00:00Z,FALSE,-1
4797,74,11,1,990.88,2010-11-30T00:00:00Z,FALSE,-1
4798,98,33,3,271.02,2010-11-30T00:00:00Z,FALSE,-1
4799,15,47,1,963.21,2010-11-30T00:00:00Z,FALSE,-1
4800,91,37,2,584.38,2010-11-30T00:00:00Z,FALSE,-1
4801,89,42,1,682.37,2010-11-30T00:00:00Z,FALSE,-1
4802,52,35,1,189.11,2010-11-30T00:00:00Z,FALSE,-1
4803,11,26,3,743.92,2010-11-30T00:00:00Z,FALSE,-1
4804,72,39,2,438.42,2010-11-30T00:00:00Z,FALSE,-1
4805,50,2,1,742.59,2010-11-30T00:00:00Z,FALSE,-1
4806,27,28,1,213.31,2010-11-30T00:00:00Z,FALSE,-1
4807,63,33,1,192.82,2010-11-30T00:00:00Z,FALSE,-1
4808,96,29,2,664.64,2010-11-30T00:00:00Z,FALSE,-1
4809,86,95,3,658.56,2010-11-30T00:00:00Z,FALSE,-1
4810,94,49,2,265.09,2010-11-30T00:00:00Z,FALSE,-1
4811,66,7,3,186.35,2010-11-30T00:00:00Z,FALSE,-1
4812,73,3,1,262.91,2010-11-30T00:00:00Z,FALSE,-1
4813,65,24,1,856.91,2010-12-01T00:00:00Z,FALSE,-1
4814,88,44,3,348.65,2010-12-01T00:00:00Z,FALSE,-1
4815,1,97,3,875.46,2010-12-01T00:00:00Z,FALSE,-1
4816,99,32,1,422.96,2010-12-01T00:00:00Z,FALSE,-1
4817,67,35,1,726.8,2010-12-01T00:00:00Z,FALSE,-1
4818,97,46,1,313.75,2010-12-01T00:00:00Z,FALSE,-1
4819,58,2,1,705.69,2010-12-01T00:00:00Z,FALSE,-1
4820,5,33,2,755.19,2010-12-01T00:00:00Z,FALSE,-1
4821,6,94,3,570.7,2010-12-01T00:00:00Z,FALSE,-1
4822,14,16,4,1071.11,2010-12-01T00:00:00Z,FALSE,-1
4823,54,28,1,140,2010-12-01T00:00:00Z,FALSE,-1
4824,0,55,3,1006.45,2010-12-01T00:00:00Z,FALSE,-1
4825,51,30,3,578.74,2010-12-01T00:00:00Z,FALSE,-1
4826,57,8,2,691.47,2010-12-01T00:00:00Z,FALSE,-1
4827,75,78,2,467.56,2010-12-01T00:00:00Z,FALSE,-1
4828,84,76,3,406.24,2010-12-01T00:00:00Z,FALSE,-1
4829,64,15,1,568.28,2010-12-02T00:00:00Z,FALSE,-1
4830,78,80,3,717,2010-12-02T00:00:00Z,FALSE,-1
4831,87,45,4,225.64,2010-12-02T00:00:00Z,FALSE,-1
4832,82,95,3,585.82,2010-12-02T00:00:00Z,FALSE,-1
4833,24,69,3,532.54,2010-12-02T00:00:00Z,FALSE,-1
4834,93,90,3,308.65,2010-12-02T00:00:00Z,FALSE,-1
4835,61,1,1,933.52,2010-12-02T00:00:00Z,FALSE,-1
4836,21,81,1,641.77,2010-12-02T00:00:00Z,FALSE,-1
4837,7,59,3,148.29,2010-12-02T00:00:00Z,FALSE,-1
4838,97,48,3,614.35,2010-12-02T00:00:00Z,FALSE,-1
4839,70,9,3,922.06,2010-12-02T00:00:00Z,FALSE,-1
4840,94,40,1,575.27,2010-12-02T00:00:00Z,FALSE,-1
4841,95,51,3,268.6,2010-12-02T00:00:00Z,FALSE,-1
4842,85,79,1,700.31,2010-12-02T00:00:00Z,FALSE,-1
4843,68,34,2,827.09,2010-12-02T00:00:00Z,FALSE,-1
4844,23,37,1,477.9,2010-12-02T00:00:00Z,FALSE,-1
4845,96,95,3,207.01,2010-12-02T00:00:00Z,FALSE,-1
4846,97,36,1,301.08,2010-12-02T00:00:00Z,FALSE,-1
4847,80,56,2,603.06,2010-12-03T00:00:00Z,FALSE,-1
4848,95,43,1,672.26,2010-12-03T00:00:00Z,FALSE,-1
4849,67,35,3,276.56,2010-12-03T00:00:00Z,FALSE,-1
4850,22,99,1,889.78,2010-12-03T00:00:00Z,FALSE,-1
4851,97,21,3,379.26,2010-12-03T00:00:00Z,FALSE,-1
4852,69,17,2,877.09,2010-12-03T00:00:00Z,FALSE,-1
4853,16,50,3,863.17,2010-12-03T00:00:00Z,FALSE,-1
4854,98,22,3,970.85,2010-12-03T00:00:00Z,FALSE,-1
4855,9,23,1,302.42,2010-12-03T00:00:00Z,FALSE,-1
4856,99,41,1,277.51,2010-12-03T00:00:00Z,FALSE,-1
4857,99,64,1,793.13,2010-12-04T00:00:00Z,FALSE,-1
4858,53,32,1,375.09,2010-12-04T00:00:00Z,FALSE,-1
4859,19,7,3,978.52,2010-12-04T00:00:00Z,FALSE,-1
4860,13,26,3,233.3,2010-12-04T00:00:00Z,FALSE,-1
4861,94,44,1,330.51,2010-12-04T00:00:00Z,FALSE,-1
4862,91,45,1,553.97,2010-12-04T00:00:00Z,FALSE,-1
4863,63,31,3,986.24,2010-12-04T00:00:00Z,FALSE,-1
4864,0,27,3,132.2,2010-12-04T00:00:00Z,FALSE,-1
4865,12,97,1,485.86,2010-12-04T00:00:00Z,FALSE,-1
4866,62,5,3,161.4,2010-12-04T00:00:00Z,FALSE,-1
4867,11,26,3,955.24,2010-12-04T00:00:00Z,FALSE,-1
4868,92,39,1,260.62,2010-12-04T00:00:00Z,FALSE,-1
4869,18,91,1,575.86,2010-12-04T00:00:00Z,FALSE,-1
4870,87,71,3,892,2010-12-04T00:00:00Z,FALSE,-1
4871,90,76,2,859.4,2010-12-04T00:00:00Z,FALSE,-1
4872,92,5,2,156.12,2010-12-04T00:00:00Z,FALSE,-1
4873,6,25,4,526.35,2010-12-05T00:00:00Z,FALSE,-1
4874,89,42,1,162.14,2010-12-05T00:00:00Z,FALSE,-1
4875,20,55,1,197.06,2010-12-05T00:00:00Z,FALSE,-1
4876,94,57,4,876.29,2010-12-05T00:00:00Z,FALSE,-1
4877,98,38,3,303.38,2010-12-05T00:00:00Z,FALSE,-1
4878,3,47,1,886.19,2010-12-05T00:00:00Z,FALSE,-1
4879,4,24,3,331.08,2010-12-05T00:00:00Z,FALSE,-1
4880,17,69,3,926.57,2010-12-05T00:00:00Z,FALSE,-1
4881,77,72,2,189,2010-12-05T00:00:00Z,FALSE,-1
4882,55,0,1,151.34,2010-12-05T00:00:00Z,FALSE,-1
4883,56,20,4,400.78,2010-12-05T00:00:00Z,FALSE,-1
4884,10,78,3,581.33,2010-12-05T00:00:00Z,FALSE,-1
4885,3,47,1,139.24,2010-12-05T00:00:00Z,FALSE,-1
4886,76,95,3,667.43,2010-12-06T00:00:00Z,FALSE,-1
4887,68,34,2,630.23,2010-12-06T00:00:00Z,FALSE,-1
4888,83,38,1,690.51,2010-12-06T00:00:00Z,FALSE,-1
4889,79,82,3,816.76,2010-12-06T00:00:00Z,FALSE,-1
4890,71,29,3,419.63,2010-12-06T00:00:00Z,FALSE,-1
4891,59,7,1,280.09,2010-12-06T00:00:00Z,FALSE,-1
4892,86,93,1,864.22,2010-12-07T00:00:00Z,FALSE,-1
4893,81,76,2,196.05,2010-12-07T00:00:00Z,FALSE,-1
4894,95,37,3,163.68,2010-12-07T00:00:00Z,FALSE,-1
4895,50,2,3,926.34,2010-12-07T00:00:00Z,FALSE,-1
4896,15,22,3,524.84,2010-12-07T00:00:00Z,FALSE,-1
4897,63,33,1,696.89,2010-12-07T00:00:00Z,FALSE,-1
4898,11,98,2,468.64,2010-12-07T00:00:00Z,FALSE,-1
4899,63,33,3,506.22,2010-12-07T00:00:00Z,FALSE,-1
4900,60,17,2,202.38,2010-12-07T00:00:00Z,FALSE,-1
4901,51,30,2,216.99,2010-12-07T00:00:00Z,FALSE,-1
4902,95,42,3,573.4,2010-12-07T00:00:00Z,FALSE,-1
4903,8,61,1,580.92,2010-12-07T00:00:00Z,FALSE,-1
4904,1,49,3,214.93,2010-12-07T00:00:00Z,FALSE,-1
4905,74,11,2,320.81,2010-12-07T00:00:00Z,FALSE,-1
4906,66,7,3,200.67,2010-12-07T00:00:00Z,FALSE,-1
4907,72,39,2,503.92,2010-12-07T00:00:00Z,FALSE,-1
4908,29,28,1,755.2,2010-12-07T00:00:00Z,FALSE,-1
4909,52,35,1,250.71,2010-12-07T00:00:00Z,FALSE,-1
4910,73,3,3,900.08,2010-12-07T00:00:00Z,FALSE,-1
4911,2,58,3,546.73,2010-12-07T00:00:00Z,FALSE,-1
4912,71,29,3,108.14,2010-12-07T00:00:00Z,FALSE,-1
4913,58,2,1,823.41,2010-12-08T00:00:00Z,FALSE,-1
4914,14,55,3,201.72,2010-12-08T00:00:00Z,FALSE,-1
4915,6,25,4,155.97,2010-12-08T00:00:00Z,FALSE,-1
4916,75,11,1,547.67,2010-12-08T00:00:00Z,FALSE,-1
4917,0,27,3,611.52,2010-12-08T00:00:00Z,FALSE,-1
4918,5,62,2,341.44,2010-12-08T00:00:00Z,FALSE,-1
4919,57,8,1,953.69,2010-12-08T00:00:00Z,FALSE,-1
4920,65,24,1,570.47,2010-12-08T00:00:00Z,FALSE,-1
4921,67,35,2,774.79,2010-12-08T00:00:00Z,FALSE,-1
4922,88,37,2,167.21,2010-12-08T00:00:00Z,FALSE,-1
4923,99,46,1,175.41,2010-12-08T00:00:00Z,FALSE,-1
4924,84,98,3,474.53,2010-12-08T00:00:00Z,FALSE,-1
4925,51,30,3,285.69,2010-12-08T00:00:00Z,FALSE,-1
4926,53,32,3,604.85,2010-12-08T00:00:00Z,FALSE,-1
4927,1,61,1,910.26,2010-12-08T00:00:00Z,FALSE,-1
4928,54,28,1,623.15,2010-12-08T00:00:00Z,FALSE,-1
4929,98,40,3,584.38,2010-12-09T00:00:00Z,FALSE,-1
4930,85,95,3,980.68,2010-12-09T00:00:00Z,FALSE,-1
4931,7,66,1,663.01,2010-12-09T00:00:00Z,FALSE,-1
4932,24,26,1,700.75,2010-12-09T00:00:00Z,FALSE,-1
4933,70,9,3,274.92,2010-12-09T00:00:00Z,FALSE,-1
4934,64,15,3,823.27,2010-12-09T00:00:00Z,FALSE,-1
4935,98,36,2,511.03,2010-12-09T00:00:00Z,FALSE,-1
4936,61,1,3,576.89,2010-12-09T00:00:00Z,FALSE,-1
4937,93,9,1,760.99,2010-12-09T00:00:00Z,FALSE,-1
4938,21,92,3,903.76,2010-12-09T00:00:00Z,FALSE,-1
4939,91,45,1,111.58,2010-12-09T00:00:00Z,FALSE,-1
4940,23,20,3,568.17,2010-12-09T00:00:00Z,FALSE,-1
4941,96,4,1,884.78,2010-12-09T00:00:00Z,FALSE,-1
4942,78,21,1,827.61,2010-12-09T00:00:00Z,FALSE,-1
4943,95,10,2,750.16,2010-12-09T00:00:00Z,FALSE,-1
4944,82,99,1,812.7,2010-12-09T00:00:00Z,FALSE,-1
4945,99,48,2,313.15,2010-12-09T00:00:00Z,FALSE,-1
4946,68,34,1,422.63,2010-12-09T00:00:00Z,FALSE,-1
4947,33,43,1,964.81,2010-12-10T00:00:00Z,FALSE,-1
4948,22,74,1,362.76,2010-12-10T00:00:00Z,FALSE,-1
4949,69,17,1,265.17,2010-12-10T00:00:00Z,FALSE,-1
4950,9,70,3,744.56,2010-12-10T00:00:00Z,FALSE,-1
4951,16,44,3,820,2010-12-10T00:00:00Z,FALSE,-1
4952,80,69,1,576.42,2010-12-10T00:00:00Z,FALSE,-1
4953,97,96,1,874.13,2010-12-10T00:00:00Z,FALSE,-1
4954,28,35,3,327.97,2010-12-10T00:00:00Z,FALSE,-1
4955,10,41,3,332.56,2010-12-10T00:00:00Z,FALSE,-1
4956,98,60,3,325.19,2010-12-10T00:00:00Z,FALSE,-1
4957,18,99,3,914.88,2010-12-11T00:00:00Z,FALSE,-1
4958,92,85,1,157.31,2010-12-11T00:00:00Z,FALSE,-1
4959,99,91,2,994.58,2010-12-11T00:00:00Z,FALSE,-1
4960,13,26,3,960.81,2010-12-11T00:00:00Z,FALSE,-1
4961,32,27,3,961.2,2010-12-11T00:00:00Z,FALSE,-1
4962,29,39,1,670.28,2010-12-11T00:00:00Z,FALSE,-1
4963,62,5,3,271.7,2010-12-11T00:00:00Z,FALSE,-1
4964,53,32,1,161.67,2010-12-11T00:00:00Z,FALSE,-1
4965,12,11,3,122.12,2010-12-11T00:00:00Z,FALSE,-1
4966,90,87,2,422.42,2010-12-11T00:00:00Z,FALSE,-1
4967,87,31,3,109.95,2010-12-11T00:00:00Z,FALSE,-1
4968,16,44,3,508.25,2010-12-11T00:00:00Z,FALSE,-1
4969,87,70,1,671.05,2010-12-11T00:00:00Z,FALSE,-1
4970,91,84,1,957.62,2010-12-11T00:00:00Z,FALSE,-1
4971,19,99,1,781.51,2010-12-11T00:00:00Z,FALSE,-1
4972,13,97,3,675.61,2010-12-11T00:00:00Z,FALSE,-1
4973,9,38,3,494.17,2010-12-12T00:00:00Z,FALSE,-1
4974,56,25,4,344.52,2010-12-12T00:00:00Z,FALSE,-1
4975,4,92,2,806.84,2010-12-12T00:00:00Z,FALSE,-1
4976,20,29,3,632.75,2010-12-12T00:00:00Z,FALSE,-1
4977,15,47,1,448.86,2010-12-12T00:00:00Z,FALSE,-1
4978,77,29,3,432.39,2010-12-12T00:00:00Z,FALSE,-1
4979,56,20,3,686.77,2010-12-12T00:00:00Z,FALSE,-1
4980,17,42,1,469.63,2010-12-12T00:00:00Z,FALSE,-1
4981,89,90,3,338.24,2010-12-12T00:00:00Z,FALSE,-1
4982,3,87,3,189.81,2010-12-12T00:00:00Z,FALSE,-1
4983,55,0,1,214.71,2010-12-12T00:00:00Z,FALSE,-1
4984,94,30,2,905.49,2010-12-12T00:00:00Z,FALSE,-1
4985,10,70,3,200.06,2010-12-12T00:00:00Z,FALSE,-1
4986,13,34,1,709.4,2010-12-13T00:00:00Z,FALSE,-1
4987,83,90,1,844,2010-12-13T00:00:00Z,FALSE,-1
4988,71,29,3,949.21,2010-12-13T00:00:00Z,FALSE,-1
4989,76,63,4,632.91,2010-12-13T00:00:00Z,FALSE,-1
4990,79,96,4,883.91,2010-12-13T00:00:00Z,FALSE,-1
4991,59,7,2,610.81,2010-12-13T00:00:00Z,FALSE,-1
4992,8,73,1,728.34,2010-12-14T00:00:00Z,FALSE,-1
4993,63,33,1,454.53,2010-12-14T00:00:00Z,FALSE,-1
4994,86,82,3,390.97,2010-12-14T00:00:00Z,FALSE,-1
4995,23,37,1,398.63,2010-12-14T00:00:00Z,FALSE,-1
4996,38,49,1,638.68,2010-12-14T00:00:00Z,FALSE,-1
4997,52,35,3,964.27,2010-12-14T00:00:00Z,FALSE,-1
4998,6,30,1,163.48,2010-12-14T00:00:00Z,FALSE,-1
4999,2,50,3,152.55,2010-12-14T00:00:00Z,FALSE,-1
5000,17,42,1,851.88,2010-12-14T00:00:00Z,FALSE,-1
5001,31,28,1,445.22,2010-12-14T00:00:00Z,FALSE,-1
5002,15,24,2,645.62,2010-12-14T00:00:00Z,FALSE,-1
5003,66,7,3,409.6,2010-12-14T00:00:00Z,FALSE,-1
5004,74,11,1,653.11,2010-12-14T00:00:00Z,FALSE,-1
5005,73,3,1,903.24,2010-12-14T00:00:00Z,FALSE,-1
5006,50,2,2,712.25,2010-12-14T00:00:00Z,FALSE,-1
5007,60,17,2,857.48,2010-12-14T00:00:00Z,FALSE,-1
5008,81,68,3,219.45,2010-12-14T00:00:00Z,FALSE,-1
5009,72,39,2,743.92,2010-12-14T00:00:00Z,FALSE,-1
5010,5,33,2,188.14,2010-12-14T00:00:00Z,FALSE,-1
5011,11,46,4,224.23,2010-12-14T00:00:00Z,FALSE,-1
5012,20,29,3,869.64,2010-12-14T00:00:00Z,FALSE,-1
5013,14,48,2,801.92,2010-12-15T00:00:00Z,FALSE,-1
5014,67,35,1,232.96,2010-12-15T00:00:00Z,FALSE,-1
5015,58,2,3,171.66,2010-12-15T00:00:00Z,FALSE,-1
5016,1,49,3,569.53,2010-12-15T00:00:00Z,FALSE,-1
5017,0,55,3,205.44,2010-12-15T00:00:00Z,FALSE,-1
5018,6,93,2,614.57,2010-12-15T00:00:00Z,FALSE,-1
5019,88,79,1,117.91,2010-12-15T00:00:00Z,FALSE,-1
5020,5,87,3,376.3,2010-12-15T00:00:00Z,FALSE,-1
5021,54,28,2,233.99,2010-12-15T00:00:00Z,FALSE,-1
5022,65,24,3,149.59,2010-12-15T00:00:00Z,FALSE,-1
5023,84,78,1,900.31,2010-12-15T00:00:00Z,FALSE,-1
5024,15,32,2,588.98,2010-12-15T00:00:00Z,FALSE,-1
5025,51,30,3,100.43,2010-12-15T00:00:00Z,FALSE,-1
5026,11,46,4,670.02,2010-12-15T00:00:00Z,FALSE,-1
5027,75,96,3,814.02,2010-12-15T00:00:00Z,FALSE,-1
5028,57,8,3,643.18,2010-12-15T00:00:00Z,FALSE,-1
5029,82,97,2,107.64,2010-12-16T00:00:00Z,FALSE,-1
5030,78,72,1,549.93,2010-12-16T00:00:00Z,FALSE,-1
5031,7,79,1,498.78,2010-12-16T00:00:00Z,FALSE,-1
5032,61,1,1,753.81,2010-12-16T00:00:00Z,FALSE,-1
5033,14,48,2,746.7,2010-12-16T00:00:00Z,FALSE,-1
5034,64,15,1,265.83,2010-12-16T00:00:00Z,FALSE,-1
5035,21,40,2,312.14,2010-12-16T00:00:00Z,FALSE,-1
5036,85,47,4,263.55,2010-12-16T00:00:00Z,FALSE,-1
5037,96,21,4,513.68,2010-12-16T00:00:00Z,FALSE,-1
5038,30,36,1,853.57,2010-12-16T00:00:00Z,FALSE,-1
5039,23,98,1,439,2010-12-16T00:00:00Z,FALSE,-1
5040,38,45,1,178.84,2010-12-16T00:00:00Z,FALSE,-1
5041,93,23,3,219.75,2010-12-16T00:00:00Z,FALSE,-1
5042,95,37,3,804.79,2010-12-16T00:00:00Z,FALSE,-1
5043,68,34,3,238.43,2010-12-16T00:00:00Z,FALSE,-1
5044,70,9,1,596.11,2010-12-16T00:00:00Z,FALSE,-1
5045,21,40,2,512.09,2010-12-16T00:00:00Z,FALSE,-1
5046,24,90,2,706.23,2010-12-16T00:00:00Z,FALSE,-1
5047,16,83,1,864.29,2010-12-17T00:00:00Z,FALSE,-1
5048,9,77,1,248.49,2010-12-17T00:00:00Z,FALSE,-1
5049,98,81,3,990.95,2010-12-17T00:00:00Z,FALSE,-1
5050,39,35,1,470.79,2010-12-17T00:00:00Z,FALSE,-1
5051,97,27,2,991.59,2010-12-17T00:00:00Z,FALSE,-1
5052,44,43,3,499.39,2010-12-17T00:00:00Z,FALSE,-1
5053,42,41,2,173.87,2010-12-17T00:00:00Z,FALSE,-1
5054,69,17,3,259.25,2010-12-17T00:00:00Z,FALSE,-1
5055,80,78,2,731.06,2010-12-17T00:00:00Z,FALSE,-1
5056,22,62,1,293.58,2010-12-17T00:00:00Z,FALSE,-1
5057,44,27,2,664.68,2010-12-18T00:00:00Z,FALSE,-1
5058,13,95,3,881.82,2010-12-18T00:00:00Z,FALSE,-1
5059,24,26,1,417.41,2010-12-18T00:00:00Z,FALSE,-1
5060,55,39,1,240.79,2010-12-18T00:00:00Z,FALSE,-1
5061,18,46,2,475.35,2010-12-18T00:00:00Z,FALSE,-1
5062,21,44,1,493.9,2010-12-18T00:00:00Z,FALSE,-1
5063,19,97,3,975.86,2010-12-18T00:00:00Z,FALSE,-1
5064,53,32,2,834.12,2010-12-18T00:00:00Z,FALSE,-1
5065,49,31,1,148.53,2010-12-18T00:00:00Z,FALSE,-1
5066,12,57,3,618.37,2010-12-18T00:00:00Z,FALSE,-1
5067,62,5,3,373.16,2010-12-18T00:00:00Z,FALSE,-1
5068,90,96,2,934.08,2010-12-18T00:00:00Z,FALSE,-1
5069,92,95,3,415.16,2010-12-18T00:00:00Z,FALSE,-1
5070,91,54,2,827.02,2010-12-18T00:00:00Z,FALSE,-1
5071,87,35,2,432.15,2010-12-18T00:00:00Z,FALSE,-1
5072,99,86,3,510.01,2010-12-18T00:00:00Z,FALSE,-1
5073,89,59,3,668.3,2010-12-19T00:00:00Z,FALSE,-1
5074,42,47,1,234.98,2010-12-19T00:00:00Z,FALSE,-1
5075,75,25,1,581.52,2010-12-19T00:00:00Z,FALSE,-1
5076,77,82,2,129.93,2010-12-19T00:00:00Z,FALSE,-1
5077,20,92,1,191.36,2010-12-19T00:00:00Z,FALSE,-1
5078,46,38,1,356.31,2010-12-19T00:00:00Z,FALSE,-1
5079,56,20,1,208.01,2010-12-19T00:00:00Z,FALSE,-1
5080,3,73,3,134.01,2010-12-19T00:00:00Z,FALSE,-1
5081,55,0,1,403.24,2010-12-19T00:00:00Z,FALSE,-1
5082,10,41,3,124.12,2010-12-19T00:00:00Z,FALSE,-1
5083,17,70,1,605.11,2010-12-19T00:00:00Z,FALSE,-1
5084,4,89,1,929.9,2010-12-19T00:00:00Z,FALSE,-1
5085,94,67,4,215.01,2010-12-19T00:00:00Z,FALSE,-1
5086,59,7,2,911.35,2010-12-20T00:00:00Z,FALSE,-1
5087,76,44,3,650.81,2010-12-20T00:00:00Z,FALSE,-1
5088,83,97,2,468.1,2010-12-20T00:00:00Z,FALSE,-1
5089,29,34,1,389.81,2010-12-20T00:00:00Z,FALSE,-1
5090,71,29,3,829.29,2010-12-20T00:00:00Z,FALSE,-1
5091,79,74,2,577.45,2010-12-20T00:00:00Z,FALSE,-1
5092,56,49,3,958.11,2010-12-21T00:00:00Z,FALSE,-1
5093,32,28,1,856.41,2010-12-21T00:00:00Z,FALSE,-1
5094,73,3,2,365.89,2010-12-21T00:00:00Z,FALSE,-1
5095,8,57,3,406.59,2010-12-21T00:00:00Z,FALSE,-1
5096,15,64,1,365.46,2010-12-21T00:00:00Z,FALSE,-1
5097,66,7,3,659.16,2010-12-21T00:00:00Z,FALSE,-1
5098,60,17,1,842.04,2010-12-21T00:00:00Z,FALSE,-1
5099,63,33,1,623.37,2010-12-21T00:00:00Z,FALSE,-1
5100,25,29,2,935.43,2010-12-21T00:00:00Z,FALSE,-1
5101,11,74,2,374.68,2010-12-21T00:00:00Z,FALSE,-1
5102,81,50,3,184.35,2010-12-21T00:00:00Z,FALSE,-1
5103,14,30,1,456.77,2010-12-21T00:00:00Z,FALSE,-1
5104,50,2,2,244.62,2010-12-21T00:00:00Z,FALSE,-1
5105,44,33,1,416.93,2010-12-21T00:00:00Z,FALSE,-1
5106,2,86,2,577.67,2010-12-21T00:00:00Z,FALSE,-1
5107,40,37,3,984.33,2010-12-21T00:00:00Z,FALSE,-1
5108,41,42,1,996.06,2010-12-21T00:00:00Z,FALSE,-1
5109,74,11,1,315.88,2010-12-21T00:00:00Z,FALSE,-1
5110,86,94,1,351.05,2010-12-21T00:00:00Z,FALSE,-1
5111,72,39,2,226.23,2010-12-21T00:00:00Z,FALSE,-1
5112,52,35,1,675.5,2010-12-21T00:00:00Z,FALSE,-1
5113,65,24,2,834.7,2010-12-22T00:00:00Z,FALSE,-1
5114,54,28,1,236.88,2010-12-22T00:00:00Z,FALSE,-1
5115,75,65,1,515.09,2010-12-22T00:00:00Z,FALSE,-1
5116,14,20,1,641.35,2010-12-22T00:00:00Z,FALSE,-1
5117,6,30,1,701.42,2010-12-22T00:00:00Z,FALSE,-1
5118,67,35,1,154.66,2010-12-22T00:00:00Z,FALSE,-1
5119,51,30,3,469.26,2010-12-22T00:00:00Z,FALSE,-1
5120,84,70,2,121.44,2010-12-22T00:00:00Z,FALSE,-1
5121,1,97,3,380.64,2010-12-22T00:00:00Z,FALSE,-1
5122,66,32,3,862.47,2010-12-22T00:00:00Z,FALSE,-1
5123,0,27,3,646.92,2010-12-22T00:00:00Z,FALSE,-1
5124,57,8,1,713.49,2010-12-22T00:00:00Z,FALSE,-1
5125,58,2,1,954.19,2010-12-22T00:00:00Z,FALSE,-1
5126,5,33,2,460.54,2010-12-22T00:00:00Z,FALSE,-1
5127,88,28,3,236.32,2010-12-22T00:00:00Z,FALSE,-1
5128,18,46,2,189.82,2010-12-22T00:00:00Z,FALSE,-1
5129,21,44,1,399.39,2010-12-23T00:00:00Z,FALSE,-1
5130,70,9,3,873.01,2010-12-23T00:00:00Z,FALSE,-1
5131,55,40,1,881.66,2010-12-23T00:00:00Z,FALSE,-1
5132,85,66,1,690.85,2010-12-23T00:00:00Z,FALSE,-1
5133,68,34,3,731.31,2010-12-23T00:00:00Z,FALSE,-1
5134,95,66,2,860.41,2010-12-23T00:00:00Z,FALSE,-1
5135,82,8,3,816.01,2010-12-23T00:00:00Z,FALSE,-1
5136,7,22,2,232.07,2010-12-23T00:00:00Z,FALSE,-1
5137,69,48,1,393,2010-12-23T00:00:00Z,FALSE,-1
5138,42,36,3,905.17,2010-12-23T00:00:00Z,FALSE,-1
5139,93,95,1,207.61,2010-12-23T00:00:00Z,FALSE,-1
5140,78,92,1,612.63,2010-12-23T00:00:00Z,FALSE,-1
5141,40,45,1,535.66,2010-12-23T00:00:00Z,FALSE,-1
5142,96,38,3,794.26,2010-12-23T00:00:00Z,FALSE,-1
5143,61,1,2,836.38,2010-12-23T00:00:00Z,FALSE,-1
5144,24,65,1,632.05,2010-12-23T00:00:00Z,FALSE,-1
5145,64,15,3,599.68,2010-12-23T00:00:00Z,FALSE,-1
5146,23,50,3,495.91,2010-12-23T00:00:00Z,FALSE,-1
5147,22,56,2,735.66,2010-12-24T00:00:00Z,FALSE,-1
5148,80,67,3,377.02,2010-12-24T00:00:00Z,FALSE,-1
5149,59,35,2,171.03,2010-12-24T00:00:00Z,FALSE,-1
5150,60,43,1,369.44,2010-12-24T00:00:00Z,FALSE,-1
5151,98,72,3,616,2010-12-24T00:00:00Z,FALSE,-1
5152,69,17,1,436.6,2010-12-24T00:00:00Z,FALSE,-1
5153,9,38,3,298.78,2010-12-24T00:00:00Z,FALSE,-1
5154,52,41,2,654.92,2010-12-24T00:00:00Z,FALSE,-1
5155,16,98,3,1005.38,2010-12-24T00:00:00Z,FALSE,-1
5156,97,74,4,590.51,2010-12-24T00:00:00Z,FALSE,-1
5157,91,95,3,459.83,2010-12-25T00:00:00Z,FALSE,-1
5158,36,26,1,814.8,2010-12-25T00:00:00Z,FALSE,-1
5159,12,6,2,336.55,2010-12-25T00:00:00Z,FALSE,-1
5160,76,44,3,539.13,2010-12-25T00:00:00Z,FALSE,-1
5161,13,34,1,747.97,2010-12-25T00:00:00Z,FALSE,-1
5162,99,48,2,813.9,2010-12-25T00:00:00Z,FALSE,-1
5163,70,39,1,492.57,2010-12-25T00:00:00Z,FALSE,-1
5164,92,39,1,578.04,2010-12-25T00:00:00Z,FALSE,-1
5165,54,31,1,423.52,2010-12-25T00:00:00Z,FALSE,-1
5166,53,32,3,771.64,2010-12-25T00:00:00Z,FALSE,-1
5167,62,5,3,697.26,2010-12-25T00:00:00Z,FALSE,-1
5168,18,96,1,877.19,2010-12-25T00:00:00Z,FALSE,-1
5169,87,82,3,989.11,2010-12-25T00:00:00Z,FALSE,-1
5170,45,27,3,306.69,2010-12-25T00:00:00Z,FALSE,-1
5171,90,79,1,392.72,2010-12-25T00:00:00Z,FALSE,-1
5172,19,28,1,455.39,2010-12-25T00:00:00Z,FALSE,-1
5173,89,77,1,656.09,2010-12-26T00:00:00Z,FALSE,-1
5174,77,95,4,724.2,2010-12-26T00:00:00Z,FALSE,-1
5175,56,20,3,603.98,2010-12-26T00:00:00Z,FALSE,-1
5176,94,49,2,316.49,2010-12-26T00:00:00Z,FALSE,-1
5177,10,91,1,277.79,2010-12-26T00:00:00Z,FALSE,-1
5178,3,47,1,560.24,2010-12-26T00:00:00Z,FALSE,-1
5179,55,0,1,939.29,2010-12-26T00:00:00Z,FALSE,-1
5180,17,77,1,1003.8,2010-12-26T00:00:00Z,FALSE,-1
5181,77,47,3,120.93,2010-12-26T00:00:00Z,FALSE,-1
5182,83,38,1,816.76,2010-12-26T00:00:00Z,FALSE,-1
5183,20,64,1,1068.79,2010-12-26T00:00:00Z,FALSE,-1
5184,4,24,3,818.2,2010-12-26T00:00:00Z,FALSE,-1
5185,81,25,3,965.88,2010-12-26T00:00:00Z,FALSE,-1
5186,36,34,1,437.3,2010-12-27T00:00:00Z,FALSE,-1
5187,71,29,1,442.56,2010-12-27T00:00:00Z,FALSE,-1
5188,83,95,1,201.63,2010-12-27T00:00:00Z,TRUE,2
5189,76,51,3,374.26,2010-12-27T00:00:00Z,FALSE,-1
5190,59,7,1,880.58,2010-12-27T00:00:00Z,FALSE,-1
5191,83,95,1,683.51,2010-12-27T00:00:00Z,FALSE,-1
5192,79,95,1,573.63,2010-12-27T00:00:00Z,FALSE,-1
5193,2,58,3,300.69,2010-12-28T00:00:00Z,FALSE,-1
5194,59,49,2,136.26,2010-12-28T00:00:00Z,FALSE,-1
5195,8,66,3,785.93,2010-12-28T00:00:00Z,FALSE,-1
5196,66,7,3,242.81,2010-12-28T00:00:00Z,FALSE,-1
5197,63,33,1,805.84,2010-12-28T00:00:00Z,FALSE,-1
5198,50,2,2,142.69,2010-12-28T00:00:00Z,FALSE,-1
5199,52,35,1,413.47,2010-12-28T00:00:00Z,FALSE,-1
5200,81,95,1,723.11,2010-12-28T00:00:00Z,FALSE,-1
5201,34,28,1,492.4,2010-12-28T00:00:00Z,FALSE,-1
5202,80,37,3,432.35,2010-12-28T00:00:00Z,FALSE,-1
5203,86,56,2,126.81,2010-12-28T00:00:00Z,FALSE,-1
5204,74,11,1,493.06,2010-12-28T00:00:00Z,FALSE,-1
5205,60,17,3,312.21,2010-12-28T00:00:00Z,FALSE,-1
5206,73,3,3,678.38,2010-12-28T00:00:00Z,FALSE,-1
5207,44,30,3,445.62,2010-12-28T00:00:00Z,FALSE,-1
5208,72,39,2,321.95,2010-12-28T00:00:00Z,FALSE,-1
5209,35,29,3,259.19,2010-12-28T00:00:00Z,FALSE,-1
5210,15,32,2,674.28,2010-12-28T00:00:00Z,FALSE,-1
5211,58,33,1,218.75,2010-12-28T00:00:00Z,FALSE,-1
5212,11,86,3,400.53,2010-12-28T00:00:00Z,FALSE,-1
5213,69,42,2,632.8,2010-12-28T00:00:00Z,FALSE,-1
5214,65,24,3,589.79,2010-12-29T00:00:00Z,FALSE,-1
5215,5,62,2,676.89,2010-12-29T00:00:00Z,FALSE,-1
5216,51,30,3,303.81,2010-12-29T00:00:00Z,FALSE,-1
5217,0,55,3,389.77,2010-12-29T00:00:00Z,FALSE,-1
5218,6,94,3,237.44,2010-12-29T00:00:00Z,FALSE,-1
5219,14,30,1,195.63,2010-12-29T00:00:00Z,FALSE,-1
5220,1,61,1,765.19,2010-12-29T00:00:00Z,FALSE,-1
5221,88,16,2,406.41,2010-12-29T00:00:00Z,FALSE,-1
5222,75,73,3,375.43,2010-12-29T00:00:00Z,FALSE,-1
5223,58,2,1,964.94,2010-12-29T00:00:00Z,FALSE,-1
5224,76,32,3,971.7,2010-12-29T00:00:00Z,FALSE,-1
5225,67,35,1,209.13,2010-12-29T00:00:00Z,FALSE,-1
5226,62,46,3,759.83,2010-12-29T00:00:00Z,FALSE,-1
5227,57,8,1,310.38,2010-12-29T00:00:00Z,FALSE,-1
5228,84,95,2,633.63,2010-12-29T00:00:00Z,FALSE,-1
5229,54,28,1,854.75,2010-12-29T00:00:00Z,FALSE,-1
5230,21,99,2,705.39,2010-12-30T00:00:00Z,FALSE,-1
5231,85,80,2,643.96,2010-12-30T00:00:00Z,FALSE,-1
5232,24,91,2,793.46,2010-12-30T00:00:00Z,FALSE,-1
5233,95,42,3,383.07,2010-12-30T00:00:00Z,FALSE,-1
5234,7,59,3,882.59,2010-12-30T00:00:00Z,FALSE,-1
5235,70,9,4,672.68,2010-12-30T00:00:00Z,FALSE,-1
5236,61,40,2,530.63,2010-12-30T00:00:00Z,FALSE,-1
5237,78,62,1,351.01,2010-12-30T00:00:00Z,FALSE,-1
5238,55,36,3,834.97,2010-12-30T00:00:00Z,FALSE,-1
5239,50,45,3,508.22,2010-12-30T00:00:00Z,FALSE,-1
5240,74,48,2,328.14,2010-12-30T00:00:00Z,FALSE,-1
5241,68,34,2,476.55,2010-12-30T00:00:00Z,FALSE,-1
5242,64,15,3,739.89,2010-12-30T00:00:00Z,FALSE,-1
5243,93,71,2,934.12,2010-12-30T00:00:00Z,FALSE,-1
5244,23,17,2,880.74,2010-12-30T00:00:00Z,FALSE,-1
5245,61,1,3,927.41,2010-12-30T00:00:00Z,FALSE,-1
5246,96,85,2,457.54,2010-12-30T00:00:00Z,FALSE,-1
5247,82,47,3,798.65,2010-12-30T00:00:00Z,FALSE,-1
5248,97,48,3,733.66,2010-12-31T00:00:00Z,FALSE,-1
5249,69,17,1,345.95,2010-12-31T00:00:00Z,FALSE,-1
5250,16,61,2,113.96,2010-12-31T00:00:00Z,FALSE,-1
5251,87,35,2,317.27,2010-12-31T00:00:00Z,FALSE,-1
5252,98,2,1,786.52,2010-12-31T00:00:00Z,FALSE,-1
5253,80,19,1,851.3,2010-12-31T00:00:00Z,FALSE,-1
5254,9,23,1,161.1,2010-12-31T00:00:00Z,FALSE,-1
5255,66,43,3,722.4,2010-12-31T00:00:00Z,FALSE,-1
5256,68,41,2,849.23,2010-12-31T00:00:00Z,FALSE,-1
5257,22,92,2,98.7,2010-12-31T00:00:00Z,FALSE,-1
5258,99,98,3,707.54,2011-01-01T00:00:00Z,FALSE,-1
5259,62,26,3,111.5,2011-01-01T00:00:00Z,FALSE,-1
5260,13,77,1,199.76,2011-01-01T00:00:00Z,FALSE,-1
5261,62,5,3,326.51,2011-01-01T00:00:00Z,FALSE,-1
5262,92,78,3,818.03,2011-01-01T00:00:00Z,FALSE,-1
5263,19,85,3,725.22,2011-01-01T00:00:00Z,FALSE,-1
5264,79,44,2,827.02,2011-01-01T00:00:00Z,FALSE,-1
5265,53,32,2,834.84,2011-01-01T00:00:00Z,FALSE,-1
5266,90,97,4,933.61,2011-01-01T00:00:00Z,FALSE,-1
5267,93,27,2,989.61,2011-01-01T00:00:00Z,FALSE,-1
5268,72,39,2,412.41,2011-01-01T00:00:00Z,FALSE,-1
5269,12,5,3,568.65,2011-01-01T00:00:00Z,FALSE,-1
5270,87,80,1,885.6,2011-01-01T00:00:00Z,FALSE,-1
5271,58,31,1,826.87,2011-01-01T00:00:00Z,FALSE,-1
5272,18,91,1,479.41,2011-01-01T00:00:00Z,FALSE,-1
5273,91,48,1,331.22,2011-01-01T00:00:00Z,FALSE,-1
5274,10,93,2,447.4,2011-01-02T00:00:00Z,FALSE,-1
5275,20,56,2,275.07,2011-01-02T00:00:00Z,FALSE,-1
5276,82,47,3,418.41,2011-01-02T00:00:00Z,FALSE,-1
5277,56,20,3,648.78,2011-01-02T00:00:00Z,FALSE,-1
5278,55,0,1,162.89,2011-01-02T00:00:00Z,FALSE,-1
5279,88,38,1,300.16,2011-01-02T00:00:00Z,FALSE,-1
5280,17,60,1,284.73,2011-01-02T00:00:00Z,FALSE,-1
5281,77,42,2,523.08,2011-01-02T00:00:00Z,FALSE,-1
5282,94,25,1,448.67,2011-01-02T00:00:00Z,FALSE,-1
5283,4,92,2,313.3,2011-01-02T00:00:00Z,FALSE,-1
5284,89,93,1,547.67,2011-01-02T00:00:00Z,FALSE,-1
5285,94,40,1,108.26,2011-01-02T00:00:00Z,FALSE,-1
5286,3,87,3,412.14,2011-01-02T00:00:00Z,FALSE,-1
5287,79,17,3,493.15,2011-01-03T00:00:00Z,FALSE,-1
5288,71,29,4,586.2,2011-01-03T00:00:00Z,FALSE,-1
5289,59,7,2,834.85,2011-01-03T00:00:00Z,FALSE,-1
5290,77,34,3,950.13,2011-01-03T00:00:00Z,FALSE,-1
5291,83,94,3,850.82,2011-01-03T00:00:00Z,FALSE,-1
5292,76,32,3,454.78,2011-01-03T00:00:00Z,FALSE,-1
5293,60,17,1,445.69,2011-01-04T00:00:00Z,FALSE,-1
5294,52,35,2,103.78,2011-01-04T00:00:00Z,FALSE,-1
5295,86,44,2,754.83,2011-01-04T00:00:00Z,FALSE,-1
5296,2,50,3,767.91,2011-01-04T00:00:00Z,FALSE,-1
5297,83,33,1,611,2011-01-04T00:00:00Z,FALSE,-1
5298,72,39,2,685.47,2011-01-04T00:00:00Z,FALSE,-1
5299,88,37,2,330.53,2011-01-04T00:00:00Z,FALSE,-1
5300,74,11,1,380.11,2011-01-04T00:00:00Z,FALSE,-1
5301,15,47,1,519.47,2011-01-04T00:00:00Z,FALSE,-1
5302,11,26,3,730.35,2011-01-04T00:00:00Z,FALSE,-1
5303,63,33,3,625.13,2011-01-04T00:00:00Z,FALSE,-1
5304,8,61,1,438.07,2011-01-04T00:00:00Z,FALSE,-1
5305,81,54,2,671.96,2011-01-04T00:00:00Z,FALSE,-1
5306,70,42,3,507.86,2011-01-04T00:00:00Z,FALSE,-1
5307,67,49,1,773.04,2011-01-04T00:00:00Z,FALSE,-1
5308,73,3,3,614.47,2011-01-04T00:00:00Z,FALSE,-1
5309,50,2,2,663.79,2011-01-04T00:00:00Z,FALSE,-1
5310,35,28,3,777.19,2011-01-04T00:00:00Z,FALSE,-1
5311,66,7,3,601.33,2011-01-04T00:00:00Z,FALSE,-1
5312,66,29,1,695.67,2011-01-04T00:00:00Z,FALSE,-1
5313,92,30,3,812.43,2011-01-04T00:00:00Z,FALSE,-1
5314,54,28,1,892.04,2011-01-05T00:00:00Z,FALSE,-1
5315,65,24,2,171.85,2011-01-05T00:00:00Z,FALSE,-1
5316,73,46,2,218.2,2011-01-05T00:00:00Z,FALSE,-1
5317,5,87,3,478.64,2011-01-05T00:00:00Z,FALSE,-1
5318,14,16,4,533.9,2011-01-05T00:00:00Z,FALSE,-1
5319,6,25,4,556.56,2011-01-05T00:00:00Z,FALSE,-1
5320,1,49,3,300.4,2011-01-05T00:00:00Z,FALSE,-1
5321,57,8,1,394.34,2011-01-05T00:00:00Z,FALSE,-1
5322,67,35,1,627.98,2011-01-05T00:00:00Z,FALSE,-1
5323,51,30,3,371.99,2011-01-05T00:00:00Z,FALSE,-1
5324,88,81,3,666.43,2011-01-05T00:00:00Z,FALSE,-1
5325,75,25,1,416.25,2011-01-05T00:00:00Z,FALSE,-1
5326,84,75,3,932.94,2011-01-05T00:00:00Z,FALSE,-1
5327,0,27,3,287.91,2011-01-05T00:00:00Z,FALSE,-1
5328,58,2,1,210.26,2011-01-05T00:00:00Z,FALSE,-1
5329,81,32,1,362.19,2011-01-05T00:00:00Z,FALSE,-1
5330,70,9,1,639.03,2011-01-06T00:00:00Z,FALSE,-1
5331,82,75,2,646.78,2011-01-06T00:00:00Z,FALSE,-1
5332,93,10,3,455.76,2011-01-06T00:00:00Z,FALSE,-1
5333,54,45,2,616.57,2011-01-06T00:00:00Z,FALSE,-1
5334,23,79,1,167.45,2011-01-06T00:00:00Z,FALSE,-1
5335,21,81,1,663.34,2011-01-06T00:00:00Z,FALSE,-1
5336,78,45,1,424.46,2011-01-06T00:00:00Z,FALSE,-1
5337,64,40,1,708.65,2011-01-06T00:00:00Z,FALSE,-1
5338,68,34,1,400.91,2011-01-06T00:00:00Z,FALSE,-1
5339,91,48,1,623.84,2011-01-06T00:00:00Z,FALSE,-1
5340,7,66,1,289.4,2011-01-06T00:00:00Z,FALSE,-1
5341,95,82,1,682.56,2011-01-06T00:00:00Z,FALSE,-1
5342,85,50,2,862.56,2011-01-06T00:00:00Z,FALSE,-1
5343,24,60,1,754.12,2011-01-06T00:00:00Z,FALSE,-1
5344,96,68,2,501.39,2011-01-06T00:00:00Z,FALSE,-1
5345,64,15,1,877.95,2011-01-06T00:00:00Z,FALSE,-1
5346,61,1,1,637.06,2011-01-06T00:00:00Z,FALSE,-1
5347,79,36,1,717.69,2011-01-06T00:00:00Z,FALSE,-1
5348,16,50,3,276.32,2011-01-07T00:00:00Z,FALSE,-1
5349,80,8,3,508.77,2011-01-07T00:00:00Z,FALSE,-1
5350,74,41,1,732.31,2011-01-07T00:00:00Z,FALSE,-1
5351,22,99,1,430.68,2011-01-07T00:00:00Z,FALSE,-1
5352,67,43,3,205.7,2011-01-07T00:00:00Z,FALSE,-1
5353,97,18,1,737.06,2011-01-07T00:00:00Z,FALSE,-1
5354,9,70,3,237.64,2011-01-07T00:00:00Z,FALSE,-1
5355,95,35,1,114.9,2011-01-07T00:00:00Z,FALSE,-1
5356,69,17,3,908.53,2011-01-07T00:00:00Z,FALSE,-1
5357,98,47,1,515.2,2011-01-07T00:00:00Z,FALSE,-1
5358,92,94,1,809.28,2011-01-08T00:00:00Z,FALSE,-1
5359,86,44,2,114.1,2011-01-08T00:00:00Z,FALSE,-1
5360,87,19,1,610.49,2011-01-08T00:00:00Z,FALSE,-1
5361,88,26,1,821.14,2011-01-08T00:00:00Z,FALSE,-1
5362,12,97,1,379.85,2011-01-08T00:00:00Z,FALSE,-1
5363,97,27,2,590.53,2011-01-08T00:00:00Z,FALSE,-1
5364,91,73,1,814.46,2011-01-08T00:00:00Z,FALSE,-1
5365,63,31,3,812.89,2011-01-08T00:00:00Z,FALSE,-1
5366,99,74,3,311.28,2011-01-08T00:00:00Z,FALSE,-1
5367,18,99,3,1025.78,2011-01-08T00:00:00Z,FALSE,-1
5368,62,5,3,908.93,2011-01-08T00:00:00Z,FALSE,-1
5369,90,95,1,628.38,2011-01-08T00:00:00Z,FALSE,-1
5370,13,26,3,112.99,2011-01-08T00:00:00Z,FALSE,-1
5371,80,39,3,896.22,2011-01-08T00:00:00Z,FALSE,-1
5372,19,7,3,391.08,2011-01-08T00:00:00Z,FALSE,-1
5373,53,32,3,490.39,2011-01-08T00:00:00Z,FALSE,-1
5374,56,20,4,738.82,2011-01-09T00:00:00Z,FALSE,-1
5375,4,89,1,903.7,2011-01-09T00:00:00Z,FALSE,-1
5376,55,0,1,129.82,2011-01-09T00:00:00Z,FALSE,-1
5377,89,83,3,764.1,2011-01-09T00:00:00Z,FALSE,-1
5378,85,47,4,582.64,2011-01-09T00:00:00Z,FALSE,-1
5379,77,52,3,854.6,2011-01-09T00:00:00Z,FALSE,-1
5380,3,73,3,172.95,2011-01-09T00:00:00Z,FALSE,-1
5381,10,78,3,196.15,2011-01-09T00:00:00Z,FALSE,-1
5382,99,25,1,899.04,2011-01-09T00:00:00Z,FALSE,-1
5383,94,33,2,703.24,2011-01-09T00:00:00Z,FALSE,-1
5384,95,38,1,303.48,2011-01-09T00:00:00Z,FALSE,-1
5385,17,69,3,562.3,2011-01-09T00:00:00Z,FALSE,-1
5386,20,55,1,441.95,2011-01-09T00:00:00Z,FALSE,-1
5387,59,7,2,257.76,2011-01-10T00:00:00Z,FALSE,-1
5388,79,88,3,654.39,2011-01-10T00:00:00Z,FALSE,-1
5389,93,34,3,576.14,2011-01-10T00:00:00Z,FALSE,-1
5390,83,13,1,206.44,2011-01-10T00:00:00Z,FALSE,-1
5391,76,61,1,494.12,2011-01-10T00:00:00Z,FALSE,-1
5392,71,29,3,606.18,2011-01-10T00:00:00Z,FALSE,-1
5393,50,2,3,213.86,2011-01-11T00:00:00Z,FALSE,-1
5394,81,59,1,314.16,2011-01-11T00:00:00Z,FALSE,-1
5395,52,35,1,656.81,2011-01-11T00:00:00Z,FALSE,-1
5396,11,98,2,756.12,2011-01-11T00:00:00Z,FALSE,-1
5397,77,42,2,950.79,2011-01-11T00:00:00Z,FALSE,-1
5398,94,30,2,253.32,2011-01-11T00:00:00Z,FALSE,-1
5399,94,33,2,564.5,2011-01-11T00:00:00Z,FALSE,-1
5400,66,7,3,804.71,2011-01-11T00:00:00Z,FALSE,-1
5401,15,22,3,179.14,2011-01-11T00:00:00Z,FALSE,-1
5402,74,11,2,873.25,2011-01-11T00:00:00Z,FALSE,-1
5403,60,17,3,762.71,2011-01-11T00:00:00Z,FALSE,-1
5404,8,73,1,888.76,2011-01-11T00:00:00Z,FALSE,-1
5405,77,29,3,535.46,2011-01-11T00:00:00Z,FALSE,-1
5406,2,86,2,674.5,2011-01-11T00:00:00Z,FALSE,-1
5407,72,39,2,486.81,2011-01-11T00:00:00Z,FALSE,-1
5408,86,49,1,293.68,2011-01-11T00:00:00Z,FALSE,-1
5409,36,28,3,646.05,2011-01-11T00:00:00Z,FALSE,-1
5410,89,37,2,684.88,2011-01-11T00:00:00Z,FALSE,-1
5411,86,18,3,557.51,2011-01-11T00:00:00Z,FALSE,-1
5412,73,3,4,617.48,2011-01-11T00:00:00Z,FALSE,-1
5413,63,33,3,181.48,2011-01-11T00:00:00Z,FALSE,-1
5414,14,55,3,245.25,2011-01-12T00:00:00Z,FALSE,-1
5415,84,99,3,797.14,2011-01-12T00:00:00Z,FALSE,-1
5416,58,2,1,900.66,2011-01-12T00:00:00Z,FALSE,-1
5417,57,8,1,265.53,2011-01-12T00:00:00Z,FALSE,-1
5418,54,28,2,477.41,2011-01-12T00:00:00Z,FALSE,-1
5419,75,98,2,325.82,2011-01-12T00:00:00Z,FALSE,-1
5420,0,55,3,594.58,2011-01-12T00:00:00Z,FALSE,-1
5421,65,24,3,671.72,2011-01-12T00:00:00Z,FALSE,-1
5422,1,97,3,385.88,2011-01-12T00:00:00Z,FALSE,-1
5423,5,33,2,591.78,2011-01-12T00:00:00Z,FALSE,-1
5424,88,78,1,572.82,2011-01-12T00:00:00Z,FALSE,-1
5425,95,46,1,789.24,2011-01-12T00:00:00Z,FALSE,-1
5426,67,35,3,302.98,2011-01-12T00:00:00Z,FALSE,-1
5427,83,32,3,344.47,2011-01-12T00:00:00Z,FALSE,-1
5428,51,30,4,607.28,2011-01-12T00:00:00Z,FALSE,-1
5429,6,93,2,980.66,2011-01-12T00:00:00Z,FALSE,-1
5430,82,40,1,706.71,2011-01-13T00:00:00Z,FALSE,-1
5431,93,36,1,884.7,2011-01-13T00:00:00Z,FALSE,-1
5432,85,78,3,681.88,2011-01-13T00:00:00Z,FALSE,-1
5433,24,69,3,140.94,2011-01-13T00:00:00Z,FALSE,-1
5434,78,83,3,724.91,2011-01-13T00:00:00Z,FALSE,-1
5435,95,70,3,553.9,2011-01-13T00:00:00Z,FALSE,-1
5436,23,37,1,817.73,2011-01-13T00:00:00Z,FALSE,-1
5437,94,48,3,719.38,2011-01-13T00:00:00Z,FALSE,-1
5438,93,98,3,498.4,2011-01-13T00:00:00Z,FALSE,-1
5439,96,70,3,941.57,2011-01-13T00:00:00Z,FALSE,-1
5440,70,9,3,571.31,2011-01-13T00:00:00Z,FALSE,-1
5441,7,79,1,687.89,2011-01-13T00:00:00Z,FALSE,-1
5442,68,34,1,381.21,2011-01-13T00:00:00Z,FALSE,-1
5443,82,84,3,890.67,2011-01-13T00:00:00Z,FALSE,-1
5444,21,92,3,487.76,2011-01-13T00:00:00Z,FALSE,-1
5445,78,45,1,925.71,2011-01-13T00:00:00Z,FALSE,-1
5446,64,15,3,689.63,2011-01-13T00:00:00Z,FALSE,-1
5447,61,1,3,344.14,2011-01-13T00:00:00Z,FALSE,-1
5448,52,35,1,338.14,2011-01-14T00:00:00Z,FALSE,-1
5449,69,17,3,979.87,2011-01-14T00:00:00Z,FALSE,-1
5450,22,74,1,275,2011-01-14T00:00:00Z,FALSE,-1
5451,80,37,3,742.74,2011-01-14T00:00:00Z,FALSE,-1
5452,97,22,3,258.09,2011-01-14T00:00:00Z,FALSE,-1
5453,98,41,1,337.12,2011-01-14T00:00:00Z,FALSE,-1
5454,16,44,3,421.92,2011-01-14T00:00:00Z,FALSE,-1
5455,98,76,3,577.74,2011-01-14T00:00:00Z,FALSE,-1
5456,9,77,1,624.66,2011-01-14T00:00:00Z,FALSE,-1
5457,68,43,1,670.27,2011-01-14T00:00:00Z,FALSE,-1
5458,87,31,3,154.21,2011-01-15T00:00:00Z,FALSE,-1
5459,18,46,2,171.69,2011-01-15T00:00:00Z,FALSE,-1
5460,90,52,3,509.93,2011-01-15T00:00:00Z,FALSE,-1
5461,87,31,3,754.05,2011-01-15T00:00:00Z,FALSE,-1
5462,19,99,1,179.34,2011-01-15T00:00:00Z,FALSE,-1
5463,13,97,3,1006.45,2011-01-15T00:00:00Z,FALSE,-1
5464,62,5,1,650.31,2011-01-15T00:00:00Z,FALSE,-1
5465,91,71,1,687.56,2011-01-15T00:00:00Z,FALSE,-1
5466,99,87,3,344.48,2011-01-15T00:00:00Z,FALSE,-1
5467,90,39,1,802.9,2011-01-15T00:00:00Z,FALSE,-1
5468,92,99,3,598.48,2011-01-15T00:00:00Z,FALSE,-1
5469,88,44,3,900.5,2011-01-15T00:00:00Z,FALSE,-1
5470,12,11,3,778.95,2011-01-15T00:00:00Z,FALSE,-1
5471,53,32,3,539.23,2011-01-15T00:00:00Z,FALSE,-1
5472,0,27,3,946.96,2011-01-15T00:00:00Z,FALSE,-1
5473,11,26,3,720.83,2011-01-15T00:00:00Z,FALSE,-1
5474,3,47,1,845.75,2011-01-16T00:00:00Z,FALSE,-1
5475,89,13,2,367.34,2011-01-16T00:00:00Z,FALSE,-1
5476,6,25,4,961.61,2011-01-16T00:00:00Z,FALSE,-1
5477,10,70,3,111.58,2011-01-16T00:00:00Z,FALSE,-1
5478,97,47,1,966.78,2011-01-16T00:00:00Z,FALSE,-1
5479,20,29,3,307.91,2011-01-16T00:00:00Z,FALSE,-1
5480,77,96,1,417.11,2011-01-16T00:00:00Z,FALSE,-1
5481,94,44,1,464.61,2011-01-16T00:00:00Z,FALSE,-1
5482,4,24,3,650.2,2011-01-16T00:00:00Z,FALSE,-1
5483,56,20,3,714.44,2011-01-16T00:00:00Z,FALSE,-1
5484,17,42,1,460.83,2011-01-16T00:00:00Z,FALSE,-1
5485,55,0,3,514.71,2011-01-16T00:00:00Z,FALSE,-1
5486,96,38,3,907.18,2011-01-16T00:00:00Z,FALSE,-1
5487,71,29,4,339.23,2011-01-17T00:00:00Z,FALSE,-1
5488,94,34,2,354.44,2011-01-17T00:00:00Z,FALSE,-1
5489,76,80,2,991.84,2011-01-17T00:00:00Z,FALSE,-1
5490,79,92,1,127.02,2011-01-17T00:00:00Z,FALSE,-1
5491,83,88,2,461.24,2011-01-17T00:00:00Z,FALSE,-1
5492,59,7,1,901.05,2011-01-17T00:00:00Z,FALSE,-1
5493,8,57,3,342.07,2011-01-18T00:00:00Z,FALSE,-1
5494,74,11,1,512.1,2011-01-18T00:00:00Z,FALSE,-1
5495,72,39,2,689.65,2011-01-18T00:00:00Z,FALSE,-1
5496,52,35,1,255.57,2011-01-18T00:00:00Z,FALSE,-1
5497,81,63,3,775.94,2011-01-18T00:00:00Z,FALSE,-1
5498,98,33,3,987.11,2011-01-18T00:00:00Z,FALSE,-1
5499,93,49,3,281.52,2011-01-18T00:00:00Z,FALSE,-1
5500,66,7,3,912.06,2011-01-18T00:00:00Z,FALSE,-1
5501,63,33,3,376.83,2011-01-18T00:00:00Z,FALSE,-1
5502,73,3,3,384.18,2011-01-18T00:00:00Z,FALSE,-1
5503,98,30,1,359.93,2011-01-18T00:00:00Z,FALSE,-1
5504,60,17,3,658.43,2011-01-18T00:00:00Z,FALSE,-1
5505,2,58,3,207.71,2011-01-18T00:00:00Z,FALSE,-1
5506,11,46,4,670.29,2011-01-18T00:00:00Z,FALSE,-1
5507,91,37,2,935.19,2011-01-18T00:00:00Z,FALSE,-1
5508,15,24,2,266.36,2011-01-18T00:00:00Z,FALSE,-1
5509,86,49,1,838.83,2011-01-18T00:00:00Z,FALSE,-1
5510,96,29,2,126.91,2011-01-18T00:00:00Z,FALSE,-1
5511,50,2,3,827.36,2011-01-18T00:00:00Z,FALSE,-1
5512,89,42,1,740.55,2011-01-18T00:00:00Z,FALSE,-1
5513,37,28,2,378.99,2011-01-18T00:00:00Z,FALSE,-1
5514,65,24,2,674.7,2011-01-19T00:00:00Z,FALSE,-1
5515,5,62,2,328.78,2011-01-19T00:00:00Z,FALSE,-1
5516,58,2,2,932.11,2011-01-19T00:00:00Z,FALSE,-1
5517,84,19,3,853.08,2011-01-19T00:00:00Z,FALSE,-1
5518,88,38,1,952.03,2011-01-19T00:00:00Z,FALSE,-1
5519,0,27,3,667.43,2011-01-19T00:00:00Z,FALSE,-1
5520,54,28,1,970.99,2011-01-19T00:00:00Z,FALSE,-1
5521,97,46,1,672.42,2011-01-19T00:00:00Z,FALSE,-1
5522,67,35,3,501,2011-01-19T00:00:00Z,FALSE,-1
5523,1,61,1,428.71,2011-01-19T00:00:00Z,FALSE,-1
5524,6,30,1,395.01,2011-01-19T00:00:00Z,FALSE,-1
5525,57,8,1,576.54,2011-01-19T00:00:00Z,FALSE,-1
5526,75,78,2,837.52,2011-01-19T00:00:00Z,FALSE,-1
5527,14,48,2,1002.8,2011-01-19T00:00:00Z,FALSE,-1
5528,99,32,1,750.96,2011-01-19T00:00:00Z,FALSE,-1
5529,51,30,2,603.65,2011-01-19T00:00:00Z,FALSE,-1
5530,94,40,1,575.06,2011-01-20T00:00:00Z,FALSE,-1
5531,64,15,3,488.83,2011-01-20T00:00:00Z,FALSE,-1
5532,70,9,1,723.43,2011-01-20T00:00:00Z,FALSE,-1
5533,93,27,2,250.08,2011-01-20T00:00:00Z,FALSE,-1
5534,82,56,3,993.15,2011-01-20T00:00:00Z,FALSE,-1
5535,61,1,1,397.04,2011-01-20T00:00:00Z,FALSE,-1
5536,24,26,1,252.16,2011-01-20T00:00:00Z,FALSE,-1
5537,97,36,1,232.79,2011-01-20T00:00:00Z,FALSE,-1
5538,87,45,4,576.99,2011-01-20T00:00:00Z,FALSE,-1
5539,97,48,3,132.61,2011-01-20T00:00:00Z,FALSE,-1
5540,21,40,2,565.84,2011-01-20T00:00:00Z,FALSE,-1
5541,95,35,1,374.33,2011-01-20T00:00:00Z,FALSE,-1
5542,7,22,2,463.86,2011-01-20T00:00:00Z,FALSE,-1
5543,85,60,1,374.45,2011-01-20T00:00:00Z,FALSE,-1
5544,68,34,1,798.75,2011-01-20T00:00:00Z,FALSE,-1
5545,96,90,3,766.12,2011-01-20T00:00:00Z,FALSE,-1
5546,78,77,1,512.02,2011-01-20T00:00:00Z,FALSE,-1
5547,23,20,3,745.53,2011-01-20T00:00:00Z,FALSE,-1
5548,98,99,1,822.85,2011-01-21T00:00:00Z,FALSE,-1
5549,80,77,4,794.57,2011-01-21T00:00:00Z,FALSE,-1
5550,16,83,1,738.77,2011-01-21T00:00:00Z,FALSE,-1
5551,9,38,3,293.05,2011-01-21T00:00:00Z,FALSE,-1
5552,97,36,1,516.47,2011-01-21T00:00:00Z,FALSE,-1
5553,22,62,1,903.16,2011-01-21T00:00:00Z,FALSE,-1
5554,99,41,1,385.34,2011-01-21T00:00:00Z,FALSE,-1
5555,69,17,3,938.65,2011-01-21T00:00:00Z,FALSE,-1
5556,95,43,1,507.16,2011-01-21T00:00:00Z,FALSE,-1
5557,67,35,1,962.93,2011-01-21T00:00:00Z,FALSE,-1
5558,90,50,1,998.77,2011-01-22T00:00:00Z,FALSE,-1
5559,13,95,3,209.14,2011-01-22T00:00:00Z,FALSE,-1
5560,62,5,3,945.99,2011-01-22T00:00:00Z,FALSE,-1
5561,99,32,1,132.8,2011-01-22T00:00:00Z,FALSE,-1
5562,18,96,1,249.41,2011-01-22T00:00:00Z,FALSE,-1
5563,94,44,1,492.58,2011-01-22T00:00:00Z,FALSE,-1
5564,12,57,3,884.99,2011-01-22T00:00:00Z,FALSE,-1
5565,19,97,3,387.75,2011-01-22T00:00:00Z,FALSE,-1
5566,92,39,1,345.75,2011-01-22T00:00:00Z,FALSE,-1
5567,32,27,3,166.3,2011-01-22T00:00:00Z,FALSE,-1
5568,53,32,1,969.3,2011-01-22T00:00:00Z,FALSE,-1
5569,87,95,3,174.21,2011-01-22T00:00:00Z,FALSE,-1
5570,91,97,1,132.44,2011-01-22T00:00:00Z,FALSE,-1
5571,13,26,3,113.1,2011-01-22T00:00:00Z,FALSE,-1
5572,49,31,1,297.03,2011-01-22T00:00:00Z,FALSE,-1
5573,92,91,2,211.42,2011-01-22T00:00:00Z,FALSE,-1
5574,98,47,1,799.14,2011-01-23T00:00:00Z,FALSE,-1
5575,89,61,1,909.72,2011-01-23T00:00:00Z,FALSE,-1
5576,20,92,1,232.97,2011-01-23T00:00:00Z,FALSE,-1
5577,55,0,2,782.04,2011-01-23T00:00:00Z,FALSE,-1
5578,98,38,3,802.86,2011-01-23T00:00:00Z,FALSE,-1
5579,94,48,3,212.79,2011-01-23T00:00:00Z,FALSE,-1
5580,10,41,3,970.88,2011-01-23T00:00:00Z,FALSE,-1
5581,17,70,1,461.86,2011-01-23T00:00:00Z,FALSE,-1
5582,77,65,2,910.33,2011-01-23T00:00:00Z,FALSE,-1
5583,4,92,2,988.64,2011-01-23T00:00:00Z,FALSE,-1
5584,56,20,3,369.81,2011-01-23T00:00:00Z,FALSE,-1
5585,56,25,4,681.29,2011-01-23T00:00:00Z,FALSE,-1
5586,3,87,3,836.06,2011-01-23T00:00:00Z,FALSE,-1
5587,71,29,3,926.74,2011-01-24T00:00:00Z,FALSE,-1
5588,76,74,3,864.25,2011-01-24T00:00:00Z,FALSE,-1
5589,68,34,1,270.39,2011-01-24T00:00:00Z,FALSE,-1
5590,83,96,1,570.08,2011-01-24T00:00:00Z,FALSE,-1
5591,59,7,2,802.53,2011-01-24T00:00:00Z,FALSE,-1
5592,79,86,3,637.61,2011-01-24T00:00:00Z,FALSE,-1
5593,15,64,1,232.5,2011-01-25T00:00:00Z,FALSE,-1
5594,38,28,2,200.82,2011-01-25T00:00:00Z,FALSE,-1
5595,8,66,3,155.34,2011-01-25T00:00:00Z,FALSE,-1
5596,72,39,2,309.25,2011-01-25T00:00:00Z,FALSE,-1
5597,81,8,2,489.35,2011-01-25T00:00:00Z,FALSE,-1
5598,94,49,2,332.45,2011-01-25T00:00:00Z,FALSE,-1
5599,73,3,4,354.63,2011-01-25T00:00:00Z,FALSE,-1
5600,2,50,3,914.8,2011-01-25T00:00:00Z,FALSE,-1
5601,11,74,2,637.85,2011-01-25T00:00:00Z,FALSE,-1
5602,86,98,1,169.29,2011-01-25T00:00:00Z,FALSE,-1
5603,66,7,1,768.88,2011-01-25T00:00:00Z,FALSE,-1
5604,71,29,3,843.5,2011-01-25T00:00:00Z,FALSE,-1
5605,95,37,3,359.64,2011-01-25T00:00:00Z,FALSE,-1
5606,63,33,3,611.84,2011-01-25T00:00:00Z,FALSE,-1
5607,52,35,1,794.04,2011-01-25T00:00:00Z,FALSE,-1
5608,95,42,3,864.26,2011-01-25T00:00:00Z,FALSE,-1
5609,51,30,2,265.42,2011-01-25T00:00:00Z,FALSE,-1
5610,60,17,2,210.32,2011-01-25T00:00:00Z,FALSE,-1
5611,63,33,3,680.92,2011-01-25T00:00:00Z,FALSE,-1
5612,50,2,3,180.64,2011-01-25T00:00:00Z,FALSE,-1
5613,74,11,1,315.76,2011-01-25T00:00:00Z,FALSE,-1
5614,75,11,1,755.35,2011-01-26T00:00:00Z,FALSE,-1
5615,14,20,1,226.37,2011-01-26T00:00:00Z,FALSE,-1
5616,53,32,1,368.96,2011-01-26T00:00:00Z,FALSE,-1
5617,99,46,1,372.58,2011-01-26T00:00:00Z,FALSE,-1
5618,58,2,3,292.74,2011-01-26T00:00:00Z,FALSE,-1
5619,1,49,3,247.84,2011-01-26T00:00:00Z,FALSE,-1
5620,84,89,4,294.57,2011-01-26T00:00:00Z,FALSE,-1
5621,51,30,3,390.42,2011-01-26T00:00:00Z,FALSE,-1
5622,6,94,3,512.69,2011-01-26T00:00:00Z,FALSE,-1
5623,67,35,3,403.91,2011-01-26T00:00:00Z,FALSE,-1
5624,5,87,3,593.78,2011-01-26T00:00:00Z,FALSE,-1
5625,57,8,1,916.79,2011-01-26T00:00:00Z,FALSE,-1
5626,65,24,4,421.66,2011-01-26T00:00:00Z,FALSE,-1
5627,88,77,1,728.87,2011-01-26T00:00:00Z,FALSE,-1
5628,0,55,3,989.7,2011-01-26T00:00:00Z,FALSE,-1
5629,54,28,1,747.68,2011-01-26T00:00:00Z,FALSE,-1
5630,78,14,2,327.04,2011-01-27T00:00:00Z,FALSE,-1
5631,85,11,1,647.25,2011-01-27T00:00:00Z,FALSE,-1
5632,21,44,1,330.41,2011-01-27T00:00:00Z,FALSE,-1
5633,91,45,1,429.38,2011-01-27T00:00:00Z,FALSE,-1
5634,61,1,2,517.33,2011-01-27T00:00:00Z,FALSE,-1
5635,95,84,3,283.39,2011-01-27T00:00:00Z,FALSE,-1
5636,24,90,2,303.72,2011-01-27T00:00:00Z,FALSE,-1
5637,23,98,1,807.99,2011-01-27T00:00:00Z,FALSE,-1
5638,7,59,3,903.06,2011-01-27T00:00:00Z,FALSE,-1
5639,93,78,3,514.18,2011-01-27T00:00:00Z,FALSE,-1
5640,99,48,2,542.1,2011-01-27T00:00:00Z,FALSE,-1
5641,82,83,1,626.11,2011-01-27T00:00:00Z,FALSE,-1
5642,98,36,2,440.74,2011-01-27T00:00:00Z,FALSE,-1
5643,64,15,1,414.89,2011-01-27T00:00:00Z,FALSE,-1
5644,96,29,2,214.67,2011-01-27T00:00:00Z,FALSE,-1
5645,70,9,1,818.07,2011-01-27T00:00:00Z,FALSE,-1
5646,68,34,1,859.99,2011-01-27T00:00:00Z,FALSE,-1
5647,98,40,3,219.13,2011-01-27T00:00:00Z,FALSE,-1
5648,69,17,1,336.29,2011-01-28T00:00:00Z,FALSE,-1
5649,80,39,3,344.36,2011-01-28T00:00:00Z,FALSE,-1
5650,16,98,3,887.28,2011-01-28T00:00:00Z,FALSE,-1
5651,10,41,3,885.96,2011-01-28T00:00:00Z,FALSE,-1
5652,98,68,1,978.74,2011-01-28T00:00:00Z,FALSE,-1
5653,33,43,1,851.18,2011-01-28T00:00:00Z,FALSE,-1
5654,97,99,1,513.73,2011-01-28T00:00:00Z,FALSE,-1
5655,9,23,1,599.03,2011-01-28T00:00:00Z,FALSE,-1
5656,22,56,2,355.71,2011-01-28T00:00:00Z,FALSE,-1
5657,28,35,3,703.33,2011-01-28T00:00:00Z,FALSE,-1
5658,18,91,1,687.59,2011-01-29T00:00:00Z,FALSE,-1
5659,99,96,1,807.05,2011-01-29T00:00:00Z,FALSE,-1
5660,13,34,1,500.83,2011-01-29T00:00:00Z,FALSE,-1
5661,16,44,3,367.97,2011-01-29T00:00:00Z,FALSE,-1
5662,19,28,1,335.69,2011-01-29T00:00:00Z,FALSE,-1
5663,29,39,1,303.61,2011-01-29T00:00:00Z,FALSE,-1
5664,12,6,2,464,2011-01-29T00:00:00Z,FALSE,-1
5665,92,81,2,708.02,2011-01-29T00:00:00Z,FALSE,-1
5666,44,27,2,952.46,2011-01-29T00:00:00Z,FALSE,-1
5667,87,72,1,496.85,2011-01-29T00:00:00Z,FALSE,-1
5668,91,52,1,283.07,2011-01-29T00:00:00Z,FALSE,-1
5669,54,31,1,593.13,2011-01-29T00:00:00Z,FALSE,-1
5670,53,32,1,331.4,2011-01-29T00:00:00Z,FALSE,-1
5671,24,26,1,564.16,2011-01-29T00:00:00Z,FALSE,-1
5672,62,5,3,954.82,2011-01-29T00:00:00Z,FALSE,-1
5673,90,7,3,601.05,2011-01-29T00:00:00Z,FALSE,-1
5674,20,64,1,688,2011-01-30T00:00:00Z,FALSE,-1
5675,94,25,1,654.93,2011-01-30T00:00:00Z,FALSE,-1
5676,77,68,1,913.78,2011-01-30T00:00:00Z,FALSE,-1
5677,17,77,1,825.75,2011-01-30T00:00:00Z,FALSE,-1
5678,10,91,1,387.26,2011-01-30T00:00:00Z,FALSE,-1
5679,89,88,2,538.63,2011-01-30T00:00:00Z,FALSE,-1
5680,55,0,3,477.86,2011-01-30T00:00:00Z,FALSE,-1
5681,75,25,1,260.53,2011-01-30T00:00:00Z,FALSE,-1
5682,9,38,3,289.39,2011-01-30T00:00:00Z,FALSE,-1
5683,3,73,3,884.28,2011-01-30T00:00:00Z,FALSE,-1
5684,3,47,1,353.75,2011-01-30T00:00:00Z,FALSE,-1
5685,4,89,1,488.09,2011-01-30T00:00:00Z,FALSE,-1
5686,56,20,1,105.45,2011-01-30T00:00:00Z,FALSE,-1
5687,76,69,1,760.79,2011-01-31T00:00:00Z,FALSE,-1
5688,83,32,3,913.75,2011-01-31T00:00:00Z,FALSE,-1
5689,13,34,1,960.59,2011-01-31T00:00:00Z,FALSE,-1
5690,79,28,3,374.67,2011-01-31T00:00:00Z,FALSE,-1
5691,71,29,3,987.98,2011-01-31T00:00:00Z,FALSE,-1
5692,59,7,2,515.77,2011-01-31T00:00:00Z,FALSE,-1
5693,63,33,3,603.11,2011-02-01T00:00:00Z,FALSE,-1
5694,23,37,1,596.63,2011-02-01T00:00:00Z,FALSE,-1
5695,72,39,2,943.65,2011-02-01T00:00:00Z,FALSE,-1
5696,73,3,3,912.05,2011-02-01T00:00:00Z,FALSE,-1
5697,81,97,3,244.57,2011-02-01T00:00:00Z,FALSE,-1
5698,66,7,3,525.89,2011-02-01T00:00:00Z,FALSE,-1
5699,8,61,1,691.9,2011-02-01T00:00:00Z,FALSE,-1
5700,74,11,1,193.65,2011-02-01T00:00:00Z,FALSE,-1
5701,60,17,3,653.7,2011-02-01T00:00:00Z,FALSE,-1
5702,17,42,1,364.17,2011-02-01T00:00:00Z,FALSE,-1
5703,52,35,3,834.02,2011-02-01T00:00:00Z,FALSE,-1
5704,1,49,3,979.74,2011-02-01T00:00:00Z,FALSE,-1
5705,15,32,2,489.25,2011-02-01T00:00:00Z,FALSE,-1
5706,39,28,3,297.52,2011-02-01T00:00:00Z,FALSE,-1
5707,11,86,3,253.41,2011-02-01T00:00:00Z,FALSE,-1
5708,5,33,2,266.88,2011-02-01T00:00:00Z,FALSE,-1
5709,20,29,3,709.17,2011-02-01T00:00:00Z,FALSE,-1
5710,50,2,3,646.69,2011-02-01T00:00:00Z,FALSE,-1
5711,6,30,1,205.83,2011-02-01T00:00:00Z,FALSE,-1
5712,2,86,2,188.74,2011-02-01T00:00:00Z,FALSE,-1
5713,86,99,2,324.91,2011-02-01T00:00:00Z,FALSE,-1
5714,84,64,2,928.28,2011-02-02T00:00:00Z,FALSE,-1
5715,14,30,1,730.51,2011-02-02T00:00:00Z,FALSE,-1
5716,11,46,4,795.48,2011-02-02T00:00:00Z,FALSE,-1
5717,75,96,3,653.37,2011-02-02T00:00:00Z,FALSE,-1
5718,67,35,1,196.87,2011-02-02T00:00:00Z,FALSE,-1
5719,57,8,1,311.75,2011-02-02T00:00:00Z,FALSE,-1
5720,1,97,3,120.52,2011-02-02T00:00:00Z,FALSE,-1
5721,51,30,3,118.73,2011-02-02T00:00:00Z,FALSE,-1
5722,54,28,1,553.23,2011-02-02T00:00:00Z,FALSE,-1
5723,5,33,2,810.81,2011-02-02T00:00:00Z,FALSE,-1
5724,6,25,4,340.36,2011-02-02T00:00:00Z,FALSE,-1
5725,0,27,3,494.35,2011-02-02T00:00:00Z,FALSE,-1
5726,65,24,4,811.24,2011-02-02T00:00:00Z,FALSE,-1
5727,15,32,2,433.95,2011-02-02T00:00:00Z,FALSE,-1
5728,58,2,2,403.25,2011-02-02T00:00:00Z,FALSE,-1
5729,88,26,1,152.09,2011-02-02T00:00:00Z,FALSE,-1
5730,38,45,1,106.29,2011-02-03T00:00:00Z,FALSE,-1
5731,61,1,1,496.33,2011-02-03T00:00:00Z,FALSE,-1
5732,21,40,2,105.46,2011-02-03T00:00:00Z,FALSE,-1
5733,96,83,3,167.63,2011-02-03T00:00:00Z,FALSE,-1
5734,14,48,2,656.06,2011-02-03T00:00:00Z,FALSE,-1
5735,95,43,1,910.96,2011-02-03T00:00:00Z,FALSE,-1
5736,85,20,3,140.49,2011-02-03T00:00:00Z,FALSE,-1
5737,68,34,1,830.94,2011-02-03T00:00:00Z,FALSE,-1
5738,93,73,1,633.04,2011-02-03T00:00:00Z,FALSE,-1
5739,78,80,3,835.34,2011-02-03T00:00:00Z,FALSE,-1
5740,24,65,1,622.5,2011-02-03T00:00:00Z,FALSE,-1
5741,82,40,1,587.27,2011-02-03T00:00:00Z,FALSE,-1
5742,23,50,3,564.1,2011-02-03T00:00:00Z,FALSE,-1
5743,21,99,2,701.66,2011-02-03T00:00:00Z,FALSE,-1
5744,70,9,3,682.5,2011-02-03T00:00:00Z,FALSE,-1
5745,30,36,1,171.68,2011-02-03T00:00:00Z,FALSE,-1
5746,64,15,1,432.45,2011-02-03T00:00:00Z,FALSE,-1
5747,7,66,1,431.28,2011-02-03T00:00:00Z,FALSE,-1
5748,39,35,1,574.29,2011-02-04T00:00:00Z,FALSE,-1
5749,16,61,2,1010.32,2011-02-04T00:00:00Z,FALSE,-1
5750,44,43,3,714.58,2011-02-04T00:00:00Z,FALSE,-1
5751,98,7,3,153.58,2011-02-04T00:00:00Z,FALSE,-1
5752,80,12,1,885.47,2011-02-04T00:00:00Z,FALSE,-1
5753,22,92,2,713.34,2011-02-04T00:00:00Z,FALSE,-1
5754,97,59,1,724.09,2011-02-04T00:00:00Z,FALSE,-1
5755,69,17,1,319.65,2011-02-04T00:00:00Z,FALSE,-1
5756,42,41,2,277.09,2011-02-04T00:00:00Z,FALSE,-1
5757,9,70,3,804.62,2011-02-04T00:00:00Z,FALSE,-1
5758,45,27,3,288.84,2011-02-05T00:00:00Z,FALSE,-1
5759,90,82,3,639.7,2011-02-05T00:00:00Z,FALSE,-1
5760,55,39,1,355.27,2011-02-05T00:00:00Z,FALSE,-1
5761,58,31,1,810.07,2011-02-05T00:00:00Z,FALSE,-1
5762,13,77,1,898.91,2011-02-05T00:00:00Z,FALSE,-1
5763,19,85,3,613.1,2011-02-05T00:00:00Z,FALSE,-1
5764,92,90,1,995.74,2011-02-05T00:00:00Z,FALSE,-1
5765,36,26,1,893.84,2011-02-05T00:00:00Z,FALSE,-1
5766,62,5,3,214.22,2011-02-05T00:00:00Z,FALSE,-1
5767,87,79,3,458.77,2011-02-05T00:00:00Z,FALSE,-1
5768,91,94,1,826.59,2011-02-05T00:00:00Z,FALSE,-1
5769,99,95,3,201.63,2011-02-05T00:00:00Z,TRUE,2
5770,12,5,3,360.17,2011-02-05T00:00:00Z,FALSE,-1
5771,18,99,3,798.81,2011-02-05T00:00:00Z,FALSE,-1
5772,21,44,1,413.03,2011-02-05T00:00:00Z,FALSE,-1
5773,53,32,2,320.19,2011-02-05T00:00:00Z,FALSE,-1
5774,99,21,1,859.13,2011-02-05T00:00:00Z,FALSE,-1
5775,94,92,1,872.06,2011-02-06T00:00:00Z,FALSE,-1
5776,3,47,1,917.73,2011-02-06T00:00:00Z,FALSE,-1
5777,10,93,2,118.24,2011-02-06T00:00:00Z,FALSE,-1
5778,55,0,2,898.2,2011-02-06T00:00:00Z,FALSE,-1
5779,17,60,1,246.77,2011-02-06T00:00:00Z,FALSE,-1
5780,20,56,2,298.66,2011-02-06T00:00:00Z,FALSE,-1
5781,4,24,3,724.98,2011-02-06T00:00:00Z,FALSE,-1
5782,81,25,3,643.01,2011-02-06T00:00:00Z,FALSE,-1
5783,89,98,3,154.72,2011-02-06T00:00:00Z,FALSE,-1
5784,46,38,1,991.08,2011-02-06T00:00:00Z,FALSE,-1
5785,77,34,3,760.82,2011-02-06T00:00:00Z,FALSE,-1
5786,15,47,1,970.78,2011-02-06T00:00:00Z,FALSE,-1
5787,56,20,4,323.32,2011-02-06T00:00:00Z,FALSE,-1
5788,29,34,1,944.3,2011-02-07T00:00:00Z,FALSE,-1
5789,83,54,1,389.62,2011-02-07T00:00:00Z,FALSE,-1
5790,71,29,3,843.26,2011-02-07T00:00:00Z,FALSE,-1
5791,59,7,2,499.52,2011-02-07T00:00:00Z,FALSE,-1
5792,76,72,1,789.24,2011-02-07T00:00:00Z,FALSE,-1
5793,79,75,3,464.04,2011-02-07T00:00:00Z,FALSE,-1
5794,38,49,1,658.39,2011-02-08T00:00:00Z,FALSE,-1
5795,52,35,3,198.56,2011-02-08T00:00:00Z,FALSE,-1
5796,66,7,3,789.26,2011-02-08T00:00:00Z,FALSE,-1
5797,40,28,1,847.03,2011-02-08T00:00:00Z,FALSE,-1
5798,15,47,1,831.49,2011-02-08T00:00:00Z,FALSE,-1
5799,8,73,1,474.92,2011-02-08T00:00:00Z,FALSE,-1
5800,2,58,3,1012.85,2011-02-08T00:00:00Z,FALSE,-1
5801,25,29,2,290.75,2011-02-08T00:00:00Z,FALSE,-1
5802,50,2,2,968.92,2011-02-08T00:00:00Z,FALSE,-1
5803,41,42,1,287.61,2011-02-08T00:00:00Z,FALSE,-1
5804,40,37,3,412.51,2011-02-08T00:00:00Z,FALSE,-1
5805,14,30,1,458,2011-02-08T00:00:00Z,FALSE,-1
5806,63,33,3,414.03,2011-02-08T00:00:00Z,FALSE,-1
5807,81,89,2,655.34,2011-02-08T00:00:00Z,FALSE,-1
5808,11,26,3,928.43,2011-02-08T00:00:00Z,FALSE,-1
5809,60,17,1,293.01,2011-02-08T00:00:00Z,FALSE,-1
5810,73,3,1,554.79,2011-02-08T00:00:00Z,FALSE,-1
5811,72,39,2,664.41,2011-02-08T00:00:00Z,FALSE,-1
5812,86,91,1,952.09,2011-02-08T00:00:00Z,FALSE,-1
5813,74,11,1,140.51,2011-02-08T00:00:00Z,FALSE,-1
5814,44,33,1,834.55,2011-02-08T00:00:00Z,FALSE,-1
5815,67,35,1,468.72,2011-02-09T00:00:00Z,FALSE,-1
5816,1,61,1,151.7,2011-02-09T00:00:00Z,FALSE,-1
5817,5,62,2,960.31,2011-02-09T00:00:00Z,FALSE,-1
5818,14,16,4,1029.14,2011-02-09T00:00:00Z,FALSE,-1
5819,84,58,3,985.43,2011-02-09T00:00:00Z,FALSE,-1
5820,58,2,3,677.83,2011-02-09T00:00:00Z,FALSE,-1
5821,6,93,2,783.19,2011-02-09T00:00:00Z,FALSE,-1
5822,88,17,2,324.04,2011-02-09T00:00:00Z,FALSE,-1
5823,0,55,3,811.56,2011-02-09T00:00:00Z,FALSE,-1
5824,54,28,1,381.93,2011-02-09T00:00:00Z,FALSE,-1
5825,65,24,2,915.61,2011-02-09T00:00:00Z,FALSE,-1
5826,57,8,1,692.79,2011-02-09T00:00:00Z,FALSE,-1
5827,75,65,1,977.73,2011-02-09T00:00:00Z,FALSE,-1
5828,51,30,3,582.77,2011-02-09T00:00:00Z,FALSE,-1
5829,66,32,3,497.46,2011-02-09T00:00:00Z,FALSE,-1
5830,18,46,2,645.84,2011-02-09T00:00:00Z,FALSE,-1
5831,55,40,1,368.93,2011-02-10T00:00:00Z,FALSE,-1
5832,68,34,1,529.62,2011-02-10T00:00:00Z,FALSE,-1
5833,40,45,1,636.55,2011-02-10T00:00:00Z,FALSE,-1
5834,96,84,1,924.69,2011-02-10T00:00:00Z,FALSE,-1
5835,82,98,1,853.76,2011-02-10T00:00:00Z,FALSE,-1
5836,93,54,3,579.52,2011-02-10T00:00:00Z,FALSE,-1
5837,21,81,1,770.24,2011-02-10T00:00:00Z,FALSE,-1
5838,24,91,2,274.7,2011-02-10T00:00:00Z,FALSE,-1
5839,78,21,1,106.93,2011-02-10T00:00:00Z,FALSE,-1
5840,23,17,2,856.84,2011-02-10T00:00:00Z,FALSE,-1
5841,69,48,1,185.06,2011-02-10T00:00:00Z,FALSE,-1
5842,70,9,1,717.37,2011-02-10T00:00:00Z,FALSE,-1
5843,61,1,1,792.2,2011-02-10T00:00:00Z,FALSE,-1
5844,64,15,3,584.73,2011-02-10T00:00:00Z,FALSE,-1
5845,85,91,3,872.94,2011-02-10T00:00:00Z,FALSE,-1
5846,95,89,1,890.88,2011-02-10T00:00:00Z,FALSE,-1
5847,7,79,1,462.53,2011-02-10T00:00:00Z,FALSE,-1
5848,42,36,3,444.41,2011-02-10T00:00:00Z,FALSE,-1
5849,97,54,1,607.28,2011-02-11T00:00:00Z,FALSE,-1
5850,9,77,1,289.76,2011-02-11T00:00:00Z,FALSE,-1
5851,22,99,1,453.1,2011-02-11T00:00:00Z,FALSE,-1
5852,98,30,1,939.25,2011-02-11T00:00:00Z,FALSE,-1
5853,52,41,2,192.62,2011-02-11T00:00:00Z,FALSE,-1
5854,16,50,3,839.67,2011-02-11T00:00:00Z,FALSE,-1
5855,60,43,1,555.8,2011-02-11T00:00:00Z,FALSE,-1
5856,69,17,2,305.6,2011-02-11T00:00:00Z,FALSE,-1
5857,59,35,2,397.3,2011-02-11T00:00:00Z,FALSE,-1
5858,80,97,1,966.92,2011-02-11T00:00:00Z,FALSE,-1
5859,70,39,1,888.94,2011-02-12T00:00:00Z,FALSE,-1
5860,13,26,3,542.39,2011-02-12T00:00:00Z,FALSE,-1
5861,91,51,1,332.58,2011-02-12T00:00:00Z,FALSE,-1
5862,62,26,3,936.22,2011-02-12T00:00:00Z,FALSE,-1
5863,53,32,1,806.07,2011-02-12T00:00:00Z,FALSE,-1
5864,63,31,3,811.99,2011-02-12T00:00:00Z,FALSE,-1
5865,12,97,1,702.57,2011-02-12T00:00:00Z,FALSE,-1
5866,76,44,3,223.18,2011-02-12T00:00:00Z,FALSE,-1
5867,62,5,3,560.42,2011-02-12T00:00:00Z,FALSE,-1
5868,87,98,3,533.13,2011-02-12T00:00:00Z,FALSE,-1
5869,99,25,1,646.02,2011-02-12T00:00:00Z,FALSE,-1
5870,93,27,2,657.23,2011-02-12T00:00:00Z,FALSE,-1
5871,92,2,3,455.8,2011-02-12T00:00:00Z,FALSE,-1
5872,18,46,2,180.11,2011-02-12T00:00:00Z,FALSE,-1
5873,19,7,3,358.97,2011-02-12T00:00:00Z,FALSE,-1
5874,90,2,1,769.75,2011-02-12T00:00:00Z,FALSE,-1
5875,83,38,1,602.79,2011-02-13T00:00:00Z,FALSE,-1
5876,55,0,1,656.26,2011-02-13T00:00:00Z,FALSE,-1
5877,17,69,3,226.14,2011-02-13T00:00:00Z,FALSE,-1
5878,89,37,2,165.34,2011-02-13T00:00:00Z,FALSE,-1
5879,77,47,3,338.57,2011-02-13T00:00:00Z,FALSE,-1
5880,56,20,1,863.47,2011-02-13T00:00:00Z,FALSE,-1
5881,94,86,3,369.22,2011-02-13T00:00:00Z,FALSE,-1
5882,42,47,1,455.68,2011-02-13T00:00:00Z,FALSE,-1
5883,4,92,2,726,2011-02-13T00:00:00Z,FALSE,-1
5884,94,25,1,255.99,2011-02-13T00:00:00Z,FALSE,-1
5885,20,55,1,753.32,2011-02-13T00:00:00Z,FALSE,-1
5886,3,87,3,145.82,2011-02-13T00:00:00Z,FALSE,-1
5887,10,78,3,306.69,2011-02-13T00:00:00Z,FALSE,-1
5888,76,95,3,849.88,2011-02-14T00:00:00Z,FALSE,-1
5889,71,29,2,806.9,2011-02-14T00:00:00Z,FALSE,-1
5890,83,99,3,492.46,2011-02-14T00:00:00Z,FALSE,-1
5891,59,7,3,630.82,2011-02-14T00:00:00Z,FALSE,-1
5892,36,34,1,552.15,2011-02-14T00:00:00Z,FALSE,-1
5893,79,44,2,963.01,2011-02-14T00:00:00Z,FALSE,-1
5894,74,11,1,843.53,2011-02-15T00:00:00Z,FALSE,-1
5895,42,28,2,757.79,2011-02-15T00:00:00Z,FALSE,-1
5896,2,50,3,575.5,2011-02-15T00:00:00Z,FALSE,-1
5897,81,25,3,908.94,2011-02-15T00:00:00Z,FALSE,-1
5898,56,49,3,516.17,2011-02-15T00:00:00Z,FALSE,-1
5899,35,29,3,418.17,2011-02-15T00:00:00Z,FALSE,-1
5900,8,57,3,586.9,2011-02-15T00:00:00Z,FALSE,-1
5901,50,2,3,296.63,2011-02-15T00:00:00Z,FALSE,-1
5902,72,39,2,463.53,2011-02-15T00:00:00Z,FALSE,-1
5903,86,76,1,772.95,2011-02-15T00:00:00Z,FALSE,-1
5904,73,3,1,676.69,2011-02-15T00:00:00Z,FALSE,-1
5905,15,22,3,867.51,2011-02-15T00:00:00Z,FALSE,-1
5906,11,98,2,195.42,2011-02-15T00:00:00Z,FALSE,-1
5907,66,7,3,331.67,2011-02-15T00:00:00Z,FALSE,-1
5908,69,42,2,516.56,2011-02-15T00:00:00Z,FALSE,-1
5909,60,17,1,457.5,2011-02-15T00:00:00Z,FALSE,-1
5910,58,33,1,903.73,2011-02-15T00:00:00Z,FALSE,-1
5911,80,37,3,344.34,2011-02-15T00:00:00Z,FALSE,-1
5912,44,30,3,810.5,2011-02-15T00:00:00Z,FALSE,-1
5913,52,35,1,922.13,2011-02-15T00:00:00Z,FALSE,-1
5914,63,33,3,318.79,2011-02-15T00:00:00Z,FALSE,-1
5915,14,55,3,416.13,2011-02-16T00:00:00Z,FALSE,-1
5916,5,87,3,668.19,2011-02-16T00:00:00Z,FALSE,-1
5917,58,2,1,259.54,2011-02-16T00:00:00Z,FALSE,-1
5918,62,46,3,941.38,2011-02-16T00:00:00Z,FALSE,-1
5919,6,30,1,147.29,2011-02-16T00:00:00Z,FALSE,-1
5920,0,27,3,283.09,2011-02-16T00:00:00Z,FALSE,-1
5921,54,28,1,515.71,2011-02-16T00:00:00Z,FALSE,-1
5922,67,35,2,608.76,2011-02-16T00:00:00Z,FALSE,-1
5923,88,89,3,649.3,2011-02-16T00:00:00Z,FALSE,-1
5924,75,73,3,481.08,2011-02-16T00:00:00Z,FALSE,-1
5925,76,32,3,467.06,2011-02-16T00:00:00Z,FALSE,-1
5926,57,8,1,380.18,2011-02-16T00:00:00Z,FALSE,-1
5927,65,24,2,513.02,2011-02-16T00:00:00Z,FALSE,-1
5928,84,92,1,998.76,2011-02-16T00:00:00Z,FALSE,-1
5929,51,30,3,476.98,2011-02-16T00:00:00Z,FALSE,-1
5930,1,49,3,958.46,2011-02-16T00:00:00Z,FALSE,-1
5931,95,93,3,415.85,2011-02-17T00:00:00Z,FALSE,-1
5932,82,73,3,808.71,2011-02-17T00:00:00Z,FALSE,-1
5933,21,92,3,745.56,2011-02-17T00:00:00Z,FALSE,-1
5934,55,36,3,163.03,2011-02-17T00:00:00Z,FALSE,-1
5935,93,34,3,697.23,2011-02-17T00:00:00Z,FALSE,-1
5936,96,63,1,408.74,2011-02-17T00:00:00Z,FALSE,-1
5937,74,48,2,677.88,2011-02-17T00:00:00Z,FALSE,-1
5938,61,40,2,560.72,2011-02-17T00:00:00Z,FALSE,-1
5939,70,9,3,137.88,2011-02-17T00:00:00Z,FALSE,-1
5940,68,34,1,437.04,2011-02-17T00:00:00Z,FALSE,-1
5941,7,22,2,216.39,2011-02-17T00:00:00Z,FALSE,-1
5942,85,67,1,652.87,2011-02-17T00:00:00Z,FALSE,-1
5943,78,72,1,783.9,2011-02-17T00:00:00Z,FALSE,-1
5944,24,60,1,413.45,2011-02-17T00:00:00Z,FALSE,-1
5945,50,45,3,997.88,2011-02-17T00:00:00Z,FALSE,-1
5946,64,15,1,210.28,2011-02-17T00:00:00Z,FALSE,-1
5947,61,1,1,618.53,2011-02-17T00:00:00Z,FALSE,-1
5948,23,79,1,843.53,2011-02-17T00:00:00Z,FALSE,-1
5949,69,17,2,191.44,2011-02-18T00:00:00Z,FALSE,-1
5950,87,35,2,248.67,2011-02-18T00:00:00Z,FALSE,-1
5951,9,38,3,593.38,2011-02-18T00:00:00Z,FALSE,-1
5952,22,74,1,804.69,2011-02-18T00:00:00Z,FALSE,-1
5953,97,79,1,355.8,2011-02-18T00:00:00Z,FALSE,-1
5954,68,41,2,830.35,2011-02-18T00:00:00Z,FALSE,-1
5955,66,43,3,211.27,2011-02-18T00:00:00Z,FALSE,-1
5956,80,56,2,711.85,2011-02-18T00:00:00Z,FALSE,-1
5957,98,38,3,727.76,2011-02-18T00:00:00Z,FALSE,-1
5958,16,44,3,1074.86,2011-02-18T00:00:00Z,FALSE,-1
5959,99,95,3,206.16,2011-02-19T00:00:00Z,FALSE,-1
5960,18,96,1,619.79,2011-02-19T00:00:00Z,FALSE,-1
5961,19,99,1,747.42,2011-02-19T00:00:00Z,FALSE,-1
5962,90,39,1,789.32,2011-02-19T00:00:00Z,FALSE,-1
5963,53,32,1,835.43,2011-02-19T00:00:00Z,FALSE,-1
5964,88,26,1,894.41,2011-02-19T00:00:00Z,FALSE,-1
5965,91,78,3,105.84,2011-02-19T00:00:00Z,FALSE,-1
5966,12,11,3,204.47,2011-02-19T00:00:00Z,FALSE,-1
5967,87,31,3,881.79,2011-02-19T00:00:00Z,FALSE,-1
5968,92,93,4,236.68,2011-02-19T00:00:00Z,FALSE,-1
5969,13,97,3,871.31,2011-02-19T00:00:00Z,FALSE,-1
5970,72,39,2,856.92,2011-02-19T00:00:00Z,FALSE,-1
5971,79,44,2,213.82,2011-02-19T00:00:00Z,FALSE,-1
5972,87,97,2,362.7,2011-02-19T00:00:00Z,FALSE,-1
5973,62,5,3,634.12,2011-02-19T00:00:00Z,FALSE,-1
5974,97,27,2,773.6,2011-02-19T00:00:00Z,FALSE,-1
5975,77,72,2,694.07,2011-02-20T00:00:00Z,FALSE,-1
5976,99,25,1,921.74,2011-02-20T00:00:00Z,FALSE,-1
5977,94,99,3,554.54,2011-02-20T00:00:00Z,FALSE,-1
5978,77,47,3,272.04,2011-02-20T00:00:00Z,FALSE,-1
5979,10,70,3,774.84,2011-02-20T00:00:00Z,FALSE,-1
5980,88,38,1,712.99,2011-02-20T00:00:00Z,FALSE,-1
5981,55,0,1,343.73,2011-02-20T00:00:00Z,FALSE,-1
5982,89,94,1,565.95,2011-02-20T00:00:00Z,FALSE,-1
5983,4,89,1,558.8,2011-02-20T00:00:00Z,FALSE,-1
5984,56,20,3,549.94,2011-02-20T00:00:00Z,FALSE,-1
5985,3,73,3,930.83,2011-02-20T00:00:00Z,FALSE,-1
5986,20,29,3,523.43,2011-02-20T00:00:00Z,FALSE,-1
5987,17,42,1,892.73,2011-02-20T00:00:00Z,FALSE,-1
5988,71,29,2,552.78,2011-02-21T00:00:00Z,FALSE,-1
5989,79,36,1,934.6,2011-02-21T00:00:00Z,FALSE,-1
5990,76,63,4,754.52,2011-02-21T00:00:00Z,FALSE,-1
5991,59,7,2,448.59,2011-02-21T00:00:00Z,FALSE,-1
5992,83,20,1,620.92,2011-02-21T00:00:00Z,FALSE,-1
5993,77,34,3,781.83,2011-02-21T00:00:00Z,FALSE,-1
5994,66,29,1,607.31,2011-02-22T00:00:00Z,FALSE,-1
5995,11,46,4,1086.76,2011-02-22T00:00:00Z,FALSE,-1
5996,63,33,3,661.13,2011-02-22T00:00:00Z,FALSE,-1
5997,86,95,3,952.37,2011-02-22T00:00:00Z,FALSE,-1
5998,83,33,1,602.06,2011-02-22T00:00:00Z,FALSE,-1
5999,8,66,3,616.14,2011-02-22T00:00:00Z,FALSE,-1
6000,66,7,3,995.09,2011-02-22T00:00:00Z,FALSE,-1
6001,52,35,1,775.65,2011-02-22T00:00:00Z,FALSE,-1
6002,60,17,2,462.99,2011-02-22T00:00:00Z,FALSE,-1
6003,50,2,1,179.31,2011-02-22T00:00:00Z,FALSE,-1
6004,44,28,1,887.15,2011-02-22T00:00:00Z,FALSE,-1
6005,72,39,2,441.2,2011-02-22T00:00:00Z,FALSE,-1
6006,74,11,3,640.47,2011-02-22T00:00:00Z,FALSE,-1
6007,70,42,3,876.04,2011-02-22T00:00:00Z,FALSE,-1
6008,88,37,2,685.78,2011-02-22T00:00:00Z,FALSE,-1
6009,92,30,3,839.73,2011-02-22T00:00:00Z,FALSE,-1
6010,73,3,1,281.54,2011-02-22T00:00:00Z,FALSE,-1
6011,2,86,2,626.28,2011-02-22T00:00:00Z,FALSE,-1
6012,15,24,2,115.27,2011-02-22T00:00:00Z,FALSE,-1
6013,81,91,2,424.34,2011-02-22T00:00:00Z,FALSE,-1
6014,59,49,2,843,2011-02-22T00:00:00Z,FALSE,-1
6015,67,35,1,529.36,2011-02-23T00:00:00Z,FALSE,-1
6016,5,33,2,508.46,2011-02-23T00:00:00Z,FALSE,-1
6017,75,25,1,355.44,2011-02-23T00:00:00Z,FALSE,-1
6018,1,97,3,659.11,2011-02-23T00:00:00Z,FALSE,-1
6019,0,55,3,865.36,2011-02-23T00:00:00Z,FALSE,-1
6020,65,24,2,977.04,2011-02-23T00:00:00Z,FALSE,-1
6021,73,46,2,957.34,2011-02-23T00:00:00Z,FALSE,-1
6022,51,30,3,551.27,2011-02-23T00:00:00Z,FALSE,-1
6023,54,28,1,179.19,2011-02-23T00:00:00Z,FALSE,-1
6024,88,90,1,434.41,2011-02-23T00:00:00Z,FALSE,-1
6025,6,94,3,280.23,2011-02-23T00:00:00Z,FALSE,-1
6026,58,2,3,771.01,2011-02-23T00:00:00Z,FALSE,-1
6027,57,8,3,454.99,2011-02-23T00:00:00Z,FALSE,-1
6028,84,55,1,626.21,2011-02-23T00:00:00Z,FALSE,-1
6029,14,48,2,625.56,2011-02-23T00:00:00Z,FALSE,-1
6030,81,32,1,322.65,2011-02-23T00:00:00Z,FALSE,-1
6031,68,34,2,369.25,2011-02-24T00:00:00Z,FALSE,-1
6032,54,45,2,626.29,2011-02-24T00:00:00Z,FALSE,-1
6033,64,40,1,844.86,2011-02-24T00:00:00Z,FALSE,-1
6034,91,48,1,974.91,2011-02-24T00:00:00Z,FALSE,-1
6035,23,37,1,422.9,2011-02-24T00:00:00Z,FALSE,-1
6036,96,55,3,867.02,2011-02-24T00:00:00Z,FALSE,-1
6037,21,40,2,134.54,2011-02-24T00:00:00Z,FALSE,-1
6038,85,79,1,989.64,2011-02-24T00:00:00Z,FALSE,-1
6039,78,92,1,843.28,2011-02-24T00:00:00Z,FALSE,-1
6040,70,9,1,169.45,2011-02-24T00:00:00Z,FALSE,-1
6041,61,1,3,769.14,2011-02-24T00:00:00Z,FALSE,-1
6042,79,36,1,883.09,2011-02-24T00:00:00Z,FALSE,-1
6043,7,59,3,160.58,2011-02-24T00:00:00Z,FALSE,-1
6044,24,69,3,361.4,2011-02-24T00:00:00Z,FALSE,-1
6045,64,15,3,363.83,2011-02-24T00:00:00Z,FALSE,-1
6046,82,95,3,148.17,2011-02-24T00:00:00Z,FALSE,-1
6047,93,36,1,339.55,2011-02-24T00:00:00Z,FALSE,-1
6048,95,77,1,749.94,2011-02-24T00:00:00Z,FALSE,-1
6049,95,35,1,476.92,2011-02-25T00:00:00Z,FALSE,-1
6050,9,23,1,799.69,2011-02-25T00:00:00Z,FALSE,-1
6051,22,62,1,692.53,2011-02-25T00:00:00Z,FALSE,-1
6052,80,69,1,916.59,2011-02-25T00:00:00Z,FALSE,-1
6053,16,83,1,553.23,2011-02-25T00:00:00Z,FALSE,-1
6054,98,40,3,358.81,2011-02-25T00:00:00Z,FALSE,-1
6055,69,17,3,694.66,2011-02-25T00:00:00Z,FALSE,-1
6056,67,43,3,550.06,2011-02-25T00:00:00Z,FALSE,-1
6057,97,76,2,597.13,2011-02-25T00:00:00Z,FALSE,-1
6058,74,41,1,465.91,2011-02-25T00:00:00Z,FALSE,-1
6059,62,5,3,328.01,2011-02-26T00:00:00Z,FALSE,-1
6060,99,11,3,567.45,2011-02-26T00:00:00Z,FALSE,-1
6061,19,97,3,161.57,2011-02-26T00:00:00Z,FALSE,-1
6062,91,80,2,769.29,2011-02-26T00:00:00Z,FALSE,-1
6063,0,27,3,694.24,2011-02-26T00:00:00Z,FALSE,-1
6064,49,31,1,135.55,2011-02-26T00:00:00Z,FALSE,-1
6065,11,26,3,914.69,2011-02-26T00:00:00Z,FALSE,-1
6066,18,91,1,703.34,2011-02-26T00:00:00Z,FALSE,-1
6067,90,53,1,478.66,2011-02-26T00:00:00Z,FALSE,-1
6068,13,95,3,665.33,2011-02-26T00:00:00Z,FALSE,-1
6069,80,39,3,329.65,2011-02-26T00:00:00Z,FALSE,-1
6070,53,32,2,941.82,2011-02-26T00:00:00Z,FALSE,-1
6071,92,62,2,582.61,2011-02-26T00:00:00Z,FALSE,-1
6072,87,45,4,155.51,2011-02-26T00:00:00Z,FALSE,-1
6073,12,57,3,560.83,2011-02-26T00:00:00Z,FALSE,-1
6074,86,44,2,998.79,2011-02-26T00:00:00Z,FALSE,-1
6075,3,47,1,439.52,2011-02-27T00:00:00Z,FALSE,-1
6076,20,92,1,727.9,2011-02-27T00:00:00Z,FALSE,-1
6077,4,24,3,633.53,2011-02-27T00:00:00Z,FALSE,-1
6078,6,25,4,229.79,2011-02-27T00:00:00Z,FALSE,-1
6079,77,29,3,247.84,2011-02-27T00:00:00Z,FALSE,-1
6080,95,38,1,278.22,2011-02-27T00:00:00Z,FALSE,-1
6081,56,20,3,604.85,2011-02-27T00:00:00Z,FALSE,-1
6082,10,41,3,964.02,2011-02-27T00:00:00Z,FALSE,-1
6083,55,0,1,787.82,2011-02-27T00:00:00Z,FALSE,-1
6084,94,58,1,311.35,2011-02-27T00:00:00Z,FALSE,-1
6085,17,70,1,824.43,2011-02-27T00:00:00Z,FALSE,-1
6086,82,47,3,199.95,2011-02-27T00:00:00Z,FALSE,-1
6087,89,86,3,180.7,2011-02-27T00:00:00Z,FALSE,-1
6088,93,34,3,592.45,2011-02-28T00:00:00Z,FALSE,-1
6089,59,7,1,751.69,2011-02-28T00:00:00Z,FALSE,-1
6090,83,33,1,646.36,2011-02-28T00:00:00Z,FALSE,-1
6091,76,44,3,943.14,2011-02-28T00:00:00Z,FALSE,-1
6092,71,29,3,681.9,2011-02-28T00:00:00Z,FALSE,-1
6093,79,91,3,935.31,2011-02-28T00:00:00Z,FALSE,-1
6094,67,49,1,960.13,2011-03-01T00:00:00Z,FALSE,-1
6095,74,11,2,775.42,2011-03-01T00:00:00Z,FALSE,-1
6096,11,74,2,906.53,2011-03-01T00:00:00Z,FALSE,-1
6097,73,3,1,567.86,2011-03-01T00:00:00Z,FALSE,-1
6098,52,35,1,914.86,2011-03-01T00:00:00Z,FALSE,-1
6099,66,7,3,157.76,2011-03-01T00:00:00Z,FALSE,-1
6100,89,37,2,772.26,2011-03-01T00:00:00Z,FALSE,-1
6101,15,64,1,732.34,2011-03-01T00:00:00Z,FALSE,-1
6102,77,42,2,660.19,2011-03-01T00:00:00Z,FALSE,-1
6103,77,29,3,656.78,2011-03-01T00:00:00Z,FALSE,-1
6104,2,58,3,1014.6,2011-03-01T00:00:00Z,FALSE,-1
6105,72,39,2,385.04,2011-03-01T00:00:00Z,FALSE,-1
6106,63,33,2,910.97,2011-03-01T00:00:00Z,FALSE,-1
6107,86,93,1,201.48,2011-03-01T00:00:00Z,FALSE,-1
6108,45,28,2,266.92,2011-03-01T00:00:00Z,FALSE,-1
6109,94,33,2,995.93,2011-03-01T00:00:00Z,FALSE,-1
6110,50,2,2,759.82,2011-03-01T00:00:00Z,FALSE,-1
6111,81,32,1,676.01,2011-03-01T00:00:00Z,FALSE,-1
6112,94,30,2,302.83,2011-03-01T00:00:00Z,FALSE,-1
6113,8,61,1,402.01,2011-03-01T00:00:00Z,FALSE,-1
6114,60,17,1,447.4,2011-03-01T00:00:00Z,FALSE,-1
6115,54,28,3,510.22,2011-03-02T00:00:00Z,FALSE,-1
6116,1,61,1,837.04,2011-03-02T00:00:00Z,FALSE,-1
6117,84,76,3,969.59,2011-03-02T00:00:00Z,FALSE,-1
6118,95,46,1,199.64,2011-03-02T00:00:00Z,FALSE,-1
6119,51,30,3,180.23,2011-03-02T00:00:00Z,FALSE,-1
6120,83,32,3,322.65,2011-03-02T00:00:00Z,FALSE,-1
6121,67,35,1,422.55,2011-03-02T00:00:00Z,FALSE,-1
6122,58,2,1,789,2011-03-02T00:00:00Z,FALSE,-1
6123,14,20,1,433.5,2011-03-02T00:00:00Z,FALSE,-1
6124,57,8,1,274.66,2011-03-02T00:00:00Z,FALSE,-1
6125,65,24,3,548.65,2011-03-02T00:00:00Z,FALSE,-1
6126,75,98,2,565.73,2011-03-02T00:00:00Z,FALSE,-1
6127,0,27,3,695.51,2011-03-02T00:00:00Z,FALSE,-1
6128,6,25,4,928.79,2011-03-02T00:00:00Z,FALSE,-1
6129,5,62,2,564.57,2011-03-02T00:00:00Z,FALSE,-1
6130,88,57,3,376.02,2011-03-02T00:00:00Z,FALSE,-1
6131,82,99,1,801.21,2011-03-03T00:00:00Z,FALSE,-1
6132,70,9,3,378.06,2011-03-03T00:00:00Z,FALSE,-1
6133,93,36,1,368.76,2011-03-03T00:00:00Z,FALSE,-1
6134,7,66,1,578.7,2011-03-03T00:00:00Z,FALSE,-1
6135,24,26,1,332.38,2011-03-03T00:00:00Z,FALSE,-1
6136,96,94,3,909.31,2011-03-03T00:00:00Z,FALSE,-1
6137,82,40,1,210.96,2011-03-03T00:00:00Z,FALSE,-1
6138,64,15,1,936.02,2011-03-03T00:00:00Z,FALSE,-1
6139,94,48,3,974.31,2011-03-03T00:00:00Z,FALSE,-1
6140,85,95,3,897.69,2011-03-03T00:00:00Z,FALSE,-1
6141,95,69,1,285.27,2011-03-03T00:00:00Z,FALSE,-1
6142,93,49,3,300.01,2011-03-03T00:00:00Z,FALSE,-1
6143,78,45,1,363.42,2011-03-03T00:00:00Z,FALSE,-1
6144,61,1,1,362.48,2011-03-03T00:00:00Z,FALSE,-1
6145,21,44,1,175.33,2011-03-03T00:00:00Z,FALSE,-1
6146,68,34,1,399.95,2011-03-03T00:00:00Z,FALSE,-1
6147,23,20,3,504.26,2011-03-03T00:00:00Z,FALSE,-1
6148,78,62,1,235.16,2011-03-03T00:00:00Z,FALSE,-1
6149,69,17,3,246.15,2011-03-04T00:00:00Z,FALSE,-1
6150,97,56,1,854.31,2011-03-04T00:00:00Z,FALSE,-1
6151,98,41,1,532.7,2011-03-04T00:00:00Z,FALSE,-1
6152,52,35,3,796.36,2011-03-04T00:00:00Z,FALSE,-1
6153,98,78,1,900.64,2011-03-04T00:00:00Z,FALSE,-1
6154,9,70,3,843.69,2011-03-04T00:00:00Z,FALSE,-1
6155,80,78,2,139.85,2011-03-04T00:00:00Z,FALSE,-1
6156,16,98,3,777.45,2011-03-04T00:00:00Z,FALSE,-1
6157,22,56,2,814.14,2011-03-04T00:00:00Z,FALSE,-1
6158,68,43,1,275.42,2011-03-04T00:00:00Z,FALSE,-1
6159,87,89,4,199.12,2011-03-05T00:00:00Z,FALSE,-1
6160,19,28,1,103.15,2011-03-05T00:00:00Z,FALSE,-1
6161,92,65,1,504.46,2011-03-05T00:00:00Z,FALSE,-1
6162,12,6,2,144.18,2011-03-05T00:00:00Z,FALSE,-1
6163,32,27,3,962.83,2011-03-05T00:00:00Z,FALSE,-1
6164,62,5,3,324.96,2011-03-05T00:00:00Z,FALSE,-1
6165,90,6,2,745.64,2011-03-05T00:00:00Z,FALSE,-1
6166,99,53,2,715.45,2011-03-05T00:00:00Z,FALSE,-1
6167,13,26,3,974.09,2011-03-05T00:00:00Z,FALSE,-1
6168,18,99,3,282.25,2011-03-05T00:00:00Z,FALSE,-1
6169,54,31,1,607.37,2011-03-05T00:00:00Z,FALSE,-1
6170,91,37,2,836.92,2011-03-05T00:00:00Z,FALSE,-1
6171,90,39,1,516.65,2011-03-05T00:00:00Z,FALSE,-1
6172,53,32,3,619.72,2011-03-05T00:00:00Z,FALSE,-1
6173,13,34,1,268.23,2011-03-05T00:00:00Z,FALSE,-1
6174,88,44,3,876.27,2011-03-05T00:00:00Z,FALSE,-1
6175,96,38,3,451.5,2011-03-06T00:00:00Z,FALSE,-1
6176,4,92,2,572.1,2011-03-06T00:00:00Z,FALSE,-1
6177,56,20,4,242.51,2011-03-06T00:00:00Z,FALSE,-1
6178,89,96,1,319.21,2011-03-06T00:00:00Z,FALSE,-1
6179,85,47,4,962.62,2011-03-06T00:00:00Z,FALSE,-1
6180,20,64,1,270.78,2011-03-06T00:00:00Z,FALSE,-1
6181,77,82,2,643.19,2011-03-06T00:00:00Z,FALSE,-1
6182,10,91,1,653.16,2011-03-06T00:00:00Z,FALSE,-1
6183,56,25,4,711.51,2011-03-06T00:00:00Z,FALSE,-1
6184,17,77,1,451.6,2011-03-06T00:00:00Z,FALSE,-1
6185,94,34,2,135.8,2011-03-06T00:00:00Z,FALSE,-1
6186,55,0,1,772.25,2011-03-06T00:00:00Z,FALSE,-1
6187,3,87,3,979.76,2011-03-06T00:00:00Z,FALSE,-1
6188,76,51,3,647.27,2011-03-07T00:00:00Z,FALSE,-1
6189,83,38,1,206.71,2011-03-07T00:00:00Z,FALSE,-1
6190,79,82,3,275.98,2011-03-07T00:00:00Z,FALSE,-1
6191,71,29,3,878.2,2011-03-07T00:00:00Z,FALSE,-1
6192,94,34,2,519.38,2011-03-07T00:00:00Z,FALSE,-1
6193,59,7,2,506.45,2011-03-07T00:00:00Z,FALSE,-1
6194,66,7,3,642.39,2011-03-08T00:00:00Z,FALSE,-1
6195,96,29,2,750.66,2011-03-08T00:00:00Z,FALSE,-1
6196,98,33,3,372.39,2011-03-08T00:00:00Z,FALSE,-1
6197,50,2,1,144.35,2011-03-08T00:00:00Z,FALSE,-1
6198,86,82,3,251.17,2011-03-08T00:00:00Z,FALSE,-1
6199,47,28,1,742.05,2011-03-08T00:00:00Z,FALSE,-1
6200,98,30,1,337.06,2011-03-08T00:00:00Z,FALSE,-1
6201,63,33,2,574.39,2011-03-08T00:00:00Z,FALSE,-1
6202,86,49,1,195.74,2011-03-08T00:00:00Z,FALSE,-1
6203,52,35,3,856.02,2011-03-08T00:00:00Z,FALSE,-1
6204,8,73,1,157.25,2011-03-08T00:00:00Z,FALSE,-1
6205,81,76,2,434.85,2011-03-08T00:00:00Z,FALSE,-1
6206,73,3,3,609.74,2011-03-08T00:00:00Z,FALSE,-1
6207,2,50,3,352.12,2011-03-08T00:00:00Z,FALSE,-1
6208,91,37,2,900.03,2011-03-08T00:00:00Z,FALSE,-1
6209,72,39,2,711.29,2011-03-08T00:00:00Z,FALSE,-1
6210,11,86,3,252.41,2011-03-08T00:00:00Z,FALSE,-1
6211,60,17,3,623.25,2011-03-08T00:00:00Z,FALSE,-1
6212,15,32,2,641.5,2011-03-08T00:00:00Z,FALSE,-1
6213,74,11,3,786.06,2011-03-08T00:00:00Z,FALSE,-1
6214,89,42,1,846.59,2011-03-08T00:00:00Z,FALSE,-1
6215,97,46,1,168.86,2011-03-09T00:00:00Z,FALSE,-1
6216,99,32,1,634.09,2011-03-09T00:00:00Z,FALSE,-1
6217,67,35,3,593.83,2011-03-09T00:00:00Z,FALSE,-1
6218,51,30,3,529.18,2011-03-09T00:00:00Z,FALSE,-1
6219,1,49,3,119.75,2011-03-09T00:00:00Z,FALSE,-1
6220,65,24,2,484.89,2011-03-09T00:00:00Z,FALSE,-1
6221,75,78,2,642.22,2011-03-09T00:00:00Z,FALSE,-1
6222,6,93,2,872.07,2011-03-09T00:00:00Z,FALSE,-1
6223,5,87,3,919.85,2011-03-09T00:00:00Z,FALSE,-1
6224,14,30,1,556.1,2011-03-09T00:00:00Z,FALSE,-1
6225,84,98,3,314.17,2011-03-09T00:00:00Z,FALSE,-1
6226,58,2,1,677.22,2011-03-09T00:00:00Z,FALSE,-1
6227,88,44,3,227.36,2011-03-09T00:00:00Z,FALSE,-1
6228,57,8,1,770.69,2011-03-09T00:00:00Z,FALSE,-1
6229,0,55,3,593.18,2011-03-09T00:00:00Z,FALSE,-1
6230,54,28,1,190.31,2011-03-09T00:00:00Z,FALSE,-1
6231,23,98,1,139.34,2011-03-10T00:00:00Z,FALSE,-1
6232,96,99,2,675.25,2011-03-10T00:00:00Z,FALSE,-1
6233,87,45,4,578.05,2011-03-10T00:00:00Z,FALSE,-1
6234,24,90,2,303.23,2011-03-10T00:00:00Z,FALSE,-1
6235,93,86,3,644.5,2011-03-10T00:00:00Z,FALSE,-1
6236,97,36,1,949.62,2011-03-10T00:00:00Z,FALSE,-1
6237,7,79,1,267.53,2011-03-10T00:00:00Z,FALSE,-1
6238,64,15,1,346.39,2011-03-10T00:00:00Z,FALSE,-1
6239,21,99,2,151.95,2011-03-10T00:00:00Z,FALSE,-1
6240,95,46,1,930.34,2011-03-10T00:00:00Z,FALSE,-1
6241,68,34,3,650.08,2011-03-10T00:00:00Z,FALSE,-1
6242,70,9,3,313.4,2011-03-10T00:00:00Z,FALSE,-1
6243,78,45,1,894.32,2011-03-10T00:00:00Z,FALSE,-1
6244,82,97,2,566.72,2011-03-10T00:00:00Z,FALSE,-1
6245,97,48,3,355.48,2011-03-10T00:00:00Z,FALSE,-1
6246,94,40,1,512.81,2011-03-10T00:00:00Z,FALSE,-1
6247,61,1,1,943.32,2011-03-10T00:00:00Z,FALSE,-1
6248,85,47,4,426.49,2011-03-10T00:00:00Z,FALSE,-1
6249,97,46,1,795.68,2011-03-11T00:00:00Z,FALSE,-1
6250,16,61,2,339.07,2011-03-11T00:00:00Z,FALSE,-1
6251,67,35,3,454.33,2011-03-11T00:00:00Z,FALSE,-1
6252,80,67,3,981.78,2011-03-11T00:00:00Z,FALSE,-1
6253,98,53,3,454.4,2011-03-11T00:00:00Z,FALSE,-1
6254,9,77,1,310.02,2011-03-11T00:00:00Z,FALSE,-1
6255,99,41,1,724.97,2011-03-11T00:00:00Z,FALSE,-1
6256,69,17,2,726.32,2011-03-11T00:00:00Z,FALSE,-1
6257,95,43,1,258.81,2011-03-11T00:00:00Z,FALSE,-1
6258,22,92,2,1000.48,2011-03-11T00:00:00Z,FALSE,-1
6259,94,44,1,819.38,2011-03-12T00:00:00Z,FALSE,-1
6260,87,71,3,263.77,2011-03-12T00:00:00Z,FALSE,-1
6261,18,46,2,123.99,2011-03-12T00:00:00Z,FALSE,-1
6262,58,31,1,790.75,2011-03-12T00:00:00Z,FALSE,-1
6263,90,76,2,352.79,2011-03-12T00:00:00Z,FALSE,-1
6264,92,64,3,197.03,2011-03-12T00:00:00Z,FALSE,-1
6265,62,5,3,105.7,2011-03-12T00:00:00Z,FALSE,-1
6266,91,67,3,724.36,2011-03-12T00:00:00Z,FALSE,-1
6267,19,85,3,317.72,2011-03-12T00:00:00Z,FALSE,-1
6268,12,5,3,886.63,2011-03-12T00:00:00Z,FALSE,-1
6269,92,39,1,994.75,2011-03-12T00:00:00Z,FALSE,-1
6270,24,26,1,868,2011-03-12T00:00:00Z,FALSE,-1
6271,13,77,1,382.18,2011-03-12T00:00:00Z,FALSE,-1
6272,99,88,3,922.34,2011-03-12T00:00:00Z,FALSE,-1
6273,53,32,3,727.12,2011-03-12T00:00:00Z,FALSE,-1
6274,44,27,2,917.59,2011-03-12T00:00:00Z,FALSE,-1
6275,55,0,1,931.72,2011-03-13T00:00:00Z,FALSE,-1
6276,77,95,4,574.79,2011-03-13T00:00:00Z,FALSE,-1
6277,89,51,1,726.33,2011-03-13T00:00:00Z,FALSE,-1
6278,20,56,2,912.72,2011-03-13T00:00:00Z,FALSE,-1
6279,94,13,2,138.27,2011-03-13T00:00:00Z,FALSE,-1
6280,3,73,3,737.39,2011-03-13T00:00:00Z,FALSE,-1
6281,56,20,4,950.03,2011-03-13T00:00:00Z,FALSE,-1
6282,4,89,1,183.63,2011-03-13T00:00:00Z,FALSE,-1
6283,75,25,1,322.27,2011-03-13T00:00:00Z,FALSE,-1
6284,97,47,1,987.12,2011-03-13T00:00:00Z,FALSE,-1
6285,98,38,3,494.88,2011-03-13T00:00:00Z,FALSE,-1
6286,10,93,2,142.22,2011-03-13T00:00:00Z,FALSE,-1
6287,17,60,1,236.28,2011-03-13T00:00:00Z,FALSE,-1
6288,83,90,1,705.34,2011-03-14T00:00:00Z,FALSE,-1
6289,68,34,1,831.31,2011-03-14T00:00:00Z,FALSE,-1
6290,76,32,3,593.7,2011-03-14T00:00:00Z,FALSE,-1
6291,79,96,4,170.99,2011-03-14T00:00:00Z,FALSE,-1
6292,59,7,3,608.41,2011-03-14T00:00:00Z,FALSE,-1
6293,71,29,3,901.86,2011-03-14T00:00:00Z,FALSE,-1
6294,63,33,3,498.07,2011-03-15T00:00:00Z,FALSE,-1
6295,95,37,3,130.82,2011-03-15T00:00:00Z,FALSE,-1
6296,73,3,1,378.22,2011-03-15T00:00:00Z,FALSE,-1
6297,50,2,3,226.05,2011-03-15T00:00:00Z,FALSE,-1
6298,93,49,3,562.23,2011-03-15T00:00:00Z,FALSE,-1
6299,95,42,3,973.09,2011-03-15T00:00:00Z,FALSE,-1
6300,71,29,3,564.87,2011-03-15T00:00:00Z,FALSE,-1
6301,60,17,1,118.18,2011-03-15T00:00:00Z,FALSE,-1
6302,81,68,3,663.27,2011-03-15T00:00:00Z,FALSE,-1
6303,58,28,3,993.82,2011-03-15T00:00:00Z,FALSE,-1
6304,52,35,3,567.11,2011-03-15T00:00:00Z,FALSE,-1
6305,8,57,3,454.78,2011-03-15T00:00:00Z,FALSE,-1
6306,72,39,2,567.31,2011-03-15T00:00:00Z,FALSE,-1
6307,51,30,2,365.48,2011-03-15T00:00:00Z,FALSE,-1
6308,66,7,1,229.11,2011-03-15T00:00:00Z,FALSE,-1
6309,86,94,1,792.92,2011-03-15T00:00:00Z,FALSE,-1
6310,11,26,3,908.42,2011-03-15T00:00:00Z,FALSE,-1
6311,63,33,1,837.58,2011-03-15T00:00:00Z,FALSE,-1
6312,15,47,1,432.11,2011-03-15T00:00:00Z,FALSE,-1
6313,74,11,1,380.14,2011-03-15T00:00:00Z,FALSE,-1
6314,2,86,2,1075.8,2011-03-15T00:00:00Z,FALSE,-1
6315,75,11,1,456.17,2011-03-16T00:00:00Z,FALSE,-1
6316,14,16,4,403.64,2011-03-16T00:00:00Z,FALSE,-1
6317,65,24,2,416.58,2011-03-16T00:00:00Z,FALSE,-1
6318,53,32,3,544.46,2011-03-16T00:00:00Z,FALSE,-1
6319,67,35,1,938.53,2011-03-16T00:00:00Z,FALSE,-1
6320,6,30,1,641.41,2011-03-16T00:00:00Z,FALSE,-1
6321,57,8,1,466.26,2011-03-16T00:00:00Z,FALSE,-1
6322,54,28,3,674.78,2011-03-16T00:00:00Z,FALSE,-1
6323,99,46,1,726.53,2011-03-16T00:00:00Z,FALSE,-1
6324,5,33,2,235.01,2011-03-16T00:00:00Z,FALSE,-1
6325,0,27,3,643.34,2011-03-16T00:00:00Z,FALSE,-1
6326,1,97,3,838.6,2011-03-16T00:00:00Z,FALSE,-1
6327,58,2,1,825.65,2011-03-16T00:00:00Z,FALSE,-1
6328,84,78,1,790.98,2011-03-16T00:00:00Z,FALSE,-1
6329,88,37,2,756.97,2011-03-16T00:00:00Z,FALSE,-1
6330,51,30,2,857.45,2011-03-16T00:00:00Z,FALSE,-1
6331,21,81,1,281.85,2011-03-17T00:00:00Z,FALSE,-1
6332,70,9,3,540.58,2011-03-17T00:00:00Z,FALSE,-1
6333,24,65,1,462.95,2011-03-17T00:00:00Z,FALSE,-1
6334,23,50,3,737.63,2011-03-17T00:00:00Z,FALSE,-1
6335,64,15,1,894.92,2011-03-17T00:00:00Z,FALSE,-1
6336,7,22,2,782.51,2011-03-17T00:00:00Z,FALSE,-1
6337,82,8,3,458.8,2011-03-17T00:00:00Z,FALSE,-1
6338,98,40,3,637.34,2011-03-17T00:00:00Z,FALSE,-1
6339,61,1,1,347.95,2011-03-17T00:00:00Z,FALSE,-1
6340,91,45,1,591.91,2011-03-17T00:00:00Z,FALSE,-1
6341,93,97,3,299.71,2011-03-17T00:00:00Z,FALSE,-1
6342,99,48,2,914.27,2011-03-17T00:00:00Z,FALSE,-1
6343,78,83,3,475.51,2011-03-17T00:00:00Z,FALSE,-1
6344,68,34,3,866.58,2011-03-17T00:00:00Z,FALSE,-1
6345,96,14,3,249.17,2011-03-17T00:00:00Z,FALSE,-1
6346,85,66,1,411.77,2011-03-17T00:00:00Z,FALSE,-1
6347,98,36,2,234.92,2011-03-17T00:00:00Z,FALSE,-1
6348,81,95,1,201.63,2011-03-17T00:00:00Z,TRUE,2
6349,95,55,3,535.45,2011-03-17T00:00:00Z,FALSE,-1
6350,28,35,3,191.92,2011-03-18T00:00:00Z,FALSE,-1
6351,98,67,3,507.88,2011-03-18T00:00:00Z,FALSE,-1
6352,9,38,3,125.79,2011-03-18T00:00:00Z,FALSE,-1
6353,33,43,1,742.66,2011-03-18T00:00:00Z,FALSE,-1
6354,16,50,3,784.21,2011-03-18T00:00:00Z,FALSE,-1
6355,80,19,1,822.05,2011-03-18T00:00:00Z,FALSE,-1
6356,10,41,3,181.96,2011-03-18T00:00:00Z,FALSE,-1
6357,22,99,1,258.17,2011-03-18T00:00:00Z,FALSE,-1
6358,69,17,3,354.34,2011-03-18T00:00:00Z,FALSE,-1
6359,97,93,3,219.84,2011-03-18T00:00:00Z,FALSE,-1
6360,45,27,3,711.01,2011-03-19T00:00:00Z,FALSE,-1
6361,91,99,3,489.19,2011-03-19T00:00:00Z,FALSE,-1
6362,18,96,1,679.41,2011-03-19T00:00:00Z,FALSE,-1
6363,12,97,1,549.59,2011-03-19T00:00:00Z,FALSE,-1
6364,36,26,1,434.59,2011-03-19T00:00:00Z,FALSE,-1
6365,16,44,3,101.53,2011-03-19T00:00:00Z,FALSE,-1
6366,99,46,1,579.3,2011-03-19T00:00:00Z,FALSE,-1
6367,87,70,1,681.17,2011-03-19T00:00:00Z,FALSE,-1
6368,62,5,3,773.01,2011-03-19T00:00:00Z,FALSE,-1
6369,63,31,3,700.15,2011-03-19T00:00:00Z,FALSE,-1
6370,53,32,3,424.47,2011-03-19T00:00:00Z,FALSE,-1
6371,19,7,3,515.33,2011-03-19T00:00:00Z,FALSE,-1
6372,13,26,3,263.93,2011-03-19T00:00:00Z,FALSE,-1
6373,90,87,2,115.19,2011-03-19T00:00:00Z,FALSE,-1
6374,29,39,1,380.69,2011-03-19T00:00:00Z,FALSE,-1
6375,92,98,1,759.76,2011-03-19T00:00:00Z,FALSE,-1
6376,20,55,1,958.08,2011-03-20T00:00:00Z,FALSE,-1
6377,10,78,3,611.15,2011-03-20T00:00:00Z,FALSE,-1
6378,4,24,3,828.79,2011-03-20T00:00:00Z,FALSE,-1
6379,81,25,3,593.15,2011-03-20T00:00:00Z,FALSE,-1
6380,9,38,3,794.78,2011-03-20T00:00:00Z,FALSE,-1
6381,56,20,4,987.6,2011-03-20T00:00:00Z,FALSE,-1
6382,55,0,1,581.54,2011-03-20T00:00:00Z,FALSE,-1
6383,77,42,2,560.72,2011-03-20T00:00:00Z,FALSE,-1
6384,94,96,2,872.83,2011-03-20T00:00:00Z,FALSE,-1
6385,98,47,1,647.49,2011-03-20T00:00:00Z,FALSE,-1
6386,3,47,1,97.76,2011-03-20T00:00:00Z,FALSE,-1
6387,89,42,1,642.37,2011-03-20T00:00:00Z,FALSE,-1
6388,17,69,3,279.54,2011-03-20T00:00:00Z,FALSE,-1
6389,13,34,1,289.2,2011-03-21T00:00:00Z,FALSE,-1
6390,83,97,2,104.3,2011-03-21T00:00:00Z,FALSE,-1
6391,71,29,1,349.6,2011-03-21T00:00:00Z,FALSE,-1
6392,79,74,2,375.64,2011-03-21T00:00:00Z,FALSE,-1
6393,76,61,1,928.25,2011-03-21T00:00:00Z,FALSE,-1
6394,59,7,3,605.89,2011-03-21T00:00:00Z,FALSE,-1
6395,60,17,3,574.23,2011-03-22T00:00:00Z,FALSE,-1
6396,6,30,1,709.43,2011-03-22T00:00:00Z,FALSE,-1
6397,17,42,1,681.46,2011-03-22T00:00:00Z,FALSE,-1
6398,63,33,1,817.83,2011-03-22T00:00:00Z,FALSE,-1
6399,15,22,3,270.56,2011-03-22T00:00:00Z,FALSE,-1
6400,2,58,3,875.59,2011-03-22T00:00:00Z,FALSE,-1
6401,20,29,3,495.81,2011-03-22T00:00:00Z,FALSE,-1
6402,79,28,3,723.49,2011-03-22T00:00:00Z,FALSE,-1
6403,50,2,2,521.17,2011-03-22T00:00:00Z,FALSE,-1
6404,94,49,2,566.71,2011-03-22T00:00:00Z,FALSE,-1
6405,73,3,4,713.82,2011-03-22T00:00:00Z,FALSE,-1
6406,52,35,1,555.9,2011-03-22T00:00:00Z,FALSE,-1
6407,86,56,2,149.37,2011-03-22T00:00:00Z,FALSE,-1
6408,81,50,3,152.2,2011-03-22T00:00:00Z,FALSE,-1
6409,11,98,2,202.91,2011-03-22T00:00:00Z,FALSE,-1
6410,5,33,2,736.36,2011-03-22T00:00:00Z,FALSE,-1
6411,8,66,3,282.73,2011-03-22T00:00:00Z,FALSE,-1
6412,66,7,2,887.47,2011-03-22T00:00:00Z,FALSE,-1
6413,74,11,1,905.27,2011-03-22T00:00:00Z,FALSE,-1
6414,23,37,1,102.97,2011-03-22T00:00:00Z,FALSE,-1
6415,72,39,2,364.76,2011-03-22T00:00:00Z,FALSE,-1
6416,5,62,2,381.36,2011-03-23T00:00:00Z,FALSE,-1
6417,67,35,3,743.99,2011-03-23T00:00:00Z,FALSE,-1
6418,0,55,3,120.8,2011-03-23T00:00:00Z,FALSE,-1
6419,6,94,3,962.93,2011-03-23T00:00:00Z,FALSE,-1
6420,11,46,4,510.9,2011-03-23T00:00:00Z,FALSE,-1
6421,84,70,2,777.78,2011-03-23T00:00:00Z,FALSE,-1
6422,65,24,3,516.57,2011-03-23T00:00:00Z,FALSE,-1
6423,51,30,3,593.44,2011-03-23T00:00:00Z,FALSE,-1
6424,54,28,1,303.07,2011-03-23T00:00:00Z,FALSE,-1
6425,88,79,1,567.13,2011-03-23T00:00:00Z,FALSE,-1
6426,15,32,2,664.06,2011-03-23T00:00:00Z,FALSE,-1
6427,57,8,3,880.35,2011-03-23T00:00:00Z,FALSE,-1
6428,1,61,1,819.51,2011-03-23T00:00:00Z,FALSE,-1
6429,58,2,1,247.49,2011-03-23T00:00:00Z,FALSE,-1
6430,75,96,3,491.53,2011-03-23T00:00:00Z,FALSE,-1
6431,14,55,3,898.57,2011-03-23T00:00:00Z,FALSE,-1
6432,24,91,2,581.35,2011-03-24T00:00:00Z,FALSE,-1
6433,30,36,1,322.86,2011-03-24T00:00:00Z,FALSE,-1
6434,96,88,3,352.55,2011-03-24T00:00:00Z,FALSE,-1
6435,78,77,1,103.12,2011-03-24T00:00:00Z,FALSE,-1
6436,95,38,1,355.64,2011-03-24T00:00:00Z,FALSE,-1
6437,21,92,3,633.62,2011-03-24T00:00:00Z,FALSE,-1
6438,70,9,1,533.67,2011-03-24T00:00:00Z,FALSE,-1
6439,93,91,4,208.26,2011-03-24T00:00:00Z,FALSE,-1
6440,14,48,2,170.69,2011-03-24T00:00:00Z,FALSE,-1
6441,64,15,1,197.62,2011-03-24T00:00:00Z,FALSE,-1
6442,61,1,3,499.82,2011-03-24T00:00:00Z,FALSE,-1
6443,7,59,3,909.23,2011-03-24T00:00:00Z,FALSE,-1
6444,82,47,3,327.29,2011-03-24T00:00:00Z,FALSE,-1
6445,68,34,3,851.43,2011-03-24T00:00:00Z,FALSE,-1
6446,21,40,2,183.7,2011-03-24T00:00:00Z,FALSE,-1
6447,85,80,2,286.09,2011-03-24T00:00:00Z,FALSE,-1
6448,23,17,2,144.2,2011-03-24T00:00:00Z,FALSE,-1
6449,38,45,1,123.89,2011-03-24T00:00:00Z,FALSE,-1
6450,69,17,1,284.4,2011-03-25T00:00:00Z,FALSE,-1
6451,98,83,1,211.34,2011-03-25T00:00:00Z,FALSE,-1
6452,42,41,2,330.41,2011-03-25T00:00:00Z,FALSE,-1
6453,44,43,3,158.45,2011-03-25T00:00:00Z,FALSE,-1
6454,97,10,1,278.55,2011-03-25T00:00:00Z,FALSE,-1
6455,22,74,1,818.37,2011-03-25T00:00:00Z,FALSE,-1
6456,80,8,3,960.17,2011-03-25T00:00:00Z,FALSE,-1
6457,39,35,1,129.27,2011-03-25T00:00:00Z,FALSE,-1
6458,16,44,3,693.43,2011-03-25T00:00:00Z,FALSE,-1
6459,9,23,1,904.53,2011-03-25T00:00:00Z,FALSE,-1
6460,93,27,2,414.97,2011-03-26T00:00:00Z,FALSE,-1
6461,18,91,1,157.7,2011-03-26T00:00:00Z,FALSE,-1
6462,19,99,1,644.03,2011-03-26T00:00:00Z,FALSE,-1
6463,91,62,1,906.96,2011-03-26T00:00:00Z,FALSE,-1
6464,62,5,3,328.92,2011-03-26T00:00:00Z,FALSE,-1
6465,55,39,1,948.6,2011-03-26T00:00:00Z,FALSE,-1
6466,99,89,1,804.73,2011-03-26T00:00:00Z,FALSE,-1
6467,92,30,3,814.13,2011-03-26T00:00:00Z,FALSE,-1
6468,12,11,3,621.89,2011-03-26T00:00:00Z,FALSE,-1
6469,87,31,3,647.25,2011-03-26T00:00:00Z,FALSE,-1
6470,90,96,2,529.6,2011-03-26T00:00:00Z,FALSE,-1
6471,13,97,3,637.28,2011-03-26T00:00:00Z,FALSE,-1
6472,87,35,2,265.22,2011-03-26T00:00:00Z,FALSE,-1
6473,62,26,3,593.96,2011-03-26T00:00:00Z,FALSE,-1
6474,21,44,1,724.89,2011-03-26T00:00:00Z,FALSE,-1
6475,53,32,2,781.48,2011-03-26T00:00:00Z,FALSE,-1
6476,77,52,3,229.72,2011-03-27T00:00:00Z,FALSE,-1
6477,46,38,1,305.8,2011-03-27T00:00:00Z,FALSE,-1
6478,3,87,3,934.26,2011-03-27T00:00:00Z,FALSE,-1
6479,89,90,3,137.55,2011-03-27T00:00:00Z,FALSE,-1
6480,94,53,3,797.22,2011-03-27T00:00:00Z,FALSE,-1
6481,3,47,1,550.73,2011-03-27T00:00:00Z,FALSE,-1
6482,55,0,1,367.47,2011-03-27T00:00:00Z,FALSE,-1
6483,4,92,2,258.73,2011-03-27T00:00:00Z,FALSE,-1
6484,17,42,1,647.03,2011-03-27T00:00:00Z,FALSE,-1
6485,94,25,1,217.09,2011-03-27T00:00:00Z,FALSE,-1
6486,56,20,1,236.33,2011-03-27T00:00:00Z,FALSE,-1
6487,10,70,3,939.43,2011-03-27T00:00:00Z,FALSE,-1
6488,20,29,3,354.8,2011-03-27T00:00:00Z,FALSE,-1
6489,83,95,1,568.36,2011-03-28T00:00:00Z,FALSE,-1
6490,59,7,2,673.45,2011-03-28T00:00:00Z,FALSE,-1
6491,71,29,2,698.09,2011-03-28T00:00:00Z,FALSE,-1
6492,29,34,1,233.71,2011-03-28T00:00:00Z,FALSE,-1
6493,76,80,2,964.84,2011-03-28T00:00:00Z,FALSE,-1
6494,79,95,1,888.87,2011-03-28T00:00:00Z,FALSE,-1
6495,52,35,3,372.69,2011-03-29T00:00:00Z,FALSE,-1
6496,41,42,1,667.94,2011-03-29T00:00:00Z,FALSE,-1
6497,40,37,3,126.62,2011-03-29T00:00:00Z,FALSE,-1
6498,14,30,1,883.01,2011-03-29T00:00:00Z,FALSE,-1
6499,73,3,3,582.22,2011-03-29T00:00:00Z,FALSE,-1
6500,63,33,1,434.2,2011-03-29T00:00:00Z,FALSE,-1
6501,2,50,3,586.81,2011-03-29T00:00:00Z,FALSE,-1
6502,44,33,1,918.72,2011-03-29T00:00:00Z,FALSE,-1
6503,66,7,3,319.72,2011-03-29T00:00:00Z,FALSE,-1
6504,50,2,1,292.41,2011-03-29T00:00:00Z,FALSE,-1
6505,72,39,2,669.29,2011-03-29T00:00:00Z,FALSE,-1
6506,86,44,2,473.71,2011-03-29T00:00:00Z,FALSE,-1
6507,8,61,1,192.45,2011-03-29T00:00:00Z,FALSE,-1
6508,15,24,2,408.2,2011-03-29T00:00:00Z,FALSE,-1
6509,74,11,1,956.19,2011-03-29T00:00:00Z,FALSE,-1
6510,25,29,2,992.97,2011-03-29T00:00:00Z,FALSE,-1
6511,88,28,3,280.68,2011-03-29T00:00:00Z,FALSE,-1
6512,81,95,1,792.6,2011-03-29T00:00:00Z,FALSE,-1
6513,11,46,4,886.32,2011-03-29T00:00:00Z,FALSE,-1
6514,1,49,3,343.67,2011-03-29T00:00:00Z,FALSE,-1
6515,60,17,1,745.26,2011-03-29T00:00:00Z,FALSE,-1
6516,18,46,2,524.66,2011-03-30T00:00:00Z,FALSE,-1
6517,54,28,1,172.71,2011-03-30T00:00:00Z,FALSE,-1
6518,6,25,4,1031.95,2011-03-30T00:00:00Z,FALSE,-1
6519,58,2,3,955.04,2011-03-30T00:00:00Z,FALSE,-1
6520,51,30,4,762,2011-03-30T00:00:00Z,FALSE,-1
6521,0,27,3,250.59,2011-03-30T00:00:00Z,FALSE,-1
6522,67,35,3,743.59,2011-03-30T00:00:00Z,FALSE,-1
6523,65,24,2,360.75,2011-03-30T00:00:00Z,FALSE,-1
6524,14,48,2,762.25,2011-03-30T00:00:00Z,FALSE,-1
6525,5,87,3,554.36,2011-03-30T00:00:00Z,FALSE,-1
6526,84,95,2,744.84,2011-03-30T00:00:00Z,FALSE,-1
6527,88,28,3,231.41,2011-03-30T00:00:00Z,FALSE,-1
6528,1,49,3,119.7,2011-03-30T00:00:00Z,FALSE,-1
6529,75,65,1,707.79,2011-03-30T00:00:00Z,FALSE,-1
6530,57,8,2,479.45,2011-03-30T00:00:00Z,FALSE,-1
6531,66,32,3,148.74,2011-03-30T00:00:00Z,FALSE,-1
6532,95,62,1,196.44,2011-03-31T00:00:00Z,FALSE,-1
6533,70,9,3,562.28,2011-03-31T00:00:00Z,FALSE,-1
6534,96,95,3,704.12,2011-03-31T00:00:00Z,FALSE,-1
6535,23,79,1,520.99,2011-03-31T00:00:00Z,FALSE,-1
6536,69,48,1,472.56,2011-03-31T00:00:00Z,FALSE,-1
6537,21,40,2,134.71,2011-03-31T00:00:00Z,FALSE,-1
6538,7,66,1,819.03,2011-03-31T00:00:00Z,FALSE,-1
6539,78,14,2,848.8,2011-03-31T00:00:00Z,FALSE,-1
6540,82,75,2,701.09,2011-03-31T00:00:00Z,FALSE,-1
6541,93,90,3,339.01,2011-03-31T00:00:00Z,FALSE,-1
6542,24,60,1,1031.75,2011-03-31T00:00:00Z,FALSE,-1
6543,55,40,1,389.5,2011-03-31T00:00:00Z,FALSE,-1
6544,85,50,2,188.38,2011-03-31T00:00:00Z,FALSE,-1
6545,61,1,1,794.35,2011-03-31T00:00:00Z,FALSE,-1
6546,68,34,1,563.33,2011-03-31T00:00:00Z,FALSE,-1
6547,42,36,3,191.33,2011-03-31T00:00:00Z,FALSE,-1
6548,64,15,1,588.2,2011-03-31T00:00:00Z,FALSE,-1
6549,40,45,1,652.69,2011-03-31T00:00:00Z,FALSE,-1
6550,80,37,3,361.12,2011-04-01T00:00:00Z,FALSE,-1
6551,9,70,3,394.13,2011-04-01T00:00:00Z,FALSE,-1
6552,97,47,1,787.88,2011-04-01T00:00:00Z,FALSE,-1
6553,59,35,2,448.65,2011-04-01T00:00:00Z,FALSE,-1
6554,22,62,1,762.29,2011-04-01T00:00:00Z,FALSE,-1
6555,16,83,1,684.14,2011-04-01T00:00:00Z,FALSE,-1
6556,60,43,1,994.39,2011-04-01T00:00:00Z,FALSE,-1
6557,52,41,2,737.07,2011-04-01T00:00:00Z,FALSE,-1
6558,98,82,1,594.63,2011-04-01T00:00:00Z,FALSE,-1
6559,69,17,1,104.66,2011-04-01T00:00:00Z,FALSE,-1
6560,97,27,2,700.08,2011-04-02T00:00:00Z,FALSE,-1
6561,99,41,1,145.81,2011-04-02T00:00:00Z,FALSE,-1
6562,90,79,1,233.18,2011-04-02T00:00:00Z,FALSE,-1
6563,91,45,1,339.01,2011-04-02T00:00:00Z,FALSE,-1
6564,13,95,3,920.76,2011-04-02T00:00:00Z,FALSE,-1
6565,76,44,3,518.8,2011-04-02T00:00:00Z,FALSE,-1
6566,12,57,3,578.09,2011-04-02T00:00:00Z,FALSE,-1
6567,19,97,3,449.05,2011-04-02T00:00:00Z,FALSE,-1
6568,49,31,1,473.21,2011-04-02T00:00:00Z,FALSE,-1
6569,70,39,1,720.15,2011-04-02T00:00:00Z,FALSE,-1
6570,87,82,3,721.23,2011-04-02T00:00:00Z,FALSE,-1
6571,18,99,3,410.55,2011-04-02T00:00:00Z,FALSE,-1
6572,88,26,1,189.82,2011-04-02T00:00:00Z,FALSE,-1
6573,92,5,2,779.46,2011-04-02T00:00:00Z,FALSE,-1
6574,62,5,3,535.72,2011-04-02T00:00:00Z,FALSE,-1
6575,53,32,3,246.47,2011-04-02T00:00:00Z,FALSE,-1
6576,56,20,4,158.55,2011-04-03T00:00:00Z,FALSE,-1
6577,10,41,3,536.15,2011-04-03T00:00:00Z,FALSE,-1
6578,55,0,3,126.94,2011-04-03T00:00:00Z,FALSE,-1
6579,94,57,4,373.59,2011-04-03T00:00:00Z,FALSE,-1
6580,99,25,1,578.72,2011-04-03T00:00:00Z,FALSE,-1
6581,83,38,1,678.64,2011-04-03T00:00:00Z,FALSE,-1
6582,20,92,1,720.2,2011-04-03T00:00:00Z,FALSE,-1
6583,4,89,1,858.07,2011-04-03T00:00:00Z,FALSE,-1
6584,3,73,3,661.15,2011-04-03T00:00:00Z,FALSE,-1
6585,89,59,3,878.19,2011-04-03T00:00:00Z,FALSE,-1
6586,77,96,1,383.22,2011-04-03T00:00:00Z,FALSE,-1
6587,17,70,1,215.33,2011-04-03T00:00:00Z,FALSE,-1
6588,15,47,1,984.15,2011-04-03T00:00:00Z,FALSE,-1
6589,76,74,3,179.69,2011-04-04T00:00:00Z,FALSE,-1
6590,83,94,3,211.27,2011-04-04T00:00:00Z,FALSE,-1
6591,79,17,3,994.75,2011-04-04T00:00:00Z,FALSE,-1
6592,71,29,3,782.97,2011-04-04T00:00:00Z,FALSE,-1
6593,59,7,1,134.46,2011-04-04T00:00:00Z,FALSE,-1
6594,36,34,1,667.04,2011-04-04T00:00:00Z,FALSE,-1
6595,52,35,3,112.05,2011-04-05T00:00:00Z,FALSE,-1
6596,2,86,2,822.11,2011-04-05T00:00:00Z,FALSE,-1
6597,44,30,3,419.04,2011-04-05T00:00:00Z,FALSE,-1
6598,50,2,2,870.53,2011-04-05T00:00:00Z,FALSE,-1
6599,38,49,1,507.62,2011-04-05T00:00:00Z,FALSE,-1
6600,80,37,3,317.73,2011-04-05T00:00:00Z,FALSE,-1
6601,15,64,1,603.3,2011-04-05T00:00:00Z,FALSE,-1
6602,63,33,3,446.91,2011-04-05T00:00:00Z,FALSE,-1
6603,86,18,3,983.23,2011-04-05T00:00:00Z,FALSE,-1
6604,11,74,2,853.8,2011-04-05T00:00:00Z,FALSE,-1
6605,69,42,2,356.23,2011-04-05T00:00:00Z,FALSE,-1
6606,81,54,2,214.64,2011-04-05T00:00:00Z,FALSE,-1
6607,58,33,1,411.36,2011-04-05T00:00:00Z,FALSE,-1
6608,35,29,3,157.3,2011-04-05T00:00:00Z,FALSE,-1
6609,66,7,3,546.19,2011-04-05T00:00:00Z,FALSE,-1
6610,54,28,1,871.68,2011-04-05T00:00:00Z,FALSE,-1
6611,8,73,1,362.34,2011-04-05T00:00:00Z,FALSE,-1
6612,60,17,2,197.99,2011-04-05T00:00:00Z,FALSE,-1
6613,74,11,1,296.51,2011-04-05T00:00:00Z,FALSE,-1
6614,72,39,2,729.19,2011-04-05T00:00:00Z,FALSE,-1
6615,73,3,3,448.66,2011-04-05T00:00:00Z,FALSE,-1
6616,54,28,1,270.4,2011-04-06T00:00:00Z,FALSE,-1
6617,1,97,3,935.58,2011-04-06T00:00:00Z,FALSE,-1
6618,58,2,3,593.45,2011-04-06T00:00:00Z,FALSE,-1
6619,65,24,2,286.18,2011-04-06T00:00:00Z,FALSE,-1
6620,75,73,3,339.41,2011-04-06T00:00:00Z,FALSE,-1
6621,51,30,2,599.79,2011-04-06T00:00:00Z,FALSE,-1
6622,6,93,2,124.12,2011-04-06T00:00:00Z,FALSE,-1
6623,76,32,3,154.87,2011-04-06T00:00:00Z,FALSE,-1
6624,67,35,1,995.22,2011-04-06T00:00:00Z,FALSE,-1
6625,88,16,2,728.19,2011-04-06T00:00:00Z,FALSE,-1
6626,62,46,3,824.07,2011-04-06T00:00:00Z,FALSE,-1
6627,84,75,3,746.16,2011-04-06T00:00:00Z,FALSE,-1
6628,5,33,2,840.96,2011-04-06T00:00:00Z,FALSE,-1
6629,14,20,1,831.53,2011-04-06T00:00:00Z,FALSE,-1
6630,57,8,1,633.19,2011-04-06T00:00:00Z,FALSE,-1
6631,0,55,3,521.04,2011-04-06T00:00:00Z,FALSE,-1
6632,7,79,1,521.95,2011-04-07T00:00:00Z,FALSE,-1
6633,21,44,1,859.86,2011-04-07T00:00:00Z,FALSE,-1
6634,95,51,3,744.8,2011-04-07T00:00:00Z,FALSE,-1
6635,61,40,2,557.85,2011-04-07T00:00:00Z,FALSE,-1
6636,55,36,3,785.09,2011-04-07T00:00:00Z,FALSE,-1
6637,70,9,3,888.21,2011-04-07T00:00:00Z,FALSE,-1
6638,61,1,1,484.26,2011-04-07T00:00:00Z,FALSE,-1
6639,50,45,3,499.16,2011-04-07T00:00:00Z,FALSE,-1
6640,78,80,3,466.82,2011-04-07T00:00:00Z,FALSE,-1
6641,64,15,1,201.23,2011-04-07T00:00:00Z,FALSE,-1
6642,24,69,3,878.1,2011-04-07T00:00:00Z,FALSE,-1
6643,82,84,3,515.95,2011-04-07T00:00:00Z,FALSE,-1
6644,23,37,1,352.81,2011-04-07T00:00:00Z,FALSE,-1
6645,96,4,1,755.47,2011-04-07T00:00:00Z,FALSE,-1
6646,93,9,1,329.98,2011-04-07T00:00:00Z,FALSE,-1
6647,85,78,3,877.03,2011-04-07T00:00:00Z,FALSE,-1
6648,74,48,2,478.16,2011-04-07T00:00:00Z,FALSE,-1
6649,68,34,1,410.95,2011-04-07T00:00:00Z,FALSE,-1
6650,69,17,3,865.85,2011-04-08T00:00:00Z,FALSE,-1
6651,97,64,1,501.14,2011-04-08T00:00:00Z,FALSE,-1
6652,98,54,1,941.41,2011-04-08T00:00:00Z,FALSE,-1
6653,22,56,2,601.53,2011-04-08T00:00:00Z,FALSE,-1
6654,87,35,2,295.81,2011-04-08T00:00:00Z,FALSE,-1
6655,16,98,3,515.22,2011-04-08T00:00:00Z,FALSE,-1
6656,9,77,1,944.76,2011-04-08T00:00:00Z,FALSE,-1
6657,68,41,2,238.68,2011-04-08T00:00:00Z,FALSE,-1
6658,66,43,3,393.92,2011-04-08T00:00:00Z,FALSE,-1
6659,80,77,4,766.44,2011-04-08T00:00:00Z,FALSE,-1
6660,72,39,2,534.49,2011-04-09T00:00:00Z,FALSE,-1
6661,62,5,1,803.31,2011-04-09T00:00:00Z,FALSE,-1
6662,53,32,3,716.95,2011-04-09T00:00:00Z,FALSE,-1
6663,13,34,1,440.41,2011-04-09T00:00:00Z,FALSE,-1
6664,92,85,1,231.51,2011-04-09T00:00:00Z,FALSE,-1
6665,87,80,1,572.78,2011-04-09T00:00:00Z,FALSE,-1
6666,91,84,1,998.89,2011-04-09T00:00:00Z,FALSE,-1
6667,99,52,3,694.73,2011-04-09T00:00:00Z,FALSE,-1
6668,12,6,2,528.3,2011-04-09T00:00:00Z,FALSE,-1
6669,18,46,2,606.09,2011-04-09T00:00:00Z,FALSE,-1
6670,54,31,1,576.29,2011-04-09T00:00:00Z,FALSE,-1
6671,90,97,4,978.19,2011-04-09T00:00:00Z,FALSE,-1
6672,0,27,3,149.95,2011-04-09T00:00:00Z,FALSE,-1
6673,19,28,1,364.21,2011-04-09T00:00:00Z,FALSE,-1
6674,11,26,3,288.18,2011-04-09T00:00:00Z,FALSE,-1
6675,79,44,2,758.94,2011-04-09T00:00:00Z,FALSE,-1
6676,42,47,1,755.86,2011-04-10T00:00:00Z,FALSE,-1
6677,17,77,1,119.6,2011-04-10T00:00:00Z,FALSE,-1
6678,3,47,1,699.37,2011-04-10T00:00:00Z,FALSE,-1
6679,77,65,2,620.59,2011-04-10T00:00:00Z,FALSE,-1
6680,56,20,4,603.56,2011-04-10T00:00:00Z,FALSE,-1
6681,20,64,1,133.75,2011-04-10T00:00:00Z,FALSE,-1
6682,4,24,3,268.52,2011-04-10T00:00:00Z,FALSE,-1
6683,10,91,1,711.77,2011-04-10T00:00:00Z,FALSE,-1
6684,88,38,1,885.22,2011-04-10T00:00:00Z,FALSE,-1
6685,89,77,1,399.39,2011-04-10T00:00:00Z,FALSE,-1
6686,55,0,1,439.52,2011-04-10T00:00:00Z,FALSE,-1
6687,94,30,2,891.53,2011-04-10T00:00:00Z,FALSE,-1
6688,6,25,4,634.1,2011-04-10T00:00:00Z,FALSE,-1
6689,83,13,1,296.48,2011-04-11T00:00:00Z,FALSE,-1
6690,59,7,1,948.24,2011-04-11T00:00:00Z,FALSE,-1
6691,76,69,1,249.99,2011-04-11T00:00:00Z,FALSE,-1
6692,77,34,3,729.32,2011-04-11T00:00:00Z,FALSE,-1
6693,71,29,3,135.79,2011-04-11T00:00:00Z,FALSE,-1
6694,79,88,3,556.18,2011-04-11T00:00:00Z,FALSE,-1
6695,66,29,1,758.12,2011-04-12T00:00:00Z,FALSE,-1
6696,83,33,1,237.27,2011-04-12T00:00:00Z,FALSE,-1
6697,63,33,1,576.53,2011-04-12T00:00:00Z,FALSE,-1
6698,66,7,3,316.77,2011-04-12T00:00:00Z,FALSE,-1
6699,88,37,2,385.51,2011-04-12T00:00:00Z,FALSE,-1
6700,8,57,3,527.9,2011-04-12T00:00:00Z,FALSE,-1
6701,2,58,3,842.22,2011-04-12T00:00:00Z,FALSE,-1
6702,19,28,1,651.24,2011-04-12T00:00:00Z,FALSE,-1
6703,70,42,3,581.62,2011-04-12T00:00:00Z,FALSE,-1
6704,60,17,1,979.23,2011-04-12T00:00:00Z,FALSE,-1
6705,73,3,2,872.43,2011-04-12T00:00:00Z,FALSE,-1
6706,81,59,1,644.05,2011-04-12T00:00:00Z,FALSE,-1
6707,72,39,2,190.12,2011-04-12T00:00:00Z,FALSE,-1
6708,15,32,2,210.31,2011-04-12T00:00:00Z,FALSE,-1
6709,50,2,3,976.43,2011-04-12T00:00:00Z,FALSE,-1
6710,74,11,1,481.5,2011-04-12T00:00:00Z,FALSE,-1
6711,92,30,3,881.16,2011-04-12T00:00:00Z,FALSE,-1
6712,52,35,2,801.78,2011-04-12T00:00:00Z,FALSE,-1
6713,56,49,3,306.84,2011-04-12T00:00:00Z,FALSE,-1
6714,11,86,3,434.43,2011-04-12T00:00:00Z,FALSE,-1
6715,86,49,1,493.78,2011-04-12T00:00:00Z,FALSE,-1
6716,81,32,1,247.08,2011-04-13T00:00:00Z,FALSE,-1
6717,58,2,1,824.74,2011-04-13T00:00:00Z,FALSE,-1
6718,57,8,1,956.65,2011-04-13T00:00:00Z,FALSE,-1
6719,14,30,1,922.2,2011-04-13T00:00:00Z,FALSE,-1
6720,73,46,2,566.64,2011-04-13T00:00:00Z,FALSE,-1
6721,1,61,1,451,2011-04-13T00:00:00Z,FALSE,-1
6722,6,30,1,918.99,2011-04-13T00:00:00Z,FALSE,-1
6723,54,28,1,693.98,2011-04-13T00:00:00Z,FALSE,-1
6724,67,35,1,336.04,2011-04-13T00:00:00Z,FALSE,-1
6725,51,30,1,241.25,2011-04-13T00:00:00Z,FALSE,-1
6726,5,62,2,325.22,2011-04-13T00:00:00Z,FALSE,-1
6727,88,81,3,715.53,2011-04-13T00:00:00Z,FALSE,-1
6728,0,27,3,583.12,2011-04-13T00:00:00Z,FALSE,-1
6729,65,24,1,259.09,2011-04-13T00:00:00Z,FALSE,-1
6730,84,99,3,650.52,2011-04-13T00:00:00Z,FALSE,-1
6731,75,25,1,715.5,2011-04-13T00:00:00Z,FALSE,-1
6732,78,21,1,828.73,2011-04-14T00:00:00Z,FALSE,-1
6733,21,99,2,377.59,2011-04-14T00:00:00Z,FALSE,-1
6734,64,15,3,314.02,2011-04-14T00:00:00Z,FALSE,-1
6735,85,60,1,995.06,2011-04-14T00:00:00Z,FALSE,-1
6736,82,56,3,770.04,2011-04-14T00:00:00Z,FALSE,-1
6737,54,45,2,738.15,2011-04-14T00:00:00Z,FALSE,-1
6738,64,40,1,999,2011-04-14T00:00:00Z,FALSE,-1
6739,23,20,3,103.5,2011-04-14T00:00:00Z,FALSE,-1
6740,68,34,1,758.28,2011-04-14T00:00:00Z,FALSE,-1
6741,96,21,4,925.12,2011-04-14T00:00:00Z,FALSE,-1
6742,24,26,1,975.67,2011-04-14T00:00:00Z,FALSE,-1
6743,70,9,1,412.52,2011-04-14T00:00:00Z,FALSE,-1
6744,91,48,1,465.32,2011-04-14T00:00:00Z,FALSE,-1
6745,7,22,2,948.06,2011-04-14T00:00:00Z,FALSE,-1
6746,79,36,1,404.81,2011-04-14T00:00:00Z,FALSE,-1
6747,95,10,2,924.13,2011-04-14T00:00:00Z,FALSE,-1
6748,93,23,3,902.6,2011-04-14T00:00:00Z,FALSE,-1
6749,61,1,1,236.95,2011-04-14T00:00:00Z,FALSE,-1
6750,9,38,3,653.35,2011-04-15T00:00:00Z,FALSE,-1
6751,22,92,2,890.49,2011-04-15T00:00:00Z,FALSE,-1
6752,98,64,1,448.02,2011-04-15T00:00:00Z,FALSE,-1
6753,69,17,2,497.65,2011-04-15T00:00:00Z,FALSE,-1
6754,16,61,2,538.27,2011-04-15T00:00:00Z,FALSE,-1
6755,74,41,1,701.66,2011-04-15T00:00:00Z,FALSE,-1
6756,67,43,3,246.79,2011-04-15T00:00:00Z,FALSE,-1
6757,80,39,3,866.54,2011-04-15T00:00:00Z,FALSE,-1
6758,97,60,3,506.08,2011-04-15T00:00:00Z,FALSE,-1
6759,95,35,1,390.33,2011-04-15T00:00:00Z,FALSE,-1
6760,13,26,3,518.52,2011-04-16T00:00:00Z,FALSE,-1
6761,53,32,2,233.28,2011-04-16T00:00:00Z,FALSE,-1
6762,32,27,3,294.09,2011-04-16T00:00:00Z,FALSE,-1
6763,58,31,1,422.97,2011-04-16T00:00:00Z,FALSE,-1
6764,13,77,1,155.27,2011-04-16T00:00:00Z,FALSE,-1
6765,12,5,3,811.55,2011-04-16T00:00:00Z,FALSE,-1
6766,99,84,2,357.39,2011-04-16T00:00:00Z,FALSE,-1
6767,91,54,2,465.92,2011-04-16T00:00:00Z,FALSE,-1
6768,92,95,3,799.76,2011-04-16T00:00:00Z,FALSE,-1
6769,80,39,3,812.28,2011-04-16T00:00:00Z,FALSE,-1
6770,87,19,1,621.99,2011-04-16T00:00:00Z,FALSE,-1
6771,19,85,3,433.52,2011-04-16T00:00:00Z,FALSE,-1
6772,62,5,2,890.81,2011-04-16T00:00:00Z,FALSE,-1
6773,90,95,1,983.03,2011-04-16T00:00:00Z,FALSE,-1
6774,18,96,1,378.14,2011-04-16T00:00:00Z,FALSE,-1
6775,86,44,2,899.3,2011-04-16T00:00:00Z,FALSE,-1
6776,10,93,2,782.48,2011-04-17T00:00:00Z,FALSE,-1
6777,89,93,1,607.6,2011-04-17T00:00:00Z,FALSE,-1
6778,20,56,2,417.47,2011-04-17T00:00:00Z,FALSE,-1
6779,95,38,1,723.02,2011-04-17T00:00:00Z,FALSE,-1
6780,3,87,3,762.94,2011-04-17T00:00:00Z,FALSE,-1
6781,77,68,1,905.98,2011-04-17T00:00:00Z,FALSE,-1
6782,56,25,4,819.16,2011-04-17T00:00:00Z,FALSE,-1
6783,56,20,1,305.52,2011-04-17T00:00:00Z,FALSE,-1
6784,77,47,3,450.61,2011-04-17T00:00:00Z,FALSE,-1
6785,94,67,4,927.37,2011-04-17T00:00:00Z,FALSE,-1
6786,17,60,1,614.45,2011-04-17T00:00:00Z,FALSE,-1
6787,55,0,3,113.29,2011-04-17T00:00:00Z,FALSE,-1
6788,4,92,2,543.46,2011-04-17T00:00:00Z,FALSE,-1
6789,76,72,1,675.4,2011-04-18T00:00:00Z,FALSE,-1
6790,93,34,3,883.14,2011-04-18T00:00:00Z,FALSE,-1
6791,71,29,1,684.13,2011-04-18T00:00:00Z,FALSE,-1
6792,83,88,2,517.34,2011-04-18T00:00:00Z,FALSE,-1
6793,79,92,1,608.5,2011-04-18T00:00:00Z,FALSE,-1
6794,59,7,2,535.51,2011-04-18T00:00:00Z,FALSE,-1
6795,77,29,3,330.72,2011-04-19T00:00:00Z,FALSE,-1
6796,63,33,3,763.96,2011-04-19T00:00:00Z,FALSE,-1
6797,73,3,1,337.56,2011-04-19T00:00:00Z,FALSE,-1
6798,60,17,3,525.3,2011-04-19T00:00:00Z,FALSE,-1
6799,74,11,1,902.41,2011-04-19T00:00:00Z,FALSE,-1
6800,59,49,2,435.78,2011-04-19T00:00:00Z,FALSE,-1
6801,89,37,2,143.2,2011-04-19T00:00:00Z,FALSE,-1
6802,8,66,3,559.48,2011-04-19T00:00:00Z,FALSE,-1
6803,81,63,3,675.45,2011-04-19T00:00:00Z,FALSE,-1
6804,86,98,1,114.37,2011-04-19T00:00:00Z,FALSE,-1
6805,72,39,2,315.16,2011-04-19T00:00:00Z,FALSE,-1
6806,94,30,2,265.27,2011-04-19T00:00:00Z,FALSE,-1
6807,11,26,3,591.69,2011-04-19T00:00:00Z,FALSE,-1
6808,50,2,2,514.42,2011-04-19T00:00:00Z,FALSE,-1
6809,66,7,3,250.64,2011-04-19T00:00:00Z,FALSE,-1
6810,77,42,2,350.06,2011-04-19T00:00:00Z,FALSE,-1
6811,52,35,2,930.31,2011-04-19T00:00:00Z,FALSE,-1
6812,25,28,3,790.47,2011-04-19T00:00:00Z,FALSE,-1
6813,2,50,3,698.2,2011-04-19T00:00:00Z,FALSE,-1
6814,15,47,1,927.23,2011-04-19T00:00:00Z,FALSE,-1
6815,94,33,2,907.58,2011-04-19T00:00:00Z,FALSE,-1
6816,58,2,1,510.99,2011-04-20T00:00:00Z,FALSE,-1
6817,14,16,4,269.05,2011-04-20T00:00:00Z,FALSE,-1
6818,1,49,3,309.84,2011-04-20T00:00:00Z,FALSE,-1
6819,67,35,1,209.62,2011-04-20T00:00:00Z,FALSE,-1
6820,6,94,3,754.38,2011-04-20T00:00:00Z,FALSE,-1
6821,65,24,2,598.13,2011-04-20T00:00:00Z,FALSE,-1
6822,5,87,3,216.11,2011-04-20T00:00:00Z,FALSE,-1
6823,95,46,1,141.41,2011-04-20T00:00:00Z,FALSE,-1
6824,83,32,3,503.51,2011-04-20T00:00:00Z,FALSE,-1
6825,88,78,1,297.65,2011-04-20T00:00:00Z,FALSE,-1
6826,54,28,1,404.02,2011-04-20T00:00:00Z,FALSE,-1
6827,51,30,2,970.43,2011-04-20T00:00:00Z,FALSE,-1
6828,84,19,3,530.77,2011-04-20T00:00:00Z,FALSE,-1
6829,75,98,2,641.87,2011-04-20T00:00:00Z,FALSE,-1
6830,0,55,3,140.74,2011-04-20T00:00:00Z,FALSE,-1
6831,57,8,1,759.24,2011-04-20T00:00:00Z,FALSE,-1
6832,82,83,1,856.13,2011-04-21T00:00:00Z,FALSE,-1
6833,93,36,1,609,2011-04-21T00:00:00Z,FALSE,-1
6834,82,40,1,578.6,2011-04-21T00:00:00Z,FALSE,-1
6835,68,34,3,526.18,2011-04-21T00:00:00Z,FALSE,-1
6836,78,45,1,984.19,2011-04-21T00:00:00Z,FALSE,-1
6837,23,98,1,556.68,2011-04-21T00:00:00Z,FALSE,-1
6838,7,59,3,161.68,2011-04-21T00:00:00Z,FALSE,-1
6839,64,15,1,242.89,2011-04-21T00:00:00Z,FALSE,-1
6840,95,37,3,623.35,2011-04-21T00:00:00Z,FALSE,-1
6841,85,11,1,816.01,2011-04-21T00:00:00Z,FALSE,-1
6842,24,90,2,320.25,2011-04-21T00:00:00Z,FALSE,-1
6843,70,9,1,845.89,2011-04-21T00:00:00Z,FALSE,-1
6844,78,72,1,769.79,2011-04-21T00:00:00Z,FALSE,-1
6845,21,81,1,208.6,2011-04-21T00:00:00Z,FALSE,-1
6846,96,38,3,332.06,2011-04-21T00:00:00Z,FALSE,-1
6847,61,1,2,431.58,2011-04-21T00:00:00Z,FALSE,-1
6848,93,95,1,265.49,2011-04-21T00:00:00Z,FALSE,-1
6849,94,48,3,474.78,2011-04-21T00:00:00Z,FALSE,-1
6850,98,41,1,503.14,2011-04-22T00:00:00Z,FALSE,-1
6851,80,12,1,587.26,2011-04-22T00:00:00Z,FALSE,-1
6852,98,41,1,713.33,2011-04-22T00:00:00Z,FALSE,-1
6853,69,17,3,657.83,2011-04-22T00:00:00Z,FALSE,-1
6854,9,23,1,176.31,2011-04-22T00:00:00Z,FALSE,-1
6855,97,98,3,307.03,2011-04-22T00:00:00Z,FALSE,-1
6856,52,35,1,993.06,2011-04-22T00:00:00Z,FALSE,-1
6857,22,99,1,921.74,2011-04-22T00:00:00Z,FALSE,-1
6858,16,50,3,972.82,2011-04-22T00:00:00Z,FALSE,-1
6859,68,43,1,313.3,2011-04-22T00:00:00Z,FALSE,-1
6860,44,27,2,670.07,2011-04-23T00:00:00Z,FALSE,-1
6861,87,31,3,975.06,2011-04-23T00:00:00Z,FALSE,-1
6862,18,91,1,933.81,2011-04-23T00:00:00Z,FALSE,-1
6863,13,26,3,507.93,2011-04-23T00:00:00Z,FALSE,-1
6864,92,39,1,876.87,2011-04-23T00:00:00Z,FALSE,-1
6865,90,39,1,123.31,2011-04-23T00:00:00Z,FALSE,-1
6866,91,95,3,741.6,2011-04-23T00:00:00Z,FALSE,-1
6867,88,44,3,912.18,2011-04-23T00:00:00Z,FALSE,-1
6868,19,7,3,813.05,2011-04-23T00:00:00Z,FALSE,-1
6869,99,55,4,902.56,2011-04-23T00:00:00Z,FALSE,-1
6870,24,26,1,732.32,2011-04-23T00:00:00Z,FALSE,-1
6871,12,97,1,701.6,2011-04-23T00:00:00Z,FALSE,-1
6872,90,52,3,185.43,2011-04-23T00:00:00Z,FALSE,-1
6873,63,31,3,134.12,2011-04-23T00:00:00Z,FALSE,-1
6874,53,32,2,226.29,2011-04-23T00:00:00Z,FALSE,-1
6875,62,5,3,543.38,2011-04-23T00:00:00Z,FALSE,-1
6876,82,47,3,848.5,2011-04-24T00:00:00Z,FALSE,-1
6877,56,20,4,170.28,2011-04-24T00:00:00Z,FALSE,-1
6878,96,38,3,824.37,2011-04-24T00:00:00Z,FALSE,-1
6879,10,78,3,393.66,2011-04-24T00:00:00Z,FALSE,-1
6880,55,0,3,516.27,2011-04-24T00:00:00Z,FALSE,-1
6881,17,69,3,766.56,2011-04-24T00:00:00Z,FALSE,-1
6882,94,49,2,217.51,2011-04-24T00:00:00Z,FALSE,-1
6883,20,55,1,741.8,2011-04-24T00:00:00Z,FALSE,-1
6884,75,25,1,721.15,2011-04-24T00:00:00Z,FALSE,-1
6885,3,73,3,765.03,2011-04-24T00:00:00Z,FALSE,-1
6886,77,34,3,273.57,2011-04-24T00:00:00Z,FALSE,-1
6887,4,89,1,330.07,2011-04-24T00:00:00Z,FALSE,-1
6888,89,83,3,784.82,2011-04-24T00:00:00Z,FALSE,-1
6889,94,34,2,998.93,2011-04-25T00:00:00Z,FALSE,-1
6890,79,86,3,334.91,2011-04-25T00:00:00Z,FALSE,-1
6891,59,7,3,767.03,2011-04-25T00:00:00Z,FALSE,-1
6892,76,95,3,959.56,2011-04-25T00:00:00Z,FALSE,-1
6893,83,96,1,753.09,2011-04-25T00:00:00Z,FALSE,-1
6894,71,29,3,289.99,2011-04-25T00:00:00Z,FALSE,-1
6895,86,99,2,648.38,2011-04-26T00:00:00Z,FALSE,-1
6896,72,39,2,870.93,2011-04-26T00:00:00Z,FALSE,-1
6897,52,35,1,558.35,2011-04-26T00:00:00Z,FALSE,-1
6898,2,86,2,125.92,2011-04-26T00:00:00Z,FALSE,-1
6899,89,42,1,198.16,2011-04-26T00:00:00Z,FALSE,-1
6900,98,33,3,653.46,2011-04-26T00:00:00Z,FALSE,-1
6901,98,30,1,457.58,2011-04-26T00:00:00Z,FALSE,-1
6902,63,33,1,663.97,2011-04-26T00:00:00Z,FALSE,-1
6903,50,2,2,744.81,2011-04-26T00:00:00Z,FALSE,-1
6904,91,95,3,201.63,2011-04-26T00:00:00Z,TRUE,2
6905,26,28,3,987.4,2011-04-26T00:00:00Z,FALSE,-1
6906,81,8,2,574.24,2011-04-26T00:00:00Z,FALSE,-1
6907,11,98,2,669.26,2011-04-26T00:00:00Z,FALSE,-1
6908,96,29,2,680.96,2011-04-26T00:00:00Z,FALSE,-1
6909,73,3,1,570.17,2011-04-26T00:00:00Z,FALSE,-1
6910,74,11,2,559.36,2011-04-26T00:00:00Z,FALSE,-1
6911,66,7,3,498.93,2011-04-26T00:00:00Z,FALSE,-1
6912,91,37,2,752.24,2011-04-26T00:00:00Z,FALSE,-1
6913,8,61,1,516.66,2011-04-26T00:00:00Z,FALSE,-1
6914,67,49,1,297.16,2011-04-26T00:00:00Z,FALSE,-1
6915,60,17,3,179.03,2011-04-26T00:00:00Z,FALSE,-1
6916,15,22,3,384.49,2011-04-26T00:00:00Z,FALSE,-1
6917,84,89,4,811.57,2011-04-27T00:00:00Z,FALSE,-1
6918,65,24,3,745.84,2011-04-27T00:00:00Z,FALSE,-1
6919,54,28,1,939.38,2011-04-27T00:00:00Z,FALSE,-1
6920,1,97,3,898.8,2011-04-27T00:00:00Z,FALSE,-1
6921,67,35,3,220.31,2011-04-27T00:00:00Z,FALSE,-1
6922,14,55,3,450.63,2011-04-27T00:00:00Z,FALSE,-1
6923,99,32,1,722.18,2011-04-27T00:00:00Z,FALSE,-1
6924,51,30,1,709.56,2011-04-27T00:00:00Z,FALSE,-1
6925,0,27,3,268.4,2011-04-27T00:00:00Z,FALSE,-1
6926,5,33,2,680.9,2011-04-27T00:00:00Z,FALSE,-1
6927,6,25,4,122.58,2011-04-27T00:00:00Z,FALSE,-1
6928,75,78,2,580.98,2011-04-27T00:00:00Z,FALSE,-1
6929,88,38,1,214.26,2011-04-27T00:00:00Z,FALSE,-1
6930,57,8,3,268.49,2011-04-27T00:00:00Z,FALSE,-1
6931,58,2,1,302.35,2011-04-27T00:00:00Z,FALSE,-1
6932,97,46,1,292.97,2011-04-27T00:00:00Z,FALSE,-1
6933,61,1,1,103.64,2011-04-28T00:00:00Z,FALSE,-1
6934,23,50,3,532.2,2011-04-28T00:00:00Z,FALSE,-1
6935,96,85,2,344.17,2011-04-28T00:00:00Z,FALSE,-1
6936,97,48,3,693.59,2011-04-28T00:00:00Z,FALSE,-1
6937,82,40,1,807.95,2011-04-28T00:00:00Z,FALSE,-1
6938,64,15,3,560.86,2011-04-28T00:00:00Z,FALSE,-1
6939,70,9,1,635.52,2011-04-28T00:00:00Z,FALSE,-1
6940,7,66,1,793.86,2011-04-28T00:00:00Z,FALSE,-1
6941,85,20,3,841.97,2011-04-28T00:00:00Z,FALSE,-1
6942,87,45,4,412.96,2011-04-28T00:00:00Z,FALSE,-1
6943,21,92,3,247.57,2011-04-28T00:00:00Z,FALSE,-1
6944,94,40,1,195.86,2011-04-28T00:00:00Z,FALSE,-1
6945,93,71,2,354.72,2011-04-28T00:00:00Z,FALSE,-1
6946,95,66,2,895.6,2011-04-28T00:00:00Z,FALSE,-1
6947,24,65,1,572.44,2011-04-28T00:00:00Z,FALSE,-1
6948,68,34,1,998.49,2011-04-28T00:00:00Z,FALSE,-1
6949,78,92,1,972.25,2011-04-28T00:00:00Z,FALSE,-1
6950,97,36,1,502.07,2011-04-28T00:00:00Z,FALSE,-1
6951,9,70,3,592.53,2011-04-29T00:00:00Z,FALSE,-1
6952,16,44,3,969.8,2011-04-29T00:00:00Z,FALSE,-1
6953,22,74,1,207.51,2011-04-29T00:00:00Z,FALSE,-1
6954,67,35,2,460.31,2011-04-29T00:00:00Z,FALSE,-1
6955,80,97,1,139.74,2011-04-29T00:00:00Z,FALSE,-1
6956,95,43,1,325.41,2011-04-29T00:00:00Z,FALSE,-1
6957,98,33,3,105.55,2011-04-29T00:00:00Z,FALSE,-1
6958,97,21,3,262.49,2011-04-29T00:00:00Z,FALSE,-1
6959,69,17,3,777.42,2011-04-29T00:00:00Z,FALSE,-1
6960,99,41,1,850.07,2011-04-29T00:00:00Z,FALSE,-1
6961,87,31,3,282.1,2011-04-30T00:00:00Z,FALSE,-1
6962,12,11,3,796.61,2011-04-30T00:00:00Z,FALSE,-1
6963,91,48,1,656.66,2011-04-30T00:00:00Z,FALSE,-1
6964,45,27,3,720.81,2011-04-30T00:00:00Z,FALSE,-1
6965,99,0,1,774.39,2011-04-30T00:00:00Z,FALSE,-1
6966,90,50,1,195.52,2011-04-30T00:00:00Z,FALSE,-1
6967,94,44,1,910.46,2011-04-30T00:00:00Z,FALSE,-1
6968,87,95,3,681.27,2011-04-30T00:00:00Z,FALSE,-1
6969,36,26,1,245.34,2011-04-30T00:00:00Z,FALSE,-1
6970,92,39,1,129.56,2011-04-30T00:00:00Z,FALSE,-1
6971,19,99,1,216.3,2011-04-30T00:00:00Z,FALSE,-1
6972,62,5,1,241.29,2011-04-30T00:00:00Z,FALSE,-1
6973,53,32,2,537.29,2011-04-30T00:00:00Z,FALSE,-1
6974,92,78,3,746.63,2011-04-30T00:00:00Z,FALSE,-1
6975,18,99,3,938.03,2011-04-30T00:00:00Z,FALSE,-1
6976,13,97,3,417.13,2011-04-30T00:00:00Z,FALSE,-1
6977,81,25,3,669.41,2011-05-01T00:00:00Z,FALSE,-1
6978,55,0,1,304.57,2011-05-01T00:00:00Z,FALSE,-1
6979,89,13,2,518.42,2011-05-01T00:00:00Z,FALSE,-1
6980,85,47,4,996.47,2011-05-01T00:00:00Z,FALSE,-1
6981,98,38,3,970,2011-05-01T00:00:00Z,FALSE,-1
6982,3,47,1,362.93,2011-05-01T00:00:00Z,FALSE,-1
6983,20,29,3,190.11,2011-05-01T00:00:00Z,FALSE,-1
6984,10,70,3,455.21,2011-05-01T00:00:00Z,FALSE,-1
6985,17,42,1,259.01,2011-05-01T00:00:00Z,FALSE,-1
6986,4,24,3,400.55,2011-05-01T00:00:00Z,FALSE,-1
6987,56,20,1,582.26,2011-05-01T00:00:00Z,FALSE,-1
6988,94,40,1,782.11,2011-05-01T00:00:00Z,FALSE,-1
6989,77,47,3,762.95,2011-05-01T00:00:00Z,FALSE,-1
6990,79,28,3,473.65,2011-05-02T00:00:00Z,FALSE,-1
6991,71,29,3,214.64,2011-05-02T00:00:00Z,FALSE,-1
6992,76,63,4,900.18,2011-05-02T00:00:00Z,FALSE,-1
6993,59,7,2,697.37,2011-05-02T00:00:00Z,FALSE,-1
6994,68,34,1,766.58,2011-05-02T00:00:00Z,FALSE,-1
6995,83,32,3,516.68,2011-05-02T00:00:00Z,FALSE,-1
6996,63,33,3,159.8,2011-05-03T00:00:00Z,FALSE,-1
6997,71,29,3,327.27,2011-05-03T00:00:00Z,FALSE,-1
6998,95,37,3,881.03,2011-05-03T00:00:00Z,FALSE,-1
6999,63,33,1,479.8,2011-05-03T00:00:00Z,FALSE,-1
7000,81,97,3,935.7,2011-05-03T00:00:00Z,FALSE,-1
7001,11,46,4,382.73,2011-05-03T00:00:00Z,FALSE,-1
7002,52,35,3,788.93,2011-05-03T00:00:00Z,FALSE,-1
7003,73,3,4,374.23,2011-05-03T00:00:00Z,FALSE,-1
7004,15,24,2,791.23,2011-05-03T00:00:00Z,FALSE,-1
7005,95,42,3,248.13,2011-05-03T00:00:00Z,FALSE,-1
7006,86,49,1,387.1,2011-05-03T00:00:00Z,FALSE,-1
7007,86,91,1,122.86,2011-05-03T00:00:00Z,FALSE,-1
7008,2,58,3,433.01,2011-05-03T00:00:00Z,FALSE,-1
7009,66,7,1,795.05,2011-05-03T00:00:00Z,FALSE,-1
7010,8,73,1,138.46,2011-05-03T00:00:00Z,FALSE,-1
7011,74,11,2,990.38,2011-05-03T00:00:00Z,FALSE,-1
7012,72,39,2,695.73,2011-05-03T00:00:00Z,FALSE,-1
7013,50,2,3,668.09,2011-05-03T00:00:00Z,FALSE,-1
7014,51,30,3,729.98,2011-05-03T00:00:00Z,FALSE,-1
7015,60,17,1,779.27,2011-05-03T00:00:00Z,FALSE,-1
7016,27,28,1,323.06,2011-05-03T00:00:00Z,FALSE,-1
7017,1,61,1,854.96,2011-05-04T00:00:00Z,FALSE,-1
7018,14,48,2,510.62,2011-05-04T00:00:00Z,FALSE,-1
7019,51,30,3,691.05,2011-05-04T00:00:00Z,FALSE,-1
7020,57,8,2,697.6,2011-05-04T00:00:00Z,FALSE,-1
7021,6,93,2,445.67,2011-05-04T00:00:00Z,FALSE,-1
7022,58,2,3,510.66,2011-05-04T00:00:00Z,FALSE,-1
7023,84,64,2,956.54,2011-05-04T00:00:00Z,FALSE,-1
7024,75,11,1,460.29,2011-05-04T00:00:00Z,FALSE,-1
7025,65,24,1,663.79,2011-05-04T00:00:00Z,FALSE,-1
7026,5,62,2,971.92,2011-05-04T00:00:00Z,FALSE,-1
7027,67,35,1,783.47,2011-05-04T00:00:00Z,FALSE,-1
7028,0,55,3,295.92,2011-05-04T00:00:00Z,FALSE,-1
7029,53,32,1,188.07,2011-05-04T00:00:00Z,FALSE,-1
7030,99,46,1,345.1,2011-05-04T00:00:00Z,FALSE,-1
7031,54,28,1,793.04,2011-05-04T00:00:00Z,FALSE,-1
7032,88,77,1,685.28,2011-05-04T00:00:00Z,FALSE,-1
7033,70,9,3,482.61,2011-05-05T00:00:00Z,FALSE,-1
7034,95,42,3,745.5,2011-05-05T00:00:00Z,FALSE,-1
7035,21,40,2,293.21,2011-05-05T00:00:00Z,FALSE,-1
7036,68,34,3,901.58,2011-05-05T00:00:00Z,FALSE,-1
7037,82,98,1,586.27,2011-05-05T00:00:00Z,FALSE,-1
7038,91,45,1,638.38,2011-05-05T00:00:00Z,FALSE,-1
7039,98,40,3,103.42,2011-05-05T00:00:00Z,FALSE,-1
7040,96,68,2,648.35,2011-05-05T00:00:00Z,FALSE,-1
7041,23,17,2,635.74,2011-05-05T00:00:00Z,FALSE,-1
7042,85,91,3,603.16,2011-05-05T00:00:00Z,FALSE,-1
7043,61,1,2,643.06,2011-05-05T00:00:00Z,FALSE,-1
7044,78,62,1,763.2,2011-05-05T00:00:00Z,FALSE,-1
7045,64,15,3,742.43,2011-05-05T00:00:00Z,FALSE,-1
7046,99,48,2,191.44,2011-05-05T00:00:00Z,FALSE,-1
7047,98,36,2,274.63,2011-05-05T00:00:00Z,FALSE,-1
7048,7,79,1,723.07,2011-05-05T00:00:00Z,FALSE,-1
7049,24,91,2,384.48,2011-05-05T00:00:00Z,FALSE,-1
7050,93,10,3,906.19,2011-05-05T00:00:00Z,FALSE,-1
7051,28,35,3,744.02,2011-05-06T00:00:00Z,FALSE,-1
7052,80,56,2,848.45,2011-05-06T00:00:00Z,FALSE,-1
7053,22,62,1,820.9,2011-05-06T00:00:00Z,FALSE,-1
7054,98,36,2,301.15,2011-05-06T00:00:00Z,FALSE,-1
7055,10,41,3,891.46,2011-05-06T00:00:00Z,FALSE,-1
7056,97,96,1,786.36,2011-05-06T00:00:00Z,FALSE,-1
7057,16,83,1,507.81,2011-05-06T00:00:00Z,FALSE,-1
7058,69,17,3,735.26,2011-05-06T00:00:00Z,FALSE,-1
7059,33,43,1,585.89,2011-05-06T00:00:00Z,FALSE,-1
7060,9,77,1,602.68,2011-05-06T00:00:00Z,FALSE,-1
7061,29,39,1,848.67,2011-05-07T00:00:00Z,FALSE,-1
7062,87,72,1,252.84,2011-05-07T00:00:00Z,FALSE,-1
7063,90,7,3,881.31,2011-05-07T00:00:00Z,FALSE,-1
7064,93,27,2,935.79,2011-05-07T00:00:00Z,FALSE,-1
7065,53,32,2,324.51,2011-05-07T00:00:00Z,FALSE,-1
7066,12,57,3,623.71,2011-05-07T00:00:00Z,FALSE,-1
7067,62,26,3,801.85,2011-05-07T00:00:00Z,FALSE,-1
7068,62,5,1,331.43,2011-05-07T00:00:00Z,FALSE,-1
7069,99,94,2,282.39,2011-05-07T00:00:00Z,FALSE,-1
7070,16,44,3,948.67,2011-05-07T00:00:00Z,FALSE,-1
7071,49,31,1,867,2011-05-07T00:00:00Z,FALSE,-1
7072,13,95,3,615.92,2011-05-07T00:00:00Z,FALSE,-1
7073,92,94,1,217.11,2011-05-07T00:00:00Z,FALSE,-1
7074,18,46,2,891.57,2011-05-07T00:00:00Z,FALSE,-1
7075,19,97,3,281.92,2011-05-07T00:00:00Z,FALSE,-1
7076,91,73,1,444.23,2011-05-07T00:00:00Z,FALSE,-1
7077,94,33,2,788.81,2011-05-08T00:00:00Z,FALSE,-1
7078,56,20,4,783.61,2011-05-08T00:00:00Z,FALSE,-1
7079,94,25,1,317.61,2011-05-08T00:00:00Z,FALSE,-1
7080,20,92,1,304.63,2011-05-08T00:00:00Z,FALSE,-1
7081,17,70,1,463.99,2011-05-08T00:00:00Z,FALSE,-1
7082,97,47,1,417.61,2011-05-08T00:00:00Z,FALSE,-1
7083,10,41,3,661.19,2011-05-08T00:00:00Z,FALSE,-1
7084,55,0,1,110.44,2011-05-08T00:00:00Z,FALSE,-1
7085,3,87,3,268.5,2011-05-08T00:00:00Z,FALSE,-1
7086,89,61,1,944.54,2011-05-08T00:00:00Z,FALSE,-1
7087,9,38,3,151.16,2011-05-08T00:00:00Z,FALSE,-1
7088,4,92,2,94.09,2011-05-08T00:00:00Z,FALSE,-1
7089,77,72,2,768.69,2011-05-08T00:00:00Z,FALSE,-1
7090,79,75,3,657.78,2011-05-09T00:00:00Z,FALSE,-1
7091,13,34,1,255.24,2011-05-09T00:00:00Z,FALSE,-1
7092,59,7,3,526.74,2011-05-09T00:00:00Z,FALSE,-1
7093,76,44,3,273.25,2011-05-09T00:00:00Z,FALSE,-1
7094,71,29,3,876.28,2011-05-09T00:00:00Z,FALSE,-1
7095,83,54,1,818.04,2011-05-09T00:00:00Z,FALSE,-1
7096,66,7,1,466.83,2011-05-10T00:00:00Z,FALSE,-1
7097,74,11,2,529.36,2011-05-10T00:00:00Z,FALSE,-1
7098,86,76,1,299.72,2011-05-10T00:00:00Z,FALSE,-1
7099,63,33,3,650.77,2011-05-10T00:00:00Z,FALSE,-1
7100,29,28,1,726.99,2011-05-10T00:00:00Z,FALSE,-1
7101,73,3,3,548.45,2011-05-10T00:00:00Z,FALSE,-1
7102,20,29,3,805.78,2011-05-10T00:00:00Z,FALSE,-1
7103,72,39,2,223.05,2011-05-10T00:00:00Z,FALSE,-1
7104,93,49,3,441.35,2011-05-10T00:00:00Z,FALSE,-1
7105,81,89,2,375.71,2011-05-10T00:00:00Z,FALSE,-1
7106,6,30,1,645.88,2011-05-10T00:00:00Z,FALSE,-1
7107,52,35,1,170.26,2011-05-10T00:00:00Z,FALSE,-1
7108,23,37,1,286.86,2011-05-10T00:00:00Z,FALSE,-1
7109,2,50,3,420.8,2011-05-10T00:00:00Z,FALSE,-1
7110,60,17,3,278.77,2011-05-10T00:00:00Z,FALSE,-1
7111,11,74,2,158.56,2011-05-10T00:00:00Z,FALSE,-1
7112,8,57,3,967.13,2011-05-10T00:00:00Z,FALSE,-1
7113,5,33,2,594.66,2011-05-10T00:00:00Z,FALSE,-1
7114,17,42,1,263.95,2011-05-10T00:00:00Z,FALSE,-1
7115,15,64,1,366.34,2011-05-10T00:00:00Z,FALSE,-1
7116,50,2,2,873.98,2011-05-10T00:00:00Z,FALSE,-1
7117,58,2,1,827.37,2011-05-11T00:00:00Z,FALSE,-1
7118,11,46,4,526.78,2011-05-11T00:00:00Z,FALSE,-1
7119,67,35,3,999.19,2011-05-11T00:00:00Z,FALSE,-1
7120,15,32,2,235.23,2011-05-11T00:00:00Z,FALSE,-1
7121,5,87,3,267.58,2011-05-11T00:00:00Z,FALSE,-1
7122,84,58,3,799.22,2011-05-11T00:00:00Z,FALSE,-1
7123,0,27,3,299.26,2011-05-11T00:00:00Z,FALSE,-1
7124,65,24,1,173.23,2011-05-11T00:00:00Z,FALSE,-1
7125,1,49,3,720.12,2011-05-11T00:00:00Z,FALSE,-1
7126,51,30,3,602.95,2011-05-11T00:00:00Z,FALSE,-1
7127,88,26,1,141.42,2011-05-11T00:00:00Z,FALSE,-1
7128,6,30,1,966.05,2011-05-11T00:00:00Z,FALSE,-1
7129,57,8,3,409.78,2011-05-11T00:00:00Z,FALSE,-1
7130,14,20,1,298.69,2011-05-11T00:00:00Z,FALSE,-1
7131,54,28,1,406,2011-05-11T00:00:00Z,FALSE,-1
7132,75,96,3,740.67,2011-05-11T00:00:00Z,FALSE,-1
7133,38,45,1,374.55,2011-05-12T00:00:00Z,FALSE,-1
7134,64,15,3,204.76,2011-05-12T00:00:00Z,FALSE,-1
7135,96,70,3,554.56,2011-05-12T00:00:00Z,FALSE,-1
7136,30,36,1,596.74,2011-05-12T00:00:00Z,FALSE,-1
7137,7,22,2,767.13,2011-05-12T00:00:00Z,FALSE,-1
7138,61,1,1,846.74,2011-05-12T00:00:00Z,FALSE,-1
7139,78,45,1,348.67,2011-05-12T00:00:00Z,FALSE,-1
7140,68,34,1,652.2,2011-05-12T00:00:00Z,FALSE,-1
7141,93,98,3,856.86,2011-05-12T00:00:00Z,FALSE,-1
7142,24,60,1,427.3,2011-05-12T00:00:00Z,FALSE,-1
7143,21,44,1,148.32,2011-05-12T00:00:00Z,FALSE,-1
7144,23,79,1,247.88,2011-05-12T00:00:00Z,FALSE,-1
7145,95,82,1,669.98,2011-05-12T00:00:00Z,FALSE,-1
7146,14,48,2,877.22,2011-05-12T00:00:00Z,FALSE,-1
7147,21,40,2,183.64,2011-05-12T00:00:00Z,FALSE,-1
7148,82,73,3,145.68,2011-05-12T00:00:00Z,FALSE,-1
7149,85,67,1,822.59,2011-05-12T00:00:00Z,FALSE,-1
7150,70,9,4,517.98,2011-05-12T00:00:00Z,FALSE,-1
7151,9,38,3,136.45,2011-05-13T00:00:00Z,FALSE,-1
7152,16,98,3,845.66,2011-05-13T00:00:00Z,FALSE,-1
7153,97,27,2,920,2011-05-13T00:00:00Z,FALSE,-1
7154,98,95,2,768.13,2011-05-13T00:00:00Z,FALSE,-1
7155,39,35,1,633.46,2011-05-13T00:00:00Z,FALSE,-1
7156,69,17,3,191.91,2011-05-13T00:00:00Z,FALSE,-1
7157,22,56,2,747.89,2011-05-13T00:00:00Z,FALSE,-1
7158,80,69,1,260.52,2011-05-13T00:00:00Z,FALSE,-1
7159,42,41,2,629.79,2011-05-13T00:00:00Z,FALSE,-1
7160,44,43,3,364.93,2011-05-13T00:00:00Z,FALSE,-1
7161,13,34,1,983.18,2011-05-14T00:00:00Z,FALSE,-1
7162,12,6,2,601.17,2011-05-14T00:00:00Z,FALSE,-1
7163,19,28,1,637.98,2011-05-14T00:00:00Z,FALSE,-1
7164,90,82,3,636,2011-05-14T00:00:00Z,FALSE,-1
7165,53,32,2,868.1,2011-05-14T00:00:00Z,FALSE,-1
7166,54,31,1,280.56,2011-05-14T00:00:00Z,FALSE,-1
7167,91,71,1,518.14,2011-05-14T00:00:00Z,FALSE,-1
7168,87,79,3,428.9,2011-05-14T00:00:00Z,FALSE,-1
7169,97,27,2,832.94,2011-05-14T00:00:00Z,FALSE,-1
7170,99,73,1,405.04,2011-05-14T00:00:00Z,FALSE,-1
7171,92,99,3,938.1,2011-05-14T00:00:00Z,FALSE,-1
7172,18,96,1,790.8,2011-05-14T00:00:00Z,FALSE,-1
7173,88,26,1,231.42,2011-05-14T00:00:00Z,FALSE,-1
7174,55,39,1,800.27,2011-05-14T00:00:00Z,FALSE,-1
7175,62,5,2,952.57,2011-05-14T00:00:00Z,FALSE,-1
7176,21,44,1,359.31,2011-05-14T00:00:00Z,FALSE,-1
7177,77,29,3,528.81,2011-05-15T00:00:00Z,FALSE,-1
7178,20,64,1,762.43,2011-05-15T00:00:00Z,FALSE,-1
7179,17,77,1,193.29,2011-05-15T00:00:00Z,FALSE,-1
7180,99,25,1,367.5,2011-05-15T00:00:00Z,FALSE,-1
7181,55,0,1,139.38,2011-05-15T00:00:00Z,FALSE,-1
7182,94,44,1,584.29,2011-05-15T00:00:00Z,FALSE,-1
7183,56,20,1,700.2,2011-05-15T00:00:00Z,FALSE,-1
7184,4,89,1,439.71,2011-05-15T00:00:00Z,FALSE,-1
7185,98,47,1,620.19,2011-05-15T00:00:00Z,FALSE,-1
7186,89,88,2,369.39,2011-05-15T00:00:00Z,FALSE,-1
7187,10,91,1,746.1,2011-05-15T00:00:00Z,FALSE,-1
7188,3,73,3,116.78,2011-05-15T00:00:00Z,FALSE,-1
7189,46,38,1,479.27,2011-05-15T00:00:00Z,FALSE,-1
7190,76,51,3,410.62,2011-05-16T00:00:00Z,FALSE,-1
7191,83,99,3,505.91,2011-05-16T00:00:00Z,FALSE,-1
7192,71,29,1,196.76,2011-05-16T00:00:00Z,FALSE,-1
7193,29,34,1,388.98,2011-05-16T00:00:00Z,FALSE,-1
7194,59,7,2,563.1,2011-05-16T00:00:00Z,FALSE,-1
7195,79,44,2,822.31,2011-05-16T00:00:00Z,FALSE,-1
7196,60,17,3,784.62,2011-05-17T00:00:00Z,FALSE,-1
7197,72,39,2,679.85,2011-05-17T00:00:00Z,FALSE,-1
7198,11,86,3,744.03,2011-05-17T00:00:00Z,FALSE,-1
7199,81,25,3,741.47,2011-05-17T00:00:00Z,FALSE,-1
7200,15,32,2,416.38,2011-05-17T00:00:00Z,FALSE,-1
7201,74,11,1,952.19,2011-05-17T00:00:00Z,FALSE,-1
7202,40,37,3,491.53,2011-05-17T00:00:00Z,FALSE,-1
7203,66,7,3,153.34,2011-05-17T00:00:00Z,FALSE,-1
7204,2,86,2,554.44,2011-05-17T00:00:00Z,FALSE,-1
7205,52,35,1,384.82,2011-05-17T00:00:00Z,FALSE,-1
7206,63,33,3,655.74,2011-05-17T00:00:00Z,FALSE,-1
7207,44,33,1,507.1,2011-05-17T00:00:00Z,FALSE,-1
7208,86,95,3,306.65,2011-05-17T00:00:00Z,FALSE,-1
7209,25,29,2,562.35,2011-05-17T00:00:00Z,FALSE,-1
7210,31,28,1,285.56,2011-05-17T00:00:00Z,FALSE,-1
7211,8,66,3,1008.86,2011-05-17T00:00:00Z,FALSE,-1
7212,41,42,1,960.59,2011-05-17T00:00:00Z,FALSE,-1
7213,73,3,3,308.92,2011-05-17T00:00:00Z,FALSE,-1
7214,50,2,2,657.82,2011-05-17T00:00:00Z,FALSE,-1
7215,14,30,1,609.82,2011-05-17T00:00:00Z,FALSE,-1
7216,94,49,2,147.54,2011-05-17T00:00:00Z,FALSE,-1
7217,1,97,3,411.1,2011-05-18T00:00:00Z,FALSE,-1
7218,14,30,1,297,2011-05-18T00:00:00Z,FALSE,-1
7219,57,8,3,955.1,2011-05-18T00:00:00Z,FALSE,-1
7220,0,55,3,531.1,2011-05-18T00:00:00Z,FALSE,-1
7221,67,35,1,316.03,2011-05-18T00:00:00Z,FALSE,-1
7222,5,33,2,781.28,2011-05-18T00:00:00Z,FALSE,-1
7223,51,30,3,926.41,2011-05-18T00:00:00Z,FALSE,-1
7224,65,24,1,215.54,2011-05-18T00:00:00Z,FALSE,-1
7225,88,17,2,446.2,2011-05-18T00:00:00Z,FALSE,-1
7226,66,32,3,628.57,2011-05-18T00:00:00Z,FALSE,-1
7227,84,92,1,838.43,2011-05-18T00:00:00Z,FALSE,-1
7228,58,2,3,999.07,2011-05-18T00:00:00Z,FALSE,-1
7229,6,94,3,783.42,2011-05-18T00:00:00Z,FALSE,-1
7230,54,28,1,772.61,2011-05-18T00:00:00Z,FALSE,-1
7231,75,65,1,497.45,2011-05-18T00:00:00Z,FALSE,-1
7232,18,46,2,455.95,2011-05-18T00:00:00Z,FALSE,-1
7233,42,36,3,959.17,2011-05-19T00:00:00Z,FALSE,-1
7234,61,1,1,619.69,2011-05-19T00:00:00Z,FALSE,-1
7235,69,48,1,184.01,2011-05-19T00:00:00Z,FALSE,-1
7236,23,37,1,487.01,2011-05-19T00:00:00Z,FALSE,-1
7237,93,27,2,693.66,2011-05-19T00:00:00Z,FALSE,-1
7238,24,69,3,893.58,2011-05-19T00:00:00Z,FALSE,-1
7239,7,59,3,106.3,2011-05-19T00:00:00Z,FALSE,-1
7240,85,79,1,289.25,2011-05-19T00:00:00Z,FALSE,-1
7241,40,45,1,811.63,2011-05-19T00:00:00Z,FALSE,-1
7242,96,90,3,525.26,2011-05-19T00:00:00Z,FALSE,-1
7243,78,83,3,322.66,2011-05-19T00:00:00Z,FALSE,-1
7244,64,15,1,723.25,2011-05-19T00:00:00Z,FALSE,-1
7245,95,70,3,386.5,2011-05-19T00:00:00Z,FALSE,-1
7246,70,9,3,883.57,2011-05-19T00:00:00Z,FALSE,-1
7247,21,99,2,437.97,2011-05-19T00:00:00Z,FALSE,-1
7248,68,34,1,516.34,2011-05-19T00:00:00Z,FALSE,-1
7249,82,95,3,608.87,2011-05-19T00:00:00Z,FALSE,-1
7250,55,40,1,676.87,2011-05-19T00:00:00Z,FALSE,-1
7251,98,12,3,272.9,2011-05-20T00:00:00Z,FALSE,-1
7252,97,74,4,797.69,2011-05-20T00:00:00Z,FALSE,-1
7253,59,35,2,830.97,2011-05-20T00:00:00Z,FALSE,-1
7254,16,61,2,732.54,2011-05-20T00:00:00Z,FALSE,-1
7255,9,23,1,467.52,2011-05-20T00:00:00Z,FALSE,-1
7256,69,17,1,595.53,2011-05-20T00:00:00Z,FALSE,-1
7257,80,78,2,335.68,2011-05-20T00:00:00Z,FALSE,-1
7258,52,41,2,135.34,2011-05-20T00:00:00Z,FALSE,-1
7259,60,43,1,865.92,2011-05-20T00:00:00Z,FALSE,-1
7260,22,92,2,811.31,2011-05-20T00:00:00Z,FALSE,-1
7261,91,97,1,954.45,2011-05-21T00:00:00Z,FALSE,-1
7262,92,91,2,484.03,2011-05-21T00:00:00Z,FALSE,-1
7263,76,44,3,514.06,2011-05-21T00:00:00Z,FALSE,-1
7264,70,39,1,986.41,2011-05-21T00:00:00Z,FALSE,-1
7265,11,26,3,672.8,2011-05-21T00:00:00Z,FALSE,-1
7266,90,2,1,223.76,2011-05-21T00:00:00Z,FALSE,-1
7267,18,91,1,841.46,2011-05-21T00:00:00Z,FALSE,-1
7268,13,77,1,1047.68,2011-05-21T00:00:00Z,FALSE,-1
7269,19,85,3,518.14,2011-05-21T00:00:00Z,FALSE,-1
7270,12,5,3,815.08,2011-05-21T00:00:00Z,FALSE,-1
7271,87,98,3,687.13,2011-05-21T00:00:00Z,FALSE,-1
7272,53,32,2,993.22,2011-05-21T00:00:00Z,FALSE,-1
7273,58,31,1,709.01,2011-05-21T00:00:00Z,FALSE,-1
7274,62,5,1,705.66,2011-05-21T00:00:00Z,FALSE,-1
7275,0,27,3,758.34,2011-05-21T00:00:00Z,FALSE,-1
7276,99,7,3,837.46,2011-05-21T00:00:00Z,FALSE,-1
7277,6,25,4,969.24,2011-05-22T00:00:00Z,FALSE,-1
7278,94,48,3,902.19,2011-05-22T00:00:00Z,FALSE,-1
7279,17,60,1,1053.58,2011-05-22T00:00:00Z,FALSE,-1
7280,55,0,1,955.91,2011-05-22T00:00:00Z,FALSE,-1
7281,4,24,3,1006.28,2011-05-22T00:00:00Z,FALSE,-1
7282,56,20,1,990.25,2011-05-22T00:00:00Z,FALSE,-1
7283,3,47,1,210.88,2011-05-22T00:00:00Z,FALSE,-1
7284,83,38,1,454.43,2011-05-22T00:00:00Z,FALSE,-1
7285,20,56,2,106.88,2011-05-22T00:00:00Z,FALSE,-1
7286,10,93,2,345.18,2011-05-22T00:00:00Z,FALSE,-1
7287,3,47,1,749.83,2011-05-22T00:00:00Z,FALSE,-1
7288,89,98,3,273.94,2011-05-22T00:00:00Z,FALSE,-1
7289,77,82,2,165.98,2011-05-22T00:00:00Z,FALSE,-1
7290,71,29,3,780.28,2011-05-23T00:00:00Z,FALSE,-1
7291,83,20,1,171.24,2011-05-23T00:00:00Z,FALSE,-1
7292,79,36,1,674.39,2011-05-23T00:00:00Z,FALSE,-1
7293,36,34,1,724.27,2011-05-23T00:00:00Z,FALSE,-1
7294,59,7,2,537.99,2011-05-23T00:00:00Z,FALSE,-1
7295,76,32,3,238.06,2011-05-23T00:00:00Z,FALSE,-1
7296,63,33,3,489.31,2011-05-24T00:00:00Z,FALSE,-1
7297,81,91,2,861.54,2011-05-24T00:00:00Z,FALSE,-1
7298,8,61,1,452.8,2011-05-24T00:00:00Z,FALSE,-1
7299,66,7,3,409.67,2011-05-24T00:00:00Z,FALSE,-1
7300,80,37,3,838.11,2011-05-24T00:00:00Z,FALSE,-1
7301,60,17,1,758.61,2011-05-24T00:00:00Z,FALSE,-1
7302,50,2,3,316.48,2011-05-24T00:00:00Z,FALSE,-1
7303,86,93,1,678.1,2011-05-24T00:00:00Z,FALSE,-1
7304,69,42,2,547.03,2011-05-24T00:00:00Z,FALSE,-1
7305,2,58,3,502.07,2011-05-24T00:00:00Z,FALSE,-1
7306,52,35,2,557.5,2011-05-24T00:00:00Z,FALSE,-1
7307,15,47,1,348.66,2011-05-24T00:00:00Z,FALSE,-1
7308,58,33,1,517.01,2011-05-24T00:00:00Z,FALSE,-1
7309,35,29,3,539.61,2011-05-24T00:00:00Z,FALSE,-1
7310,74,11,1,276.34,2011-05-24T00:00:00Z,FALSE,-1
7311,32,28,1,284.35,2011-05-24T00:00:00Z,FALSE,-1
7312,11,26,3,982.56,2011-05-24T00:00:00Z,FALSE,-1
7313,1,49,3,143.83,2011-05-24T00:00:00Z,FALSE,-1
7314,73,3,3,531.37,2011-05-24T00:00:00Z,FALSE,-1
7315,72,39,2,802.21,2011-05-24T00:00:00Z,FALSE,-1
7316,44,30,3,270.55,2011-05-24T00:00:00Z,FALSE,-1
7317,57,8,1,997.34,2011-05-25T00:00:00Z,FALSE,-1
7318,84,55,1,875.69,2011-05-25T00:00:00Z,FALSE,-1
7319,88,89,3,381.37,2011-05-25T00:00:00Z,FALSE,-1
7320,65,24,2,808.09,2011-05-25T00:00:00Z,FALSE,-1
7321,67,35,1,644.54,2011-05-25T00:00:00Z,FALSE,-1
7322,1,61,1,534.82,2011-05-25T00:00:00Z,FALSE,-1
7323,76,32,3,787.02,2011-05-25T00:00:00Z,FALSE,-1
7324,0,27,3,855.48,2011-05-25T00:00:00Z,FALSE,-1
7325,51,30,4,491.94,2011-05-25T00:00:00Z,FALSE,-1
7326,5,62,2,983.85,2011-05-25T00:00:00Z,FALSE,-1
7327,62,46,3,770.71,2011-05-25T00:00:00Z,FALSE,-1
7328,14,16,4,933.03,2011-05-25T00:00:00Z,FALSE,-1
7329,6,25,4,246.72,2011-05-25T00:00:00Z,FALSE,-1
7330,58,2,1,318.11,2011-05-25T00:00:00Z,FALSE,-1
7331,54,28,1,686.4,2011-05-25T00:00:00Z,FALSE,-1
7332,75,73,3,126.55,2011-05-25T00:00:00Z,FALSE,-1
7333,7,66,1,620.74,2011-05-26T00:00:00Z,FALSE,-1
7334,74,48,2,705.27,2011-05-26T00:00:00Z,FALSE,-1
7335,61,1,3,264.92,2011-05-26T00:00:00Z,FALSE,-1
7336,23,20,3,814.71,2011-05-26T00:00:00Z,FALSE,-1
7337,21,81,1,741.54,2011-05-26T00:00:00Z,FALSE,-1
7338,68,34,3,941.43,2011-05-26T00:00:00Z,FALSE,-1
7339,96,29,2,112.37,2011-05-26T00:00:00Z,FALSE,-1
7340,61,40,2,658.5,2011-05-26T00:00:00Z,FALSE,-1
7341,70,9,1,660.62,2011-05-26T00:00:00Z,FALSE,-1
7342,64,15,1,269.76,2011-05-26T00:00:00Z,FALSE,-1
7343,95,35,1,466.64,2011-05-26T00:00:00Z,FALSE,-1
7344,24,26,1,331.86,2011-05-26T00:00:00Z,FALSE,-1
7345,78,77,1,572.92,2011-05-26T00:00:00Z,FALSE,-1
7346,82,99,1,920.37,2011-05-26T00:00:00Z,FALSE,-1
7347,85,95,3,331.42,2011-05-26T00:00:00Z,FALSE,-1
7348,93,78,3,559.18,2011-05-26T00:00:00Z,FALSE,-1
7349,50,45,3,532.3,2011-05-26T00:00:00Z,FALSE,-1
7350,55,36,3,292.05,2011-05-26T00:00:00Z,FALSE,-1
7351,9,70,3,892.67,2011-05-27T00:00:00Z,FALSE,-1
7352,16,50,3,1009.86,2011-05-27T00:00:00Z,FALSE,-1
7353,80,67,3,689.8,2011-05-27T00:00:00Z,FALSE,-1
7354,22,99,1,845.72,2011-05-27T00:00:00Z,FALSE,-1
7355,66,43,3,162.67,2011-05-27T00:00:00Z,FALSE,-1
7356,87,35,2,850.94,2011-05-27T00:00:00Z,FALSE,-1
7357,68,41,2,734.91,2011-05-27T00:00:00Z,FALSE,-1
7358,98,22,3,579.95,2011-05-27T00:00:00Z,FALSE,-1
7359,97,48,3,709.76,2011-05-27T00:00:00Z,FALSE,-1
7360,69,17,1,722.87,2011-05-27T00:00:00Z,FALSE,-1
7361,53,32,3,183.3,2011-05-28T00:00:00Z,FALSE,-1
7362,91,52,1,117.72,2011-05-28T00:00:00Z,FALSE,-1
7363,92,81,2,366.51,2011-05-28T00:00:00Z,FALSE,-1
7364,13,26,3,675.67,2011-05-28T00:00:00Z,FALSE,-1
7365,18,99,3,966.81,2011-05-28T00:00:00Z,FALSE,-1
7366,63,31,3,332.52,2011-05-28T00:00:00Z,FALSE,-1
7367,13,26,3,180.77,2011-05-28T00:00:00Z,FALSE,-1
7368,99,85,4,917.02,2011-05-28T00:00:00Z,FALSE,-1
7369,12,97,1,207.34,2011-05-28T00:00:00Z,FALSE,-1
7370,32,27,3,109.46,2011-05-28T00:00:00Z,FALSE,-1
7371,87,97,2,465.47,2011-05-28T00:00:00Z,FALSE,-1
7372,19,7,3,660.93,2011-05-28T00:00:00Z,FALSE,-1
7373,62,5,3,990.09,2011-05-28T00:00:00Z,FALSE,-1
7374,90,39,1,168.95,2011-05-28T00:00:00Z,FALSE,-1
7375,72,39,2,563.1,2011-05-28T00:00:00Z,FALSE,-1
7376,79,44,2,701.04,2011-05-28T00:00:00Z,FALSE,-1
7377,55,0,2,937.82,2011-05-29T00:00:00Z,FALSE,-1
7378,77,95,4,555,2011-05-29T00:00:00Z,FALSE,-1
7379,20,55,1,369.73,2011-05-29T00:00:00Z,FALSE,-1
7380,56,20,1,694.85,2011-05-29T00:00:00Z,FALSE,-1
7381,89,37,2,605.65,2011-05-29T00:00:00Z,FALSE,-1
7382,4,92,2,205.45,2011-05-29T00:00:00Z,FALSE,-1
7383,3,87,3,857.23,2011-05-29T00:00:00Z,FALSE,-1
7384,94,25,1,449.36,2011-05-29T00:00:00Z,FALSE,-1
7385,10,78,3,532.24,2011-05-29T00:00:00Z,FALSE,-1
7386,56,25,4,529.09,2011-05-29T00:00:00Z,FALSE,-1
7387,17,69,3,330.3,2011-05-29T00:00:00Z,FALSE,-1
7388,15,47,1,795.11,2011-05-29T00:00:00Z,FALSE,-1
7389,88,38,1,276.91,2011-05-29T00:00:00Z,FALSE,-1
7390,76,61,1,375.74,2011-05-30T00:00:00Z,FALSE,-1
7391,59,7,3,694.89,2011-05-30T00:00:00Z,FALSE,-1
7392,71,29,3,464.84,2011-05-30T00:00:00Z,FALSE,-1
7393,83,33,1,750.12,2011-05-30T00:00:00Z,FALSE,-1
7394,77,34,3,507.01,2011-05-30T00:00:00Z,FALSE,-1
7395,79,91,3,218.51,2011-05-30T00:00:00Z,FALSE,-1
7396,81,32,1,105.11,2011-05-31T00:00:00Z,FALSE,-1
7397,83,33,1,969.36,2011-05-31T00:00:00Z,FALSE,-1
7398,11,98,2,819.29,2011-05-31T00:00:00Z,FALSE,-1
7399,86,82,3,257.84,2011-05-31T00:00:00Z,FALSE,-1
7400,73,3,1,479.8,2011-05-31T00:00:00Z,FALSE,-1
7401,60,17,2,515.69,2011-05-31T00:00:00Z,FALSE,-1
7402,50,2,3,823.86,2011-05-31T00:00:00Z,FALSE,-1
7403,52,35,1,332.04,2011-05-31T00:00:00Z,FALSE,-1
7404,38,49,1,442.38,2011-05-31T00:00:00Z,FALSE,-1
7405,74,11,1,554.48,2011-05-31T00:00:00Z,FALSE,-1
7406,2,50,3,203.07,2011-05-31T00:00:00Z,FALSE,-1
7407,8,73,1,102.33,2011-05-31T00:00:00Z,FALSE,-1
7408,63,33,2,208.92,2011-05-31T00:00:00Z,FALSE,-1
7409,92,30,3,158.16,2011-05-31T00:00:00Z,FALSE,-1
7410,70,42,3,234.05,2011-05-31T00:00:00Z,FALSE,-1
7411,66,7,1,839.94,2011-05-31T00:00:00Z,FALSE,-1
7412,72,39,2,941.78,2011-05-31T00:00:00Z,FALSE,-1
7413,34,28,1,982.34,2011-05-31T00:00:00Z,FALSE,-1
7414,15,22,3,155.62,2011-05-31T00:00:00Z,FALSE,-1
7415,66,29,1,405,2011-05-31T00:00:00Z,FALSE,-1
7416,88,37,2,891.02,2011-05-31T00:00:00Z,FALSE,-1
7417,6,93,2,211.04,2011-06-01T00:00:00Z,FALSE,-1
7418,0,55,3,678.46,2011-06-01T00:00:00Z,FALSE,-1
7419,58,2,3,290.99,2011-06-01T00:00:00Z,FALSE,-1
7420,88,90,1,765.68,2011-06-01T00:00:00Z,FALSE,-1
7421,81,32,1,470.9,2011-06-01T00:00:00Z,FALSE,-1
7422,65,24,3,439.67,2011-06-01T00:00:00Z,FALSE,-1
7423,67,35,3,789.62,2011-06-01T00:00:00Z,FALSE,-1
7424,1,49,3,232.28,2011-06-01T00:00:00Z,FALSE,-1
7425,73,46,2,340.78,2011-06-01T00:00:00Z,FALSE,-1
7426,57,8,1,646.46,2011-06-01T00:00:00Z,FALSE,-1
7427,51,30,3,813.06,2011-06-01T00:00:00Z,FALSE,-1
7428,84,76,3,657.25,2011-06-01T00:00:00Z,FALSE,-1
7429,54,28,1,589.51,2011-06-01T00:00:00Z,FALSE,-1
7430,14,55,3,305.46,2011-06-01T00:00:00Z,FALSE,-1
7431,5,87,3,606.87,2011-06-01T00:00:00Z,FALSE,-1
7432,75,25,1,979.17,2011-06-01T00:00:00Z,FALSE,-1
7433,93,73,1,916.71,2011-06-02T00:00:00Z,FALSE,-1
7434,78,14,2,844.52,2011-06-02T00:00:00Z,FALSE,-1
7435,24,90,2,634.97,2011-06-02T00:00:00Z,FALSE,-1
7436,23,98,1,1012.52,2011-06-02T00:00:00Z,FALSE,-1
7437,61,1,3,444.92,2011-06-02T00:00:00Z,FALSE,-1
7438,64,40,1,580.03,2011-06-02T00:00:00Z,FALSE,-1
7439,79,36,1,354.63,2011-06-02T00:00:00Z,FALSE,-1
7440,68,34,2,183.1,2011-06-02T00:00:00Z,FALSE,-1
7441,91,48,1,103.92,2011-06-02T00:00:00Z,FALSE,-1
7442,21,92,3,402,2011-06-02T00:00:00Z,FALSE,-1
7443,95,84,3,634.31,2011-06-02T00:00:00Z,FALSE,-1
7444,7,79,1,540.17,2011-06-02T00:00:00Z,FALSE,-1
7445,82,97,2,945.78,2011-06-02T00:00:00Z,FALSE,-1
7446,85,47,4,716.23,2011-06-02T00:00:00Z,FALSE,-1
7447,64,15,3,724.61,2011-06-02T00:00:00Z,FALSE,-1
7448,54,45,2,255.79,2011-06-02T00:00:00Z,FALSE,-1
7449,96,83,3,622.55,2011-06-02T00:00:00Z,FALSE,-1
7450,70,9,1,296.31,2011-06-02T00:00:00Z,FALSE,-1
7451,22,74,1,129.58,2011-06-03T00:00:00Z,FALSE,-1
7452,69,17,3,708.23,2011-06-03T00:00:00Z,FALSE,-1
7453,74,41,1,873.48,2011-06-03T00:00:00Z,FALSE,-1
7454,97,18,1,371.73,2011-06-03T00:00:00Z,FALSE,-1
7455,98,60,3,576.59,2011-06-03T00:00:00Z,FALSE,-1
7456,80,19,1,690.26,2011-06-03T00:00:00Z,FALSE,-1
7457,9,77,1,378.16,2011-06-03T00:00:00Z,FALSE,-1
7458,67,43,3,794.89,2011-06-03T00:00:00Z,FALSE,-1
7459,16,44,3,526.56,2011-06-03T00:00:00Z,FALSE,-1
7460,95,35,1,266.79,2011-06-03T00:00:00Z,FALSE,-1
7461,90,53,1,429.64,2011-06-04T00:00:00Z,FALSE,-1
7462,18,46,2,211.03,2011-06-04T00:00:00Z,FALSE,-1
7463,99,64,1,318.5,2011-06-04T00:00:00Z,FALSE,-1
7464,92,90,1,846.93,2011-06-04T00:00:00Z,FALSE,-1
7465,87,45,4,884.28,2011-06-04T00:00:00Z,FALSE,-1
7466,87,31,3,755.61,2011-06-04T00:00:00Z,FALSE,-1
7467,24,26,1,283.59,2011-06-04T00:00:00Z,FALSE,-1
7468,19,99,1,895.97,2011-06-04T00:00:00Z,FALSE,-1
7469,13,97,3,257.09,2011-06-04T00:00:00Z,FALSE,-1
7470,53,32,3,872.52,2011-06-04T00:00:00Z,FALSE,-1
7471,44,27,2,287.08,2011-06-04T00:00:00Z,FALSE,-1
7472,80,39,3,649.05,2011-06-04T00:00:00Z,FALSE,-1
7473,86,44,2,689.26,2011-06-04T00:00:00Z,FALSE,-1
7474,62,5,1,650.54,2011-06-04T00:00:00Z,FALSE,-1
7475,12,11,3,318.14,2011-06-04T00:00:00Z,FALSE,-1
7476,91,94,1,301.98,2011-06-04T00:00:00Z,FALSE,-1
7477,10,70,3,572.15,2011-06-05T00:00:00Z,FALSE,-1
7478,20,29,3,488.86,2011-06-05T00:00:00Z,FALSE,-1
7479,76,95,3,201.63,2011-06-05T00:00:00Z,TRUE,2
7480,94,92,1,195.77,2011-06-05T00:00:00Z,FALSE,-1
7481,56,20,1,434.81,2011-06-05T00:00:00Z,FALSE,-1
7482,17,42,1,236.69,2011-06-05T00:00:00Z,FALSE,-1
7483,42,47,1,511.64,2011-06-05T00:00:00Z,FALSE,-1
7484,89,94,1,903.95,2011-06-05T00:00:00Z,FALSE,-1
7485,77,42,2,641,2011-06-05T00:00:00Z,FALSE,-1
7486,95,38,1,225.06,2011-06-05T00:00:00Z,FALSE,-1
7487,75,25,1,709.68,2011-06-05T00:00:00Z,FALSE,-1
7488,55,0,1,781.46,2011-06-05T00:00:00Z,FALSE,-1
7489,4,89,1,329.57,2011-06-05T00:00:00Z,FALSE,-1
7490,3,73,3,865.28,2011-06-05T00:00:00Z,FALSE,-1
7491,93,34,3,986.87,2011-06-06T00:00:00Z,FALSE,-1
7492,83,38,1,879.17,2011-06-06T00:00:00Z,FALSE,-1
7493,59,7,1,114.03,2011-06-06T00:00:00Z,FALSE,-1
7494,71,29,1,779.83,2011-06-06T00:00:00Z,FALSE,-1
7495,76,80,2,455.2,2011-06-06T00:00:00Z,FALSE,-1
7496,79,82,3,648.44,2011-06-06T00:00:00Z,FALSE,-1
7497,74,11,1,300.48,2011-06-07T00:00:00Z,FALSE,-1
7498,77,42,2,299.05,2011-06-07T00:00:00Z,FALSE,-1
7499,50,2,3,867.53,2011-06-07T00:00:00Z,FALSE,-1
7500,35,28,3,963.06,2011-06-07T00:00:00Z,FALSE,-1
7501,81,76,2,857.34,2011-06-07T00:00:00Z,FALSE,-1
7502,86,94,1,403.83,2011-06-07T00:00:00Z,FALSE,-1
7503,72,39,2,749.15,2011-06-07T00:00:00Z,FALSE,-1
7504,77,29,3,500.37,2011-06-07T00:00:00Z,FALSE,-1
7505,2,86,2,745.53,2011-06-07T00:00:00Z,FALSE,-1
7506,66,7,3,600.96,2011-06-07T00:00:00Z,FALSE,-1
7507,94,33,2,482.21,2011-06-07T00:00:00Z,FALSE,-1
7508,94,30,2,207.86,2011-06-07T00:00:00Z,FALSE,-1
7509,11,46,4,513.02,2011-06-07T00:00:00Z,FALSE,-1
7510,15,24,2,824.26,2011-06-07T00:00:00Z,FALSE,-1
7511,56,49,3,774.08,2011-06-07T00:00:00Z,FALSE,-1
7512,89,37,2,860.71,2011-06-07T00:00:00Z,FALSE,-1
7513,8,57,3,465.25,2011-06-07T00:00:00Z,FALSE,-1
7514,73,3,3,508.31,2011-06-07T00:00:00Z,FALSE,-1
7515,52,35,1,379.33,2011-06-07T00:00:00Z,FALSE,-1
7516,60,17,1,381.36,2011-06-07T00:00:00Z,FALSE,-1
7517,63,33,1,707.91,2011-06-07T00:00:00Z,FALSE,-1
7518,58,2,1,759.89,2011-06-08T00:00:00Z,FALSE,-1
7519,1,97,3,974.32,2011-06-08T00:00:00Z,FALSE,-1
7520,65,24,1,340.61,2011-06-08T00:00:00Z,FALSE,-1
7521,95,46,1,895.93,2011-06-08T00:00:00Z,FALSE,-1
7522,51,30,4,110.39,2011-06-08T00:00:00Z,FALSE,-1
7523,0,27,3,627.28,2011-06-08T00:00:00Z,FALSE,-1
7524,54,28,1,432.5,2011-06-08T00:00:00Z,FALSE,-1
7525,84,98,3,268.16,2011-06-08T00:00:00Z,FALSE,-1
7526,88,57,3,364.17,2011-06-08T00:00:00Z,FALSE,-1
7527,67,35,3,569.54,2011-06-08T00:00:00Z,FALSE,-1
7528,14,48,2,221.5,2011-06-08T00:00:00Z,FALSE,-1
7529,5,33,2,933.81,2011-06-08T00:00:00Z,FALSE,-1
7530,75,98,2,987.88,2011-06-08T00:00:00Z,FALSE,-1
7531,83,32,3,513.66,2011-06-08T00:00:00Z,FALSE,-1
7532,57,8,2,446.61,2011-06-08T00:00:00Z,FALSE,-1
7533,6,30,1,999.86,2011-06-08T00:00:00Z,FALSE,-1
7534,70,9,2,688.97,2011-06-09T00:00:00Z,FALSE,-1
7535,78,80,3,671.49,2011-06-09T00:00:00Z,FALSE,-1
7536,96,84,1,579.9,2011-06-09T00:00:00Z,FALSE,-1
7537,94,48,3,475.51,2011-06-09T00:00:00Z,FALSE,-1
7538,82,40,1,607.43,2011-06-09T00:00:00Z,FALSE,-1
7539,95,43,1,386.77,2011-06-09T00:00:00Z,FALSE,-1
7540,93,54,3,501.46,2011-06-09T00:00:00Z,FALSE,-1
7541,7,22,2,195.68,2011-06-09T00:00:00Z,FALSE,-1
7542,78,45,1,438.54,2011-06-09T00:00:00Z,FALSE,-1
7543,24,65,1,583.31,2011-06-09T00:00:00Z,FALSE,-1
7544,85,66,1,826.1,2011-06-09T00:00:00Z,FALSE,-1
7545,93,36,1,710.58,2011-06-09T00:00:00Z,FALSE,-1
7546,82,8,3,393.88,2011-06-09T00:00:00Z,FALSE,-1
7547,64,15,1,968.17,2011-06-09T00:00:00Z,FALSE,-1
7548,68,34,1,249.63,2011-06-09T00:00:00Z,FALSE,-1
7549,21,40,2,734.68,2011-06-09T00:00:00Z,FALSE,-1
7550,23,50,3,562.54,2011-06-09T00:00:00Z,FALSE,-1
7551,61,1,1,764.34,2011-06-09T00:00:00Z,FALSE,-1
7552,98,81,3,244.03,2011-06-10T00:00:00Z,FALSE,-1
7553,68,43,1,750.93,2011-06-10T00:00:00Z,FALSE,-1
7554,9,38,3,881.96,2011-06-10T00:00:00Z,FALSE,-1
7555,98,41,1,914.4,2011-06-10T00:00:00Z,FALSE,-1
7556,69,17,3,330.45,2011-06-10T00:00:00Z,FALSE,-1
7557,22,62,1,713.01,2011-06-10T00:00:00Z,FALSE,-1
7558,97,22,3,294.11,2011-06-10T00:00:00Z,FALSE,-1
7559,16,83,1,685.97,2011-06-10T00:00:00Z,FALSE,-1
7560,80,8,3,821.42,2011-06-10T00:00:00Z,FALSE,-1
7561,52,35,1,605.58,2011-06-10T00:00:00Z,FALSE,-1
7562,13,95,3,202.93,2011-06-11T00:00:00Z,FALSE,-1
7563,88,44,3,978.13,2011-06-11T00:00:00Z,FALSE,-1
7564,12,57,3,133.51,2011-06-11T00:00:00Z,FALSE,-1
7565,90,39,1,366.68,2011-06-11T00:00:00Z,FALSE,-1
7566,91,51,1,871.91,2011-06-11T00:00:00Z,FALSE,-1
7567,45,27,3,879.4,2011-06-11T00:00:00Z,FALSE,-1
7568,92,2,3,660.81,2011-06-11T00:00:00Z,FALSE,-1
7569,19,97,3,349.76,2011-06-11T00:00:00Z,FALSE,-1
7570,53,32,1,331.86,2011-06-11T00:00:00Z,FALSE,-1
7571,90,6,2,439.65,2011-06-11T00:00:00Z,FALSE,-1
7572,87,89,4,107.22,2011-06-11T00:00:00Z,FALSE,-1
7573,62,5,3,743.29,2011-06-11T00:00:00Z,FALSE,-1
7574,36,26,1,391.67,2011-06-11T00:00:00Z,FALSE,-1
7575,99,91,2,438.54,2011-06-11T00:00:00Z,FALSE,-1
7576,18,96,1,606.1,2011-06-11T00:00:00Z,FALSE,-1
7577,49,31,1,134.26,2011-06-11T00:00:00Z,FALSE,-1
7578,20,92,1,728.87,2011-06-12T00:00:00Z,FALSE,-1
7579,10,41,3,246.83,2011-06-12T00:00:00Z,FALSE,-1
7580,56,20,3,932.08,2011-06-12T00:00:00Z,FALSE,-1
7581,3,47,1,1003.64,2011-06-12T00:00:00Z,FALSE,-1
7582,89,86,3,684.79,2011-06-12T00:00:00Z,FALSE,-1
7583,4,24,3,466.58,2011-06-12T00:00:00Z,FALSE,-1
7584,96,38,3,418.42,2011-06-12T00:00:00Z,FALSE,-1
7585,17,70,1,102.58,2011-06-12T00:00:00Z,FALSE,-1
7586,81,25,3,699.59,2011-06-12T00:00:00Z,FALSE,-1
7587,55,0,1,196.75,2011-06-12T00:00:00Z,FALSE,-1
7588,94,86,3,667.64,2011-06-12T00:00:00Z,FALSE,-1
7589,77,52,3,338.48,2011-06-12T00:00:00Z,FALSE,-1
7590,77,47,3,773.85,2011-06-12T00:00:00Z,FALSE,-1
7591,94,34,2,783.13,2011-06-13T00:00:00Z,FALSE,-1
7592,83,90,1,662.9,2011-06-13T00:00:00Z,FALSE,-1
7593,79,96,4,157.68,2011-06-13T00:00:00Z,FALSE,-1
7594,76,74,3,408.54,2011-06-13T00:00:00Z,FALSE,-1
7595,71,29,2,388.97,2011-06-13T00:00:00Z,FALSE,-1
7596,59,7,1,313.48,2011-06-13T00:00:00Z,FALSE,-1
7597,98,30,1,393.24,2011-06-14T00:00:00Z,FALSE,-1
7598,59,49,2,311.57,2011-06-14T00:00:00Z,FALSE,-1
7599,73,3,2,412.96,2011-06-14T00:00:00Z,FALSE,-1
7600,81,68,3,669.27,2011-06-14T00:00:00Z,FALSE,-1
7601,2,58,3,903.01,2011-06-14T00:00:00Z,FALSE,-1
7602,52,35,1,664.63,2011-06-14T00:00:00Z,FALSE,-1
7603,15,64,1,462.3,2011-06-14T00:00:00Z,FALSE,-1
7604,91,37,2,298.86,2011-06-14T00:00:00Z,FALSE,-1
7605,11,74,2,135.71,2011-06-14T00:00:00Z,FALSE,-1
7606,63,33,3,228.06,2011-06-14T00:00:00Z,FALSE,-1
7607,50,2,3,733.3,2011-06-14T00:00:00Z,FALSE,-1
7608,66,7,3,989,2011-06-14T00:00:00Z,FALSE,-1
7609,96,29,2,783.49,2011-06-14T00:00:00Z,FALSE,-1
7610,36,28,3,723.52,2011-06-14T00:00:00Z,FALSE,-1
7611,86,56,2,917.11,2011-06-14T00:00:00Z,FALSE,-1
7612,72,39,2,647.61,2011-06-14T00:00:00Z,FALSE,-1
7613,74,11,1,931.34,2011-06-14T00:00:00Z,FALSE,-1
7614,8,66,3,424.31,2011-06-14T00:00:00Z,FALSE,-1
7615,89,42,1,932.97,2011-06-14T00:00:00Z,FALSE,-1
7616,98,33,3,379.28,2011-06-14T00:00:00Z,FALSE,-1
7617,60,17,3,120.24,2011-06-14T00:00:00Z,FALSE,-1
7618,97,46,1,619.43,2011-06-15T00:00:00Z,FALSE,-1
7619,6,94,3,300.52,2011-06-15T00:00:00Z,FALSE,-1
7620,57,8,2,646.66,2011-06-15T00:00:00Z,FALSE,-1
7621,99,32,1,263.89,2011-06-15T00:00:00Z,FALSE,-1
7622,1,61,1,188.34,2011-06-15T00:00:00Z,FALSE,-1
7623,84,78,1,781.97,2011-06-15T00:00:00Z,FALSE,-1
7624,65,24,3,871.27,2011-06-15T00:00:00Z,FALSE,-1
7625,75,78,2,684.25,2011-06-15T00:00:00Z,FALSE,-1
7626,5,62,2,104.64,2011-06-15T00:00:00Z,FALSE,-1
7627,54,28,1,710.93,2011-06-15T00:00:00Z,FALSE,-1
7628,14,20,1,837.55,2011-06-15T00:00:00Z,FALSE,-1
7629,58,2,1,764.42,2011-06-15T00:00:00Z,FALSE,-1
7630,88,44,3,490.18,2011-06-15T00:00:00Z,FALSE,-1
7631,51,30,3,184.07,2011-06-15T00:00:00Z,FALSE,-1
7632,67,35,1,493.63,2011-06-15T00:00:00Z,FALSE,-1
7633,0,55,3,891.79,2011-06-15T00:00:00Z,FALSE,-1
7634,24,91,2,302.06,2011-06-16T00:00:00Z,FALSE,-1
7635,64,15,1,292.92,2011-06-16T00:00:00Z,FALSE,-1
7636,23,17,2,334.62,2011-06-16T00:00:00Z,FALSE,-1
7637,87,45,4,468.78,2011-06-16T00:00:00Z,FALSE,-1
7638,94,40,1,688.2,2011-06-16T00:00:00Z,FALSE,-1
7639,96,63,1,790.78,2011-06-16T00:00:00Z,FALSE,-1
7640,97,48,3,625.73,2011-06-16T00:00:00Z,FALSE,-1
7641,70,9,3,254.98,2011-06-16T00:00:00Z,FALSE,-1
7642,85,80,2,160.89,2011-06-16T00:00:00Z,FALSE,-1
7643,97,36,1,583.86,2011-06-16T00:00:00Z,FALSE,-1
7644,93,34,3,134.52,2011-06-16T00:00:00Z,FALSE,-1
7645,95,89,1,789.65,2011-06-16T00:00:00Z,FALSE,-1
7646,68,34,1,408.91,2011-06-16T00:00:00Z,FALSE,-1
7647,7,59,3,962.63,2011-06-16T00:00:00Z,FALSE,-1
7648,61,1,2,189.87,2011-06-16T00:00:00Z,FALSE,-1
7649,21,44,1,899.01,2011-06-16T00:00:00Z,FALSE,-1
7650,78,21,1,355.81,2011-06-16T00:00:00Z,FALSE,-1
7651,82,47,3,366.28,2011-06-16T00:00:00Z,FALSE,-1
7652,98,72,3,380.35,2011-06-17T00:00:00Z,FALSE,-1
7653,97,36,1,855.32,2011-06-17T00:00:00Z,FALSE,-1
7654,69,17,2,830.63,2011-06-17T00:00:00Z,FALSE,-1
7655,99,41,1,964.05,2011-06-17T00:00:00Z,FALSE,-1
7656,67,35,1,316.7,2011-06-17T00:00:00Z,FALSE,-1
7657,95,43,1,936.25,2011-06-17T00:00:00Z,FALSE,-1
7658,80,37,3,164.43,2011-06-17T00:00:00Z,FALSE,-1
7659,22,56,2,641.15,2011-06-17T00:00:00Z,FALSE,-1
7660,9,23,1,773.68,2011-06-17T00:00:00Z,FALSE,-1
7661,16,98,3,583.78,2011-06-17T00:00:00Z,FALSE,-1
7662,54,31,1,221.07,2011-06-18T00:00:00Z,FALSE,-1
7663,13,34,1,197.76,2011-06-18T00:00:00Z,FALSE,-1
7664,12,6,2,167.09,2011-06-18T00:00:00Z,FALSE,-1
7665,93,27,2,107.85,2011-06-18T00:00:00Z,FALSE,-1
7666,18,91,1,228.54,2011-06-18T00:00:00Z,FALSE,-1
7667,62,5,1,782.15,2011-06-18T00:00:00Z,FALSE,-1
7668,92,39,1,704.37,2011-06-18T00:00:00Z,FALSE,-1
7669,91,78,3,908.19,2011-06-18T00:00:00Z,FALSE,-1
7670,62,26,3,356.41,2011-06-18T00:00:00Z,FALSE,-1
7671,90,76,2,424.74,2011-06-18T00:00:00Z,FALSE,-1
7672,53,32,1,368.66,2011-06-18T00:00:00Z,FALSE,-1
7673,94,44,1,872.32,2011-06-18T00:00:00Z,FALSE,-1
7674,87,71,3,770.29,2011-06-18T00:00:00Z,FALSE,-1
7675,92,93,4,386.44,2011-06-18T00:00:00Z,FALSE,-1
7676,19,28,1,140.66,2011-06-18T00:00:00Z,FALSE,-1
7677,99,86,3,218.96,2011-06-18T00:00:00Z,FALSE,-1
7678,98,38,3,676.74,2011-06-19T00:00:00Z,FALSE,-1
7679,20,64,1,293.3,2011-06-19T00:00:00Z,FALSE,-1
7680,77,96,1,919.31,2011-06-19T00:00:00Z,FALSE,-1
7681,3,87,3,362.61,2011-06-19T00:00:00Z,FALSE,-1
7682,56,20,4,589.84,2011-06-19T00:00:00Z,FALSE,-1
7683,82,47,3,873.61,2011-06-19T00:00:00Z,FALSE,-1
7684,4,92,2,709.91,2011-06-19T00:00:00Z,FALSE,-1
7685,55,0,2,170.71,2011-06-19T00:00:00Z,FALSE,-1
7686,94,99,3,415.02,2011-06-19T00:00:00Z,FALSE,-1
7687,17,77,1,978.76,2011-06-19T00:00:00Z,FALSE,-1
7688,94,25,1,327.32,2011-06-19T00:00:00Z,FALSE,-1
7689,89,96,1,348.33,2011-06-19T00:00:00Z,FALSE,-1
7690,10,91,1,957.5,2011-06-19T00:00:00Z,FALSE,-1
7691,83,97,2,377.44,2011-06-20T00:00:00Z,FALSE,-1
7692,68,34,1,739.3,2011-06-20T00:00:00Z,FALSE,-1
7693,71,29,3,652.04,2011-06-20T00:00:00Z,FALSE,-1
7694,79,74,2,651.74,2011-06-20T00:00:00Z,FALSE,-1
7695,76,69,1,321.85,2011-06-20T00:00:00Z,FALSE,-1
7696,59,7,2,805.07,2011-06-20T00:00:00Z,FALSE,-1
7697,74,11,1,367.32,2011-06-21T00:00:00Z,FALSE,-1
7698,73,3,2,728.62,2011-06-21T00:00:00Z,FALSE,-1
7699,11,86,3,306.44,2011-06-21T00:00:00Z,FALSE,-1
7700,95,37,3,764.11,2011-06-21T00:00:00Z,FALSE,-1
7701,15,32,2,531.51,2011-06-21T00:00:00Z,FALSE,-1
7702,66,7,3,905.75,2011-06-21T00:00:00Z,FALSE,-1
7703,71,29,3,328.61,2011-06-21T00:00:00Z,FALSE,-1
7704,60,17,3,892.06,2011-06-21T00:00:00Z,FALSE,-1
7705,72,39,2,921.01,2011-06-21T00:00:00Z,FALSE,-1
7706,81,50,3,114.86,2011-06-21T00:00:00Z,FALSE,-1
7707,52,35,1,806.09,2011-06-21T00:00:00Z,FALSE,-1
7708,8,61,1,859.45,2011-06-21T00:00:00Z,FALSE,-1
7709,95,42,3,251.7,2011-06-21T00:00:00Z,FALSE,-1
7710,51,30,3,392.11,2011-06-21T00:00:00Z,FALSE,-1
7711,86,44,2,284.85,2011-06-21T00:00:00Z,FALSE,-1
7712,63,33,1,934.08,2011-06-21T00:00:00Z,FALSE,-1
7713,2,50,3,201.44,2011-06-21T00:00:00Z,FALSE,-1
7714,63,33,3,628.35,2011-06-21T00:00:00Z,FALSE,-1
7715,37,28,2,494.73,2011-06-21T00:00:00Z,FALSE,-1
7716,50,2,1,671.77,2011-06-21T00:00:00Z,FALSE,-1
7717,67,49,1,576.44,2011-06-21T00:00:00Z,FALSE,-1
7718,75,11,1,677.7,2011-06-22T00:00:00Z,FALSE,-1
7719,84,70,2,214.45,2011-06-22T00:00:00Z,FALSE,-1
7720,65,24,1,146.33,2011-06-22T00:00:00Z,FALSE,-1
7721,54,28,1,260.35,2011-06-22T00:00:00Z,FALSE,-1
7722,58,2,1,355.87,2011-06-22T00:00:00Z,FALSE,-1
7723,6,25,4,684.3,2011-06-22T00:00:00Z,FALSE,-1
7724,14,30,1,355.57,2011-06-22T00:00:00Z,FALSE,-1
7725,53,32,1,862.06,2011-06-22T00:00:00Z,FALSE,-1
7726,67,35,1,359.34,2011-06-22T00:00:00Z,FALSE,-1
7727,57,8,1,828.68,2011-06-22T00:00:00Z,FALSE,-1
7728,88,37,2,547.33,2011-06-22T00:00:00Z,FALSE,-1
7729,51,30,2,718.42,2011-06-22T00:00:00Z,FALSE,-1
7730,99,46,1,863.33,2011-06-22T00:00:00Z,FALSE,-1
7731,0,27,3,216.82,2011-06-22T00:00:00Z,FALSE,-1
7732,1,49,3,157.55,2011-06-22T00:00:00Z,FALSE,-1
7733,5,87,3,788.83,2011-06-22T00:00:00Z,FALSE,-1
7734,21,99,2,983.09,2011-06-23T00:00:00Z,FALSE,-1
7735,70,9,3,638.69,2011-06-23T00:00:00Z,FALSE,-1
7736,98,36,2,930.4,2011-06-23T00:00:00Z,FALSE,-1
7737,23,79,1,424.33,2011-06-23T00:00:00Z,FALSE,-1
7738,91,45,1,113.11,2011-06-23T00:00:00Z,FALSE,-1
7739,68,34,1,968.24,2011-06-23T00:00:00Z,FALSE,-1
7740,78,72,1,343.96,2011-06-23T00:00:00Z,FALSE,-1
7741,93,36,1,115.78,2011-06-23T00:00:00Z,FALSE,-1
7742,82,75,2,971.42,2011-06-23T00:00:00Z,FALSE,-1
7743,24,60,1,887.47,2011-06-23T00:00:00Z,FALSE,-1
7744,85,50,2,498.57,2011-06-23T00:00:00Z,FALSE,-1
7745,96,55,3,460.88,2011-06-23T00:00:00Z,FALSE,-1
7746,64,15,3,970.88,2011-06-23T00:00:00Z,FALSE,-1
7747,95,93,3,960.65,2011-06-23T00:00:00Z,FALSE,-1
7748,99,48,2,311.11,2011-06-23T00:00:00Z,FALSE,-1
7749,98,40,3,527.89,2011-06-23T00:00:00Z,FALSE,-1
7750,61,1,3,973.27,2011-06-23T00:00:00Z,FALSE,-1
7751,7,66,1,355.44,2011-06-23T00:00:00Z,FALSE,-1
7752,98,2,1,174.45,2011-06-24T00:00:00Z,FALSE,-1
7753,33,43,1,242.86,2011-06-24T00:00:00Z,FALSE,-1
7754,22,92,2,907.58,2011-06-24T00:00:00Z,FALSE,-1
7755,10,41,3,634.67,2011-06-24T00:00:00Z,FALSE,-1
7756,80,77,4,827.57,2011-06-24T00:00:00Z,FALSE,-1
7757,28,35,3,445.81,2011-06-24T00:00:00Z,FALSE,-1
7758,69,17,3,555.15,2011-06-24T00:00:00Z,FALSE,-1
7759,97,99,1,691.71,2011-06-24T00:00:00Z,FALSE,-1
7760,9,70,3,219.18,2011-06-24T00:00:00Z,FALSE,-1
7761,16,61,2,320.08,2011-06-24T00:00:00Z,FALSE,-1
7762,18,99,3,518.22,2011-06-25T00:00:00Z,FALSE,-1
7763,99,48,2,305.6,2011-06-25T00:00:00Z,FALSE,-1
7764,87,70,1,169.34,2011-06-25T00:00:00Z,FALSE,-1
7765,53,32,1,518.16,2011-06-25T00:00:00Z,FALSE,-1
7766,88,26,1,894,2011-06-25T00:00:00Z,FALSE,-1
7767,62,5,1,865.69,2011-06-25T00:00:00Z,FALSE,-1
7768,13,77,1,779.63,2011-06-25T00:00:00Z,FALSE,-1
7769,92,62,2,171.45,2011-06-25T00:00:00Z,FALSE,-1
7770,29,39,1,266.58,2011-06-25T00:00:00Z,FALSE,-1
7771,90,87,2,613.86,2011-06-25T00:00:00Z,FALSE,-1
7772,16,44,3,996.09,2011-06-25T00:00:00Z,FALSE,-1
7773,58,31,1,717.4,2011-06-25T00:00:00Z,FALSE,-1
7774,19,85,3,397.59,2011-06-25T00:00:00Z,FALSE,-1
7775,97,27,2,564,2011-06-25T00:00:00Z,FALSE,-1
7776,91,80,2,513.97,2011-06-25T00:00:00Z,FALSE,-1
7777,12,5,3,629.7,2011-06-25T00:00:00Z,FALSE,-1
7778,4,89,1,679.71,2011-06-26T00:00:00Z,FALSE,-1
7779,94,58,1,994.6,2011-06-26T00:00:00Z,FALSE,-1
7780,56,20,3,626.69,2011-06-26T00:00:00Z,FALSE,-1
7781,89,51,1,506.95,2011-06-26T00:00:00Z,FALSE,-1
7782,99,25,1,758.04,2011-06-26T00:00:00Z,FALSE,-1
7783,85,47,4,236.47,2011-06-26T00:00:00Z,FALSE,-1
7784,20,56,2,175.28,2011-06-26T00:00:00Z,FALSE,-1
7785,10,93,2,572.55,2011-06-26T00:00:00Z,FALSE,-1
7786,17,60,1,790.33,2011-06-26T00:00:00Z,FALSE,-1
7787,3,73,3,907.01,2011-06-26T00:00:00Z,FALSE,-1
7788,9,38,3,417.42,2011-06-26T00:00:00Z,FALSE,-1
7789,77,65,2,378.62,2011-06-26T00:00:00Z,FALSE,-1
7790,55,0,3,695.22,2011-06-26T00:00:00Z,FALSE,-1
7791,83,95,1,282.01,2011-06-27T00:00:00Z,FALSE,-1
7792,59,7,1,326.15,2011-06-27T00:00:00Z,FALSE,-1
7793,76,72,1,176.76,2011-06-27T00:00:00Z,FALSE,-1
7794,71,29,4,255.5,2011-06-27T00:00:00Z,FALSE,-1
7795,79,95,1,479.41,2011-06-27T00:00:00Z,FALSE,-1
7796,13,34,1,356.01,2011-06-27T00:00:00Z,FALSE,-1
7797,23,37,1,289.1,2011-06-28T00:00:00Z,FALSE,-1
7798,15,47,1,906.21,2011-06-28T00:00:00Z,FALSE,-1
7799,8,73,1,301.15,2011-06-28T00:00:00Z,FALSE,-1
7800,6,30,1,656,2011-06-28T00:00:00Z,FALSE,-1
7801,52,35,3,305.1,2011-06-28T00:00:00Z,FALSE,-1
7802,50,2,3,407.01,2011-06-28T00:00:00Z,FALSE,-1
7803,86,49,1,130.36,2011-06-28T00:00:00Z,FALSE,-1
7804,5,33,2,294.48,2011-06-28T00:00:00Z,FALSE,-1
7805,11,26,3,352.45,2011-06-28T00:00:00Z,FALSE,-1
7806,73,3,3,976.83,2011-06-28T00:00:00Z,FALSE,-1
7807,20,29,3,172.39,2011-06-28T00:00:00Z,FALSE,-1
7808,74,11,1,268.42,2011-06-28T00:00:00Z,FALSE,-1
7809,86,18,3,442.83,2011-06-28T00:00:00Z,FALSE,-1
7810,38,28,2,709.34,2011-06-28T00:00:00Z,FALSE,-1
7811,66,7,2,985.21,2011-06-28T00:00:00Z,FALSE,-1
7812,17,42,1,339.04,2011-06-28T00:00:00Z,FALSE,-1
7813,72,39,2,469.68,2011-06-28T00:00:00Z,FALSE,-1
7814,60,17,1,731.96,2011-06-28T00:00:00Z,FALSE,-1
7815,2,86,2,848.85,2011-06-28T00:00:00Z,FALSE,-1
7816,63,33,1,778.26,2011-06-28T00:00:00Z,FALSE,-1
7817,81,95,1,916.85,2011-06-28T00:00:00Z,FALSE,-1
7818,11,46,4,629.36,2011-06-29T00:00:00Z,FALSE,-1
7819,51,30,3,316.41,2011-06-29T00:00:00Z,FALSE,-1
7820,88,79,1,383.14,2011-06-29T00:00:00Z,FALSE,-1
7821,14,16,4,747.3,2011-06-29T00:00:00Z,FALSE,-1
7822,84,95,2,441.74,2011-06-29T00:00:00Z,FALSE,-1
7823,58,2,1,731.24,2011-06-29T00:00:00Z,FALSE,-1
7824,54,28,1,619.02,2011-06-29T00:00:00Z,FALSE,-1
7825,1,97,3,147.92,2011-06-29T00:00:00Z,FALSE,-1
7826,75,96,3,755.7,2011-06-29T00:00:00Z,FALSE,-1
7827,5,33,2,855.6,2011-06-29T00:00:00Z,FALSE,-1
7828,65,24,3,888.18,2011-06-29T00:00:00Z,FALSE,-1
7829,0,55,3,591.18,2011-06-29T00:00:00Z,FALSE,-1
7830,6,93,2,154.48,2011-06-29T00:00:00Z,FALSE,-1
7831,57,8,1,382.73,2011-06-29T00:00:00Z,FALSE,-1
7832,67,35,1,594.71,2011-06-29T00:00:00Z,FALSE,-1
7833,15,32,2,215.75,2011-06-29T00:00:00Z,FALSE,-1
7834,85,78,3,946.89,2011-06-30T00:00:00Z,FALSE,-1
7835,82,84,3,688.81,2011-06-30T00:00:00Z,FALSE,-1
7836,70,9,1,253.89,2011-06-30T00:00:00Z,FALSE,-1
7837,14,48,2,851.36,2011-06-30T00:00:00Z,FALSE,-1
7838,96,94,3,564.8,2011-06-30T00:00:00Z,FALSE,-1
7839,64,15,2,868.94,2011-06-30T00:00:00Z,FALSE,-1
7840,38,45,1,654.3,2011-06-30T00:00:00Z,FALSE,-1
7841,93,49,3,175.16,2011-06-30T00:00:00Z,FALSE,-1
7842,24,69,3,328.38,2011-06-30T00:00:00Z,FALSE,-1
7843,30,36,1,396.35,2011-06-30T00:00:00Z,FALSE,-1
7844,68,34,1,802.72,2011-06-30T00:00:00Z,FALSE,-1
7845,23,37,1,602.51,2011-06-30T00:00:00Z,FALSE,-1
7846,21,40,2,135.62,2011-06-30T00:00:00Z,FALSE,-1
7847,95,77,1,655.06,2011-06-30T00:00:00Z,FALSE,-1
7848,7,79,1,876.31,2011-06-30T00:00:00Z,FALSE,-1
7849,61,1,3,968.61,2011-06-30T00:00:00Z,FALSE,-1
7850,78,92,1,739.64,2011-06-30T00:00:00Z,FALSE,-1
7851,21,81,1,320.26,2011-06-30T00:00:00Z,FALSE,-1
7852,97,59,1,838.2,2011-07-01T00:00:00Z,FALSE,-1
7853,80,39,3,649.24,2011-07-01T00:00:00Z,FALSE,-1
7854,98,47,1,519.99,2011-07-01T00:00:00Z,FALSE,-1
7855,39,35,1,454,2011-07-01T00:00:00Z,FALSE,-1
7856,22,99,1,825.43,2011-07-01T00:00:00Z,FALSE,-1
7857,44,43,3,804.3,2011-07-01T00:00:00Z,FALSE,-1
7858,16,50,3,612.3,2011-07-01T00:00:00Z,FALSE,-1
7859,69,17,1,553.62,2011-07-01T00:00:00Z,FALSE,-1
7860,9,77,1,373.77,2011-07-01T00:00:00Z,FALSE,-1
7861,42,41,2,221.56,2011-07-01T00:00:00Z,FALSE,-1
7862,63,31,3,903.31,2011-07-02T00:00:00Z,FALSE,-1
7863,91,37,2,361.44,2011-07-02T00:00:00Z,FALSE,-1
7864,62,5,3,467.9,2011-07-02T00:00:00Z,FALSE,-1
7865,55,39,1,843.58,2011-07-02T00:00:00Z,FALSE,-1
7866,87,35,2,594.85,2011-07-02T00:00:00Z,FALSE,-1
7867,92,65,1,121.82,2011-07-02T00:00:00Z,FALSE,-1
7868,12,97,1,695.18,2011-07-02T00:00:00Z,FALSE,-1
7869,0,27,3,155.03,2011-07-02T00:00:00Z,FALSE,-1
7870,90,96,2,768.5,2011-07-02T00:00:00Z,FALSE,-1
7871,13,26,3,733.13,2011-07-02T00:00:00Z,FALSE,-1
7872,18,46,2,493.34,2011-07-02T00:00:00Z,FALSE,-1
7873,19,7,3,456,2011-07-02T00:00:00Z,FALSE,-1
7874,21,44,1,314.8,2011-07-02T00:00:00Z,FALSE,-1
7875,99,98,3,313.07,2011-07-02T00:00:00Z,FALSE,-1
7876,11,26,3,607.58,2011-07-02T00:00:00Z,FALSE,-1
7877,53,32,3,206.32,2011-07-02T00:00:00Z,FALSE,-1
7878,46,38,1,928.47,2011-07-03T00:00:00Z,FALSE,-1
7879,97,47,1,944.44,2011-07-03T00:00:00Z,FALSE,-1
7880,89,42,1,931.81,2011-07-03T00:00:00Z,FALSE,-1
7881,17,69,3,495.79,2011-07-03T00:00:00Z,FALSE,-1
7882,4,24,3,514.08,2011-07-03T00:00:00Z,FALSE,-1
7883,3,47,1,538.36,2011-07-03T00:00:00Z,FALSE,-1
7884,77,68,1,942.07,2011-07-03T00:00:00Z,FALSE,-1
7885,6,25,4,552.7,2011-07-03T00:00:00Z,FALSE,-1
7886,94,34,2,594.01,2011-07-03T00:00:00Z,FALSE,-1
7887,20,55,1,139.55,2011-07-03T00:00:00Z,FALSE,-1
7888,56,20,4,777.99,2011-07-03T00:00:00Z,FALSE,-1
7889,10,78,3,352.54,2011-07-03T00:00:00Z,FALSE,-1
7890,55,0,1,839.62,2011-07-03T00:00:00Z,FALSE,-1
7891,71,29,1,225.56,2011-07-04T00:00:00Z,FALSE,-1
7892,79,17,3,163.87,2011-07-04T00:00:00Z,FALSE,-1
7893,29,34,1,670.91,2011-07-04T00:00:00Z,FALSE,-1
7894,59,7,2,423.75,2011-07-04T00:00:00Z,FALSE,-1
7895,83,94,3,174.23,2011-07-04T00:00:00Z,FALSE,-1
7896,76,95,3,420.19,2011-07-04T00:00:00Z,FALSE,-1
7897,63,33,3,189.64,2011-07-05T00:00:00Z,FALSE,-1
7898,39,28,3,116.3,2011-07-05T00:00:00Z,FALSE,-1
7899,73,3,3,201.51,2011-07-05T00:00:00Z,FALSE,-1
7900,52,35,1,581.87,2011-07-05T00:00:00Z,FALSE,-1
7901,50,2,3,988.31,2011-07-05T00:00:00Z,FALSE,-1
7902,44,33,1,471.47,2011-07-05T00:00:00Z,FALSE,-1
7903,2,58,3,398.06,2011-07-05T00:00:00Z,FALSE,-1
7904,40,37,3,317.32,2011-07-05T00:00:00Z,FALSE,-1
7905,25,29,2,308.49,2011-07-05T00:00:00Z,FALSE,-1
7906,41,42,1,526.47,2011-07-05T00:00:00Z,FALSE,-1
7907,15,22,3,593.4,2011-07-05T00:00:00Z,FALSE,-1
7908,8,57,3,1058,2011-07-05T00:00:00Z,FALSE,-1
7909,60,17,1,311.93,2011-07-05T00:00:00Z,FALSE,-1
7910,66,7,3,215.46,2011-07-05T00:00:00Z,FALSE,-1
7911,93,49,3,803.4,2011-07-05T00:00:00Z,FALSE,-1
7912,14,30,1,227.38,2011-07-05T00:00:00Z,FALSE,-1
7913,74,11,1,973.84,2011-07-05T00:00:00Z,FALSE,-1
7914,11,98,2,633.25,2011-07-05T00:00:00Z,FALSE,-1
7915,86,49,1,376.49,2011-07-05T00:00:00Z,FALSE,-1
7916,81,54,2,890.37,2011-07-05T00:00:00Z,FALSE,-1
7917,72,39,2,875.32,2011-07-05T00:00:00Z,FALSE,-1
7918,51,30,3,821.81,2011-07-06T00:00:00Z,FALSE,-1
7919,1,61,1,531.12,2011-07-06T00:00:00Z,FALSE,-1
7920,65,24,1,264.67,2011-07-06T00:00:00Z,FALSE,-1
7921,6,30,1,549.67,2011-07-06T00:00:00Z,FALSE,-1
7922,67,35,2,834.51,2011-07-06T00:00:00Z,FALSE,-1
7923,18,46,2,146.36,2011-07-06T00:00:00Z,FALSE,-1
7924,75,65,1,898.74,2011-07-06T00:00:00Z,FALSE,-1
7925,0,27,3,386.29,2011-07-06T00:00:00Z,FALSE,-1
7926,54,28,1,629.49,2011-07-06T00:00:00Z,FALSE,-1
7927,57,8,3,836.13,2011-07-06T00:00:00Z,FALSE,-1
7928,66,32,3,617.46,2011-07-06T00:00:00Z,FALSE,-1
7929,14,55,3,689.84,2011-07-06T00:00:00Z,FALSE,-1
7930,88,28,3,612.02,2011-07-06T00:00:00Z,FALSE,-1
7931,5,62,2,557.17,2011-07-06T00:00:00Z,FALSE,-1
7932,58,2,3,130.86,2011-07-06T00:00:00Z,FALSE,-1
7933,84,75,3,173.33,2011-07-06T00:00:00Z,FALSE,-1
7934,42,36,3,522.98,2011-07-07T00:00:00Z,FALSE,-1
7935,70,9,1,428.76,2011-07-07T00:00:00Z,FALSE,-1
7936,55,40,1,713.58,2011-07-07T00:00:00Z,FALSE,-1
7937,95,69,1,691.62,2011-07-07T00:00:00Z,FALSE,-1
7938,78,62,1,342.57,2011-07-07T00:00:00Z,FALSE,-1
7939,24,26,1,119.57,2011-07-07T00:00:00Z,FALSE,-1
7940,85,60,1,495.74,2011-07-07T00:00:00Z,FALSE,-1
7941,23,20,3,768.34,2011-07-07T00:00:00Z,FALSE,-1
7942,21,92,3,1005.86,2011-07-07T00:00:00Z,FALSE,-1
7943,68,34,2,297.13,2011-07-07T00:00:00Z,FALSE,-1
7944,82,56,3,974.8,2011-07-07T00:00:00Z,FALSE,-1
7945,93,86,3,720.77,2011-07-07T00:00:00Z,FALSE,-1
7946,61,1,3,696.4,2011-07-07T00:00:00Z,FALSE,-1
7947,40,45,1,619.19,2011-07-07T00:00:00Z,FALSE,-1
7948,69,48,1,592.61,2011-07-07T00:00:00Z,FALSE,-1
7949,64,15,1,422.3,2011-07-07T00:00:00Z,FALSE,-1
7950,96,99,2,334.35,2011-07-07T00:00:00Z,FALSE,-1
7951,7,22,2,948.67,2011-07-07T00:00:00Z,FALSE,-1
7952,59,35,2,577.91,2011-07-08T00:00:00Z,FALSE,-1
7953,9,38,3,795.9,2011-07-08T00:00:00Z,FALSE,-1
7954,98,76,3,492.2,2011-07-08T00:00:00Z,FALSE,-1
7955,80,12,1,754.32,2011-07-08T00:00:00Z,FALSE,-1
7956,52,41,2,758.35,2011-07-08T00:00:00Z,FALSE,-1
7957,97,54,1,678.33,2011-07-08T00:00:00Z,FALSE,-1
7958,60,43,1,867.17,2011-07-08T00:00:00Z,FALSE,-1
7959,16,44,3,300.5,2011-07-08T00:00:00Z,FALSE,-1
7960,69,17,1,484.35,2011-07-08T00:00:00Z,FALSE,-1
7961,22,74,1,305.84,2011-07-08T00:00:00Z,FALSE,-1
7962,13,97,3,699.14,2011-07-09T00:00:00Z,FALSE,-1
7963,87,31,3,647.99,2011-07-09T00:00:00Z,FALSE,-1
7964,13,26,3,727.4,2011-07-09T00:00:00Z,FALSE,-1
7965,70,39,1,925.4,2011-07-09T00:00:00Z,FALSE,-1
7966,53,32,3,125.24,2011-07-09T00:00:00Z,FALSE,-1
7967,76,44,3,644.24,2011-07-09T00:00:00Z,FALSE,-1
7968,90,79,1,113.8,2011-07-09T00:00:00Z,FALSE,-1
7969,12,11,3,148.89,2011-07-09T00:00:00Z,FALSE,-1
7970,19,99,1,156.45,2011-07-09T00:00:00Z,FALSE,-1
7971,99,74,3,305.54,2011-07-09T00:00:00Z,FALSE,-1
7972,92,64,3,158.03,2011-07-09T00:00:00Z,FALSE,-1
7973,91,67,3,892.61,2011-07-09T00:00:00Z,FALSE,-1
7974,18,96,1,864.87,2011-07-09T00:00:00Z,FALSE,-1
7975,62,5,3,686.82,2011-07-09T00:00:00Z,FALSE,-1
7976,32,27,3,749.17,2011-07-09T00:00:00Z,FALSE,-1
7977,87,82,3,516.41,2011-07-09T00:00:00Z,FALSE,-1
7978,10,70,3,537.24,2011-07-10T00:00:00Z,FALSE,-1
7979,89,90,3,267.16,2011-07-10T00:00:00Z,FALSE,-1
7980,3,87,3,721.64,2011-07-10T00:00:00Z,FALSE,-1
7981,56,25,4,808.48,2011-07-10T00:00:00Z,FALSE,-1
7982,83,38,1,476.76,2011-07-10T00:00:00Z,FALSE,-1
7983,17,42,1,236.34,2011-07-10T00:00:00Z,FALSE,-1
7984,4,92,2,550.55,2011-07-10T00:00:00Z,FALSE,-1
7985,20,29,3,984.91,2011-07-10T00:00:00Z,FALSE,-1
7986,55,0,1,569.02,2011-07-10T00:00:00Z,FALSE,-1
7987,98,47,1,146.97,2011-07-10T00:00:00Z,FALSE,-1
7988,56,20,3,802.89,2011-07-10T00:00:00Z,FALSE,-1
7989,94,13,2,506.76,2011-07-10T00:00:00Z,FALSE,-1
7990,77,34,3,858.01,2011-07-10T00:00:00Z,FALSE,-1
7991,76,63,4,323.35,2011-07-11T00:00:00Z,FALSE,-1
7992,36,34,1,778.83,2011-07-11T00:00:00Z,FALSE,-1
7993,71,29,3,606.88,2011-07-11T00:00:00Z,FALSE,-1
7994,79,88,3,437.74,2011-07-11T00:00:00Z,FALSE,-1
7995,59,7,2,423.7,2011-07-11T00:00:00Z,FALSE,-1
7996,83,13,1,480.51,2011-07-11T00:00:00Z,FALSE,-1
7997,40,28,1,188.49,2011-07-12T00:00:00Z,FALSE,-1
7998,72,39,2,601.74,2011-07-12T00:00:00Z,FALSE,-1
7999,11,46,4,434.85,2011-07-12T00:00:00Z,FALSE,-1
8000,58,33,1,617.26,2011-07-12T00:00:00Z,FALSE,-1
8001,15,24,2,448.9,2011-07-12T00:00:00Z,FALSE,-1
8002,81,59,1,460.28,2011-07-12T00:00:00Z,FALSE,-1
8003,66,7,3,649.54,2011-07-12T00:00:00Z,FALSE,-1
8004,94,49,2,607.23,2011-07-12T00:00:00Z,FALSE,-1
8005,52,35,1,256.49,2011-07-12T00:00:00Z,FALSE,-1
8006,69,42,2,329.25,2011-07-12T00:00:00Z,FALSE,-1
8007,63,33,2,743.11,2011-07-12T00:00:00Z,FALSE,-1
8008,80,37,3,870.87,2011-07-12T00:00:00Z,FALSE,-1
8009,35,29,3,472.41,2011-07-12T00:00:00Z,FALSE,-1
8010,74,11,1,789.46,2011-07-12T00:00:00Z,FALSE,-1
8011,86,98,1,196.54,2011-07-12T00:00:00Z,FALSE,-1
8012,60,17,2,679.18,2011-07-12T00:00:00Z,FALSE,-1
8013,73,3,1,262.14,2011-07-12T00:00:00Z,FALSE,-1
8014,8,66,3,881.59,2011-07-12T00:00:00Z,FALSE,-1
8015,2,50,3,656.74,2011-07-12T00:00:00Z,FALSE,-1
8016,44,30,3,651.34,2011-07-12T00:00:00Z,FALSE,-1
8017,50,2,1,489.32,2011-07-12T00:00:00Z,FALSE,-1
8018,76,32,3,209.4,2011-07-13T00:00:00Z,FALSE,-1
8019,51,30,4,164.7,2011-07-13T00:00:00Z,FALSE,-1
8020,5,87,3,279.95,2011-07-13T00:00:00Z,FALSE,-1
8021,58,2,2,838.87,2011-07-13T00:00:00Z,FALSE,-1
8022,6,94,3,430.01,2011-07-13T00:00:00Z,FALSE,-1
8023,62,46,3,713.84,2011-07-13T00:00:00Z,FALSE,-1
8024,88,16,2,850.22,2011-07-13T00:00:00Z,FALSE,-1
8025,65,24,2,534.55,2011-07-13T00:00:00Z,FALSE,-1
8026,0,55,3,477.7,2011-07-13T00:00:00Z,FALSE,-1
8027,84,99,3,742.4,2011-07-13T00:00:00Z,FALSE,-1
8028,67,35,3,655.2,2011-07-13T00:00:00Z,FALSE,-1
8029,54,28,1,624.27,2011-07-13T00:00:00Z,FALSE,-1
8030,75,73,3,940.91,2011-07-13T00:00:00Z,FALSE,-1
8031,57,8,1,852.88,2011-07-13T00:00:00Z,FALSE,-1
8032,1,49,3,430.97,2011-07-13T00:00:00Z,FALSE,-1
8033,14,48,2,171.51,2011-07-13T00:00:00Z,FALSE,-1
8034,7,59,3,423.9,2011-07-14T00:00:00Z,FALSE,-1
8035,70,9,3,480.78,2011-07-14T00:00:00Z,FALSE,-1
8036,61,1,2,823.45,2011-07-14T00:00:00Z,FALSE,-1
8037,74,48,2,851,2011-07-14T00:00:00Z,FALSE,-1
8038,24,90,2,427.15,2011-07-14T00:00:00Z,FALSE,-1
8039,61,40,2,771.69,2011-07-14T00:00:00Z,FALSE,-1
8040,96,14,3,684.08,2011-07-14T00:00:00Z,FALSE,-1
8041,85,11,1,561.78,2011-07-14T00:00:00Z,FALSE,-1
8042,95,46,1,163.48,2011-07-14T00:00:00Z,FALSE,-1
8043,82,83,1,751.13,2011-07-14T00:00:00Z,FALSE,-1
8044,68,34,2,959.18,2011-07-14T00:00:00Z,FALSE,-1
8045,21,40,2,630.7,2011-07-14T00:00:00Z,FALSE,-1
8046,23,98,1,731.71,2011-07-14T00:00:00Z,FALSE,-1
8047,93,97,3,851.75,2011-07-14T00:00:00Z,FALSE,-1
8048,50,45,3,868.15,2011-07-14T00:00:00Z,FALSE,-1
8049,64,15,3,555.84,2011-07-14T00:00:00Z,FALSE,-1
8050,78,45,1,556.18,2011-07-14T00:00:00Z,FALSE,-1
8051,55,36,3,901.38,2011-07-14T00:00:00Z,FALSE,-1
8052,22,62,1,119.92,2011-07-15T00:00:00Z,FALSE,-1
8053,66,43,3,693.84,2011-07-15T00:00:00Z,FALSE,-1
8054,69,17,2,128.6,2011-07-15T00:00:00Z,FALSE,-1
8055,98,99,1,693.88,2011-07-15T00:00:00Z,FALSE,-1
8056,97,79,1,430.37,2011-07-15T00:00:00Z,FALSE,-1
8057,87,35,2,918.91,2011-07-15T00:00:00Z,FALSE,-1
8058,9,23,1,439.05,2011-07-15T00:00:00Z,FALSE,-1
8059,80,97,1,802.8,2011-07-15T00:00:00Z,FALSE,-1
8060,16,83,1,630.68,2011-07-15T00:00:00Z,FALSE,-1
8061,68,41,2,394.81,2011-07-15T00:00:00Z,FALSE,-1
8062,79,44,2,558.33,2011-07-16T00:00:00Z,FALSE,-1
8063,44,27,2,288.28,2011-07-16T00:00:00Z,FALSE,-1
8064,13,95,3,673.88,2011-07-16T00:00:00Z,FALSE,-1
8065,87,80,1,519.14,2011-07-16T00:00:00Z,FALSE,-1
8066,92,98,1,286.99,2011-07-16T00:00:00Z,FALSE,-1
8067,53,32,2,231.68,2011-07-16T00:00:00Z,FALSE,-1
8068,99,87,3,315.53,2011-07-16T00:00:00Z,FALSE,-1
8069,62,5,1,316.56,2011-07-16T00:00:00Z,FALSE,-1
8070,49,31,1,966.31,2011-07-16T00:00:00Z,FALSE,-1
8071,12,57,3,850.31,2011-07-16T00:00:00Z,FALSE,-1
8072,24,26,1,327.92,2011-07-16T00:00:00Z,FALSE,-1
8073,18,91,1,724.11,2011-07-16T00:00:00Z,FALSE,-1
8074,91,99,3,837.26,2011-07-16T00:00:00Z,FALSE,-1
8075,90,97,4,173.31,2011-07-16T00:00:00Z,FALSE,-1
8076,72,39,2,432.33,2011-07-16T00:00:00Z,FALSE,-1
8077,19,97,3,929.94,2011-07-16T00:00:00Z,FALSE,-1
8078,75,25,1,828.56,2011-07-17T00:00:00Z,FALSE,-1
8079,3,73,3,710.69,2011-07-17T00:00:00Z,FALSE,-1
8080,89,59,3,428.58,2011-07-17T00:00:00Z,FALSE,-1
8081,3,47,1,313.41,2011-07-17T00:00:00Z,FALSE,-1
8082,56,20,4,459.31,2011-07-17T00:00:00Z,FALSE,-1
8083,88,38,1,693.88,2011-07-17T00:00:00Z,FALSE,-1
8084,4,89,1,319.99,2011-07-17T00:00:00Z,FALSE,-1
8085,20,92,1,353.94,2011-07-17T00:00:00Z,FALSE,-1
8086,77,47,3,218.99,2011-07-17T00:00:00Z,FALSE,-1
8087,94,96,2,572.5,2011-07-17T00:00:00Z,FALSE,-1
8088,10,41,3,816.76,2011-07-17T00:00:00Z,FALSE,-1
8089,17,70,1,884.39,2011-07-17T00:00:00Z,FALSE,-1
8090,55,0,1,655.94,2011-07-17T00:00:00Z,FALSE,-1
8091,71,29,1,214.19,2011-07-18T00:00:00Z,FALSE,-1
8092,77,34,3,114.22,2011-07-18T00:00:00Z,FALSE,-1
8093,76,44,3,801.3,2011-07-18T00:00:00Z,FALSE,-1
8094,83,88,2,469.94,2011-07-18T00:00:00Z,FALSE,-1
8095,79,92,1,332.82,2011-07-18T00:00:00Z,FALSE,-1
8096,59,7,2,404.81,2011-07-18T00:00:00Z,FALSE,-1
8097,52,35,3,230.72,2011-07-19T00:00:00Z,FALSE,-1
8098,63,33,1,200.15,2011-07-19T00:00:00Z,FALSE,-1
8099,83,33,1,941.95,2011-07-19T00:00:00Z,FALSE,-1
8100,15,64,1,885.93,2011-07-19T00:00:00Z,FALSE,-1
8101,66,7,3,421.24,2011-07-19T00:00:00Z,FALSE,-1
8102,66,29,1,942.49,2011-07-19T00:00:00Z,FALSE,-1
8103,60,17,2,562.31,2011-07-19T00:00:00Z,FALSE,-1
8104,88,37,2,612.15,2011-07-19T00:00:00Z,FALSE,-1
8105,11,74,2,263.25,2011-07-19T00:00:00Z,FALSE,-1
8106,86,99,2,640.22,2011-07-19T00:00:00Z,FALSE,-1
8107,2,86,2,644.81,2011-07-19T00:00:00Z,FALSE,-1
8108,8,61,1,932.25,2011-07-19T00:00:00Z,FALSE,-1
8109,1,49,3,612.11,2011-07-19T00:00:00Z,FALSE,-1
8110,73,3,1,309.33,2011-07-19T00:00:00Z,FALSE,-1
8111,81,63,3,489.64,2011-07-19T00:00:00Z,FALSE,-1
8112,74,11,2,150.42,2011-07-19T00:00:00Z,FALSE,-1
8113,72,39,2,782.69,2011-07-19T00:00:00Z,FALSE,-1
8114,70,42,3,837,2011-07-19T00:00:00Z,FALSE,-1
8115,92,30,3,866.12,2011-07-19T00:00:00Z,FALSE,-1
8116,42,28,2,166.79,2011-07-19T00:00:00Z,FALSE,-1
8117,50,2,1,788.7,2011-07-19T00:00:00Z,FALSE,-1
8118,84,19,3,267.65,2011-07-20T00:00:00Z,FALSE,-1
8119,58,2,1,627.19,2011-07-20T00:00:00Z,FALSE,-1
8120,6,25,4,657.81,2011-07-20T00:00:00Z,FALSE,-1
8121,51,30,3,364.47,2011-07-20T00:00:00Z,FALSE,-1
8122,88,81,3,810.29,2011-07-20T00:00:00Z,FALSE,-1
8123,73,46,2,288.19,2011-07-20T00:00:00Z,FALSE,-1
8124,57,8,1,809.78,2011-07-20T00:00:00Z,FALSE,-1
8125,5,33,2,191.32,2011-07-20T00:00:00Z,FALSE,-1
8126,14,20,1,557.67,2011-07-20T00:00:00Z,FALSE,-1
8127,0,27,3,555.9,2011-07-20T00:00:00Z,FALSE,-1
8128,67,35,1,179.32,2011-07-20T00:00:00Z,FALSE,-1
8129,54,28,1,894.97,2011-07-20T00:00:00Z,FALSE,-1
8130,1,97,3,510.19,2011-07-20T00:00:00Z,FALSE,-1
8131,75,25,1,269.42,2011-07-20T00:00:00Z,FALSE,-1
8132,81,32,1,762.1,2011-07-20T00:00:00Z,FALSE,-1
8133,65,24,2,841.78,2011-07-20T00:00:00Z,FALSE,-1
8134,21,44,1,570.84,2011-07-21T00:00:00Z,FALSE,-1
8135,85,20,3,124.1,2011-07-21T00:00:00Z,FALSE,-1
8136,7,66,1,318.69,2011-07-21T00:00:00Z,FALSE,-1
8137,24,65,1,895.48,2011-07-21T00:00:00Z,FALSE,-1
8138,64,15,1,441.09,2011-07-21T00:00:00Z,FALSE,-1
8139,68,34,1,918.87,2011-07-21T00:00:00Z,FALSE,-1
8140,70,9,3,461.62,2011-07-21T00:00:00Z,FALSE,-1
8141,79,36,1,475.14,2011-07-21T00:00:00Z,FALSE,-1
8142,93,91,4,863.74,2011-07-21T00:00:00Z,FALSE,-1
8143,95,55,3,726.13,2011-07-21T00:00:00Z,FALSE,-1
8144,61,1,1,500.19,2011-07-21T00:00:00Z,FALSE,-1
8145,78,83,3,525.97,2011-07-21T00:00:00Z,FALSE,-1
8146,91,48,1,841.07,2011-07-21T00:00:00Z,FALSE,-1
8147,23,50,3,941.01,2011-07-21T00:00:00Z,FALSE,-1
8148,54,45,2,816.5,2011-07-21T00:00:00Z,FALSE,-1
8149,82,40,1,239.86,2011-07-21T00:00:00Z,FALSE,-1
8150,64,40,1,158.36,2011-07-21T00:00:00Z,FALSE,-1
8151,96,88,3,277.47,2011-07-21T00:00:00Z,FALSE,-1
8152,69,17,3,154.48,2011-07-22T00:00:00Z,FALSE,-1
8153,98,68,1,331.49,2011-07-22T00:00:00Z,FALSE,-1
8154,16,98,3,474.57,2011-07-22T00:00:00Z,FALSE,-1
8155,9,70,3,651.04,2011-07-22T00:00:00Z,FALSE,-1
8156,80,56,2,796.87,2011-07-22T00:00:00Z,FALSE,-1
8157,67,43,3,299.24,2011-07-22T00:00:00Z,FALSE,-1
8158,74,41,1,249.24,2011-07-22T00:00:00Z,FALSE,-1
8159,97,76,2,355.27,2011-07-22T00:00:00Z,FALSE,-1
8160,95,35,1,724.98,2011-07-22T00:00:00Z,FALSE,-1
8161,22,56,2,411.58,2011-07-22T00:00:00Z,FALSE,-1
8162,53,32,2,926.01,2011-07-23T00:00:00Z,FALSE,-1
8163,13,34,1,800.31,2011-07-23T00:00:00Z,FALSE,-1
8164,86,44,2,205.11,2011-07-23T00:00:00Z,FALSE,-1
8165,12,6,2,211.64,2011-07-23T00:00:00Z,FALSE,-1
8166,91,62,1,544.25,2011-07-23T00:00:00Z,FALSE,-1
8167,18,99,3,180.55,2011-07-23T00:00:00Z,FALSE,-1
8168,87,19,1,762.17,2011-07-23T00:00:00Z,FALSE,-1
8169,80,39,3,223.65,2011-07-23T00:00:00Z,FALSE,-1
8170,19,28,1,874.25,2011-07-23T00:00:00Z,FALSE,-1
8171,45,27,3,913.18,2011-07-23T00:00:00Z,FALSE,-1
8172,62,5,3,499.54,2011-07-23T00:00:00Z,FALSE,-1
8173,99,32,1,972.79,2011-07-23T00:00:00Z,FALSE,-1
8174,90,95,1,908.96,2011-07-23T00:00:00Z,FALSE,-1
8175,36,26,1,840.75,2011-07-23T00:00:00Z,FALSE,-1
8176,54,31,1,451.7,2011-07-23T00:00:00Z,FALSE,-1
8177,92,30,3,920.41,2011-07-23T00:00:00Z,FALSE,-1
8178,20,64,1,922.28,2011-07-24T00:00:00Z,FALSE,-1
8179,10,91,1,239.98,2011-07-24T00:00:00Z,FALSE,-1
8180,94,53,3,990.92,2011-07-24T00:00:00Z,FALSE,-1
8181,77,72,2,139.91,2011-07-24T00:00:00Z,FALSE,-1
8182,55,0,1,963.21,2011-07-24T00:00:00Z,FALSE,-1
8183,15,47,1,397.98,2011-07-24T00:00:00Z,FALSE,-1
8184,81,25,3,859.39,2011-07-24T00:00:00Z,FALSE,-1
8185,56,20,1,633.76,2011-07-24T00:00:00Z,FALSE,-1
8186,4,24,3,185.9,2011-07-24T00:00:00Z,FALSE,-1
8187,17,77,1,772.49,2011-07-24T00:00:00Z,FALSE,-1
8188,95,38,1,975.05,2011-07-24T00:00:00Z,FALSE,-1
8189,3,47,1,608.57,2011-07-24T00:00:00Z,FALSE,-1
8190,89,77,1,662.27,2011-07-24T00:00:00Z,FALSE,-1
8191,76,51,3,527.28,2011-07-25T00:00:00Z,FALSE,-1
8192,79,86,3,665.46,2011-07-25T00:00:00Z,FALSE,-1
8193,59,7,2,974.29,2011-07-25T00:00:00Z,FALSE,-1
8194,83,96,1,419.91,2011-07-25T00:00:00Z,FALSE,-1
8195,93,34,3,606.8,2011-07-25T00:00:00Z,FALSE,-1
8196,71,29,1,701.45,2011-07-25T00:00:00Z,FALSE,-1
8197,8,73,1,429.87,2011-07-26T00:00:00Z,FALSE,-1
8198,74,11,1,344.27,2011-07-26T00:00:00Z,FALSE,-1
8199,77,42,2,217.08,2011-07-26T00:00:00Z,FALSE,-1
8200,72,39,2,267.83,2011-07-26T00:00:00Z,FALSE,-1
8201,86,91,1,282.43,2011-07-26T00:00:00Z,FALSE,-1
8202,38,49,1,283.45,2011-07-26T00:00:00Z,FALSE,-1
8203,63,33,3,468.14,2011-07-26T00:00:00Z,FALSE,-1
8204,89,37,2,498.1,2011-07-26T00:00:00Z,FALSE,-1
8205,81,8,2,563.18,2011-07-26T00:00:00Z,FALSE,-1
8206,50,2,1,499.74,2011-07-26T00:00:00Z,FALSE,-1
8207,94,30,2,400.48,2011-07-26T00:00:00Z,FALSE,-1
8208,66,7,3,687.15,2011-07-26T00:00:00Z,FALSE,-1
8209,52,35,1,175.94,2011-07-26T00:00:00Z,FALSE,-1
8210,73,3,3,706.65,2011-07-26T00:00:00Z,FALSE,-1
8211,44,28,1,757,2011-07-26T00:00:00Z,FALSE,-1
8212,15,32,2,147.17,2011-07-26T00:00:00Z,FALSE,-1
8213,2,58,3,795.37,2011-07-26T00:00:00Z,FALSE,-1
8214,77,29,3,457.32,2011-07-26T00:00:00Z,FALSE,-1
8215,94,33,2,881.87,2011-07-26T00:00:00Z,FALSE,-1
8216,60,17,1,557.41,2011-07-26T00:00:00Z,FALSE,-1
8217,11,86,3,639.7,2011-07-26T00:00:00Z,FALSE,-1
8218,54,28,1,958.95,2011-07-27T00:00:00Z,FALSE,-1
8219,6,93,2,924.24,2011-07-27T00:00:00Z,FALSE,-1
8220,83,32,3,914.26,2011-07-27T00:00:00Z,FALSE,-1
8221,51,30,3,646.1,2011-07-27T00:00:00Z,FALSE,-1
8222,88,78,1,100.7,2011-07-27T00:00:00Z,FALSE,-1
8223,67,35,3,817.63,2011-07-27T00:00:00Z,FALSE,-1
8224,65,24,1,343.14,2011-07-27T00:00:00Z,FALSE,-1
8225,84,89,4,529.71,2011-07-27T00:00:00Z,FALSE,-1
8226,0,55,3,320.94,2011-07-27T00:00:00Z,FALSE,-1
8227,58,2,1,256.37,2011-07-27T00:00:00Z,FALSE,-1
8228,1,61,1,781.26,2011-07-27T00:00:00Z,FALSE,-1
8229,57,8,1,433.23,2011-07-27T00:00:00Z,FALSE,-1
8230,95,46,1,540.12,2011-07-27T00:00:00Z,FALSE,-1
8231,5,62,2,634.25,2011-07-27T00:00:00Z,FALSE,-1
8232,14,30,1,292.4,2011-07-27T00:00:00Z,FALSE,-1
8233,75,98,2,460.16,2011-07-27T00:00:00Z,FALSE,-1
8234,95,38,1,839.2,2011-07-28T00:00:00Z,FALSE,-1
8235,70,9,1,405.87,2011-07-28T00:00:00Z,FALSE,-1
8236,64,15,2,995.66,2011-07-28T00:00:00Z,FALSE,-1
8237,68,34,3,774.31,2011-07-28T00:00:00Z,FALSE,-1
8238,93,36,1,457.07,2011-07-28T00:00:00Z,FALSE,-1
8239,96,95,3,453.02,2011-07-28T00:00:00Z,FALSE,-1
8240,82,40,1,517.39,2011-07-28T00:00:00Z,FALSE,-1
8241,85,91,3,614.31,2011-07-28T00:00:00Z,FALSE,-1
8242,82,98,1,285.68,2011-07-28T00:00:00Z,FALSE,-1
8243,94,48,3,195.18,2011-07-28T00:00:00Z,FALSE,-1
8244,78,45,1,797.48,2011-07-28T00:00:00Z,FALSE,-1
8245,21,99,2,582.22,2011-07-28T00:00:00Z,FALSE,-1
8246,23,17,2,887.31,2011-07-28T00:00:00Z,FALSE,-1
8247,7,79,1,141.89,2011-07-28T00:00:00Z,FALSE,-1
8248,93,90,3,290.11,2011-07-28T00:00:00Z,FALSE,-1
8249,78,77,1,147.99,2011-07-28T00:00:00Z,FALSE,-1
8250,24,91,2,367.3,2011-07-28T00:00:00Z,FALSE,-1
8251,61,1,3,340.91,2011-07-28T00:00:00Z,FALSE,-1
8252,97,56,1,588.69,2011-07-29T00:00:00Z,FALSE,-1
8253,16,61,2,788.08,2011-07-29T00:00:00Z,FALSE,-1
8254,68,43,1,432.21,2011-07-29T00:00:00Z,FALSE,-1
8255,98,41,1,551.46,2011-07-29T00:00:00Z,FALSE,-1
8256,52,35,3,764.84,2011-07-29T00:00:00Z,FALSE,-1
8257,98,7,3,637.26,2011-07-29T00:00:00Z,FALSE,-1
8258,22,92,2,901.54,2011-07-29T00:00:00Z,FALSE,-1
8259,69,17,3,662.17,2011-07-29T00:00:00Z,FALSE,-1
8260,9,77,1,329.59,2011-07-29T00:00:00Z,FALSE,-1
8261,80,69,1,686.08,2011-07-29T00:00:00Z,FALSE,-1
8262,62,5,3,998.81,2011-07-30T00:00:00Z,FALSE,-1
8263,90,52,3,268.35,2011-07-30T00:00:00Z,FALSE,-1
8264,12,5,3,134.56,2011-07-30T00:00:00Z,FALSE,-1
8265,99,96,1,282.02,2011-07-30T00:00:00Z,FALSE,-1
8266,13,77,1,772.52,2011-07-30T00:00:00Z,FALSE,-1
8267,88,44,3,965.84,2011-07-30T00:00:00Z,FALSE,-1
8268,19,85,3,489.25,2011-07-30T00:00:00Z,FALSE,-1
8269,87,31,3,537.41,2011-07-30T00:00:00Z,FALSE,-1
8270,53,32,3,357.17,2011-07-30T00:00:00Z,FALSE,-1
8271,58,31,1,683.85,2011-07-30T00:00:00Z,FALSE,-1
8272,91,45,1,222.52,2011-07-30T00:00:00Z,FALSE,-1
8273,18,46,2,274.57,2011-07-30T00:00:00Z,FALSE,-1
8274,90,39,1,728.67,2011-07-30T00:00:00Z,FALSE,-1
8275,93,27,2,677.28,2011-07-30T00:00:00Z,FALSE,-1
8276,92,5,2,942.12,2011-07-30T00:00:00Z,FALSE,-1
8277,62,26,3,969.28,2011-07-30T00:00:00Z,FALSE,-1
8278,89,93,1,920.42,2011-07-31T00:00:00Z,FALSE,-1
8279,4,92,2,591.51,2011-07-31T00:00:00Z,FALSE,-1
8280,20,56,2,122.17,2011-07-31T00:00:00Z,FALSE,-1
8281,56,20,3,681.72,2011-07-31T00:00:00Z,FALSE,-1
8282,77,29,3,945.49,2011-07-31T00:00:00Z,FALSE,-1
8283,94,25,1,988.83,2011-07-31T00:00:00Z,FALSE,-1
8284,96,38,3,675.55,2011-07-31T00:00:00Z,FALSE,-1
8285,42,47,1,678.8,2011-07-31T00:00:00Z,FALSE,-1
8286,17,60,1,200.13,2011-07-31T00:00:00Z,FALSE,-1
8287,3,87,3,132.06,2011-07-31T00:00:00Z,FALSE,-1
8288,10,93,2,464.89,2011-07-31T00:00:00Z,FALSE,-1
8289,55,0,2,762.59,2011-07-31T00:00:00Z,FALSE,-1
8290,94,57,4,396.91,2011-07-31T00:00:00Z,FALSE,-1
8291,59,7,2,750.86,2011-08-01T00:00:00Z,FALSE,-1
8292,83,32,3,205.37,2011-08-01T00:00:00Z,FALSE,-1
8293,94,34,2,393.14,2011-08-01T00:00:00Z,FALSE,-1
8294,76,32,3,919.14,2011-08-01T00:00:00Z,FALSE,-1
8295,79,28,3,744.6,2011-08-01T00:00:00Z,FALSE,-1
8296,71,29,1,828.24,2011-08-01T00:00:00Z,FALSE,-1
8297,2,50,3,327.29,2011-08-02T00:00:00Z,FALSE,-1
8298,56,49,3,899.53,2011-08-02T00:00:00Z,FALSE,-1
8299,8,57,3,156.14,2011-08-02T00:00:00Z,FALSE,-1
8300,66,7,3,861.43,2011-08-02T00:00:00Z,FALSE,-1
8301,73,3,3,932.04,2011-08-02T00:00:00Z,FALSE,-1
8302,15,47,1,814.94,2011-08-02T00:00:00Z,FALSE,-1
8303,50,2,1,321.98,2011-08-02T00:00:00Z,FALSE,-1
8304,74,11,1,198.18,2011-08-02T00:00:00Z,FALSE,-1
8305,72,39,2,681.22,2011-08-02T00:00:00Z,FALSE,-1
8306,52,35,2,440.72,2011-08-02T00:00:00Z,FALSE,-1
8307,86,76,1,468.47,2011-08-02T00:00:00Z,FALSE,-1
8308,81,97,3,384.61,2011-08-02T00:00:00Z,FALSE,-1
8309,98,30,1,813.63,2011-08-02T00:00:00Z,FALSE,-1
8310,60,17,1,611.63,2011-08-02T00:00:00Z,FALSE,-1
8311,89,42,1,891.12,2011-08-02T00:00:00Z,FALSE,-1
8312,63,33,1,818.48,2011-08-02T00:00:00Z,FALSE,-1
8313,91,37,2,456.74,2011-08-02T00:00:00Z,FALSE,-1
8314,45,28,2,141.42,2011-08-02T00:00:00Z,FALSE,-1
8315,98,33,3,217.36,2011-08-02T00:00:00Z,FALSE,-1
8316,96,29,2,456.45,2011-08-02T00:00:00Z,FALSE,-1
8317,11,26,3,631.35,2011-08-02T00:00:00Z,FALSE,-1
8318,88,38,1,876.68,2011-08-03T00:00:00Z,FALSE,-1
8319,67,35,1,451.85,2011-08-03T00:00:00Z,FALSE,-1
8320,5,87,3,468.94,2011-08-03T00:00:00Z,FALSE,-1
8321,14,16,4,991.84,2011-08-03T00:00:00Z,FALSE,-1
8322,99,32,1,817.06,2011-08-03T00:00:00Z,FALSE,-1
8323,51,30,3,418.51,2011-08-03T00:00:00Z,FALSE,-1
8324,0,27,3,206.83,2011-08-03T00:00:00Z,FALSE,-1
8325,58,2,1,314.96,2011-08-03T00:00:00Z,FALSE,-1
8326,1,49,3,668.22,2011-08-03T00:00:00Z,FALSE,-1
8327,84,64,2,773.76,2011-08-03T00:00:00Z,FALSE,-1
8328,6,30,1,616.08,2011-08-03T00:00:00Z,FALSE,-1
8329,97,46,1,659.67,2011-08-03T00:00:00Z,FALSE,-1
8330,65,24,3,671.8,2011-08-03T00:00:00Z,FALSE,-1
8331,57,8,1,641.18,2011-08-03T00:00:00Z,FALSE,-1
8332,54,28,1,689.34,2011-08-03T00:00:00Z,FALSE,-1
8333,75,78,2,847.68,2011-08-03T00:00:00Z,FALSE,-1
8334,23,79,1,573.84,2011-08-04T00:00:00Z,FALSE,-1
8335,68,34,1,137.74,2011-08-04T00:00:00Z,FALSE,-1
8336,93,9,1,367.09,2011-08-04T00:00:00Z,FALSE,-1
8337,24,60,1,257.37,2011-08-04T00:00:00Z,FALSE,-1
8338,61,1,1,622.98,2011-08-04T00:00:00Z,FALSE,-1
8339,94,40,1,893.2,2011-08-04T00:00:00Z,FALSE,-1
8340,95,62,1,523.19,2011-08-04T00:00:00Z,FALSE,-1
8341,85,67,1,501.68,2011-08-04T00:00:00Z,FALSE,-1
8342,96,4,1,791.86,2011-08-04T00:00:00Z,FALSE,-1
8343,97,36,1,198.27,2011-08-04T00:00:00Z,FALSE,-1
8344,78,14,2,783.55,2011-08-04T00:00:00Z,FALSE,-1
8345,82,73,3,252.92,2011-08-04T00:00:00Z,FALSE,-1
8346,87,45,4,740.53,2011-08-04T00:00:00Z,FALSE,-1
8347,70,9,1,486.35,2011-08-04T00:00:00Z,FALSE,-1
8348,7,22,2,870.45,2011-08-04T00:00:00Z,FALSE,-1
8349,97,48,3,213.8,2011-08-04T00:00:00Z,FALSE,-1
8350,21,81,1,656.24,2011-08-04T00:00:00Z,FALSE,-1
8351,64,15,2,417.34,2011-08-04T00:00:00Z,FALSE,-1
8352,97,46,1,482.95,2011-08-05T00:00:00Z,FALSE,-1
8353,99,41,1,724.21,2011-08-05T00:00:00Z,FALSE,-1
8354,67,35,1,707.47,2011-08-05T00:00:00Z,FALSE,-1
8355,69,17,3,520.02,2011-08-05T00:00:00Z,FALSE,-1
8356,9,38,3,318.93,2011-08-05T00:00:00Z,FALSE,-1
8357,16,50,3,684.64,2011-08-05T00:00:00Z,FALSE,-1
8358,95,43,1,265.27,2011-08-05T00:00:00Z,FALSE,-1
8359,22,99,1,175.37,2011-08-05T00:00:00Z,FALSE,-1
8360,80,78,2,203.76,2011-08-05T00:00:00Z,FALSE,-1
8361,98,30,1,369.58,2011-08-05T00:00:00Z,FALSE,-1
8362,13,26,3,630.13,2011-08-06T00:00:00Z,FALSE,-1
8363,53,32,2,847.09,2011-08-06T00:00:00Z,FALSE,-1
8364,63,31,3,593.53,2011-08-06T00:00:00Z,FALSE,-1
8365,92,85,1,206.55,2011-08-06T00:00:00Z,FALSE,-1
8366,18,96,1,212.93,2011-08-06T00:00:00Z,FALSE,-1
8367,91,84,1,835.43,2011-08-06T00:00:00Z,FALSE,-1
8368,87,95,3,420.83,2011-08-06T00:00:00Z,FALSE,-1
8369,88,26,1,239.57,2011-08-06T00:00:00Z,FALSE,-1
8370,62,5,3,404.89,2011-08-06T00:00:00Z,FALSE,-1
8371,19,7,3,636.01,2011-08-06T00:00:00Z,FALSE,-1
8372,99,21,1,376.17,2011-08-06T00:00:00Z,FALSE,-1
8373,97,27,2,224.84,2011-08-06T00:00:00Z,FALSE,-1
8374,92,39,1,906.29,2011-08-06T00:00:00Z,FALSE,-1
8375,90,50,1,926.91,2011-08-06T00:00:00Z,FALSE,-1
8376,94,44,1,333.86,2011-08-06T00:00:00Z,FALSE,-1
8377,12,97,1,497.4,2011-08-06T00:00:00Z,FALSE,-1
8378,17,69,3,224.14,2011-08-07T00:00:00Z,FALSE,-1
8379,77,47,3,555,2011-08-07T00:00:00Z,FALSE,-1
8380,55,0,1,691.77,2011-08-07T00:00:00Z,FALSE,-1
8381,10,78,3,599.65,2011-08-07T00:00:00Z,FALSE,-1
8382,94,30,2,388.26,2011-08-07T00:00:00Z,FALSE,-1
8383,77,82,2,561.49,2011-08-07T00:00:00Z,FALSE,-1
8384,89,83,3,790.83,2011-08-07T00:00:00Z,FALSE,-1
8385,20,55,1,754.96,2011-08-07T00:00:00Z,FALSE,-1
8386,98,38,3,363.56,2011-08-07T00:00:00Z,FALSE,-1
8387,4,89,1,127,2011-08-07T00:00:00Z,FALSE,-1
8388,3,73,3,250.66,2011-08-07T00:00:00Z,FALSE,-1
8389,56,20,4,589.76,2011-08-07T00:00:00Z,FALSE,-1
8390,99,25,1,643.65,2011-08-07T00:00:00Z,FALSE,-1
8391,76,61,1,977.38,2011-08-08T00:00:00Z,FALSE,-1
8392,83,54,1,639.13,2011-08-08T00:00:00Z,FALSE,-1
8393,68,34,3,833.04,2011-08-08T00:00:00Z,FALSE,-1
8394,71,29,3,548.18,2011-08-08T00:00:00Z,FALSE,-1
8395,79,75,3,502.46,2011-08-08T00:00:00Z,FALSE,-1
8396,59,7,2,605.87,2011-08-08T00:00:00Z,FALSE,-1
8397,11,98,2,512.17,2011-08-09T00:00:00Z,FALSE,-1
8398,95,42,3,447.2,2011-08-09T00:00:00Z,FALSE,-1
8399,15,22,3,581.48,2011-08-09T00:00:00Z,FALSE,-1
8400,63,33,1,451.36,2011-08-09T00:00:00Z,FALSE,-1
8401,86,95,3,888.78,2011-08-09T00:00:00Z,FALSE,-1
8402,51,30,3,685.12,2011-08-09T00:00:00Z,FALSE,-1
8403,73,3,2,555.24,2011-08-09T00:00:00Z,FALSE,-1
8404,8,66,3,349.61,2011-08-09T00:00:00Z,FALSE,-1
8405,47,28,1,597.9,2011-08-09T00:00:00Z,FALSE,-1
8406,71,29,3,876.25,2011-08-09T00:00:00Z,FALSE,-1
8407,60,17,3,969.9,2011-08-09T00:00:00Z,FALSE,-1
8408,72,39,2,954.2,2011-08-09T00:00:00Z,FALSE,-1
8409,59,49,2,367.65,2011-08-09T00:00:00Z,FALSE,-1
8410,74,11,2,276.43,2011-08-09T00:00:00Z,FALSE,-1
8411,66,7,3,104.77,2011-08-09T00:00:00Z,FALSE,-1
8412,95,37,3,521.07,2011-08-09T00:00:00Z,FALSE,-1
8413,63,33,2,999.9,2011-08-09T00:00:00Z,FALSE,-1
8414,2,86,2,543.14,2011-08-09T00:00:00Z,FALSE,-1
8415,50,2,3,228.99,2011-08-09T00:00:00Z,FALSE,-1
8416,52,35,3,929.55,2011-08-09T00:00:00Z,FALSE,-1
8417,81,89,2,853.33,2011-08-09T00:00:00Z,FALSE,-1
8418,57,8,1,611.8,2011-08-10T00:00:00Z,FALSE,-1
8419,0,55,3,765.62,2011-08-10T00:00:00Z,FALSE,-1
8420,67,35,1,995.82,2011-08-10T00:00:00Z,FALSE,-1
8421,53,32,2,245.8,2011-08-10T00:00:00Z,FALSE,-1
8422,65,24,3,389.46,2011-08-10T00:00:00Z,FALSE,-1
8423,75,11,1,635.32,2011-08-10T00:00:00Z,FALSE,-1
8424,6,94,3,676.27,2011-08-10T00:00:00Z,FALSE,-1
8425,88,77,1,691.87,2011-08-10T00:00:00Z,FALSE,-1
8426,84,58,3,956.47,2011-08-10T00:00:00Z,FALSE,-1
8427,1,97,3,280.95,2011-08-10T00:00:00Z,FALSE,-1
8428,58,2,2,858.73,2011-08-10T00:00:00Z,FALSE,-1
8429,14,55,3,549.97,2011-08-10T00:00:00Z,FALSE,-1
8430,5,33,2,768.28,2011-08-10T00:00:00Z,FALSE,-1
8431,51,30,3,203.28,2011-08-10T00:00:00Z,FALSE,-1
8432,54,28,1,518.24,2011-08-10T00:00:00Z,FALSE,-1
8433,99,46,1,723.87,2011-08-10T00:00:00Z,FALSE,-1
8434,98,40,3,320.92,2011-08-11T00:00:00Z,FALSE,-1
8435,7,59,3,935.57,2011-08-11T00:00:00Z,FALSE,-1
8436,82,95,3,796.05,2011-08-11T00:00:00Z,FALSE,-1
8437,21,92,3,742.41,2011-08-11T00:00:00Z,FALSE,-1
8438,70,9,1,802.72,2011-08-11T00:00:00Z,FALSE,-1
8439,68,34,3,420.67,2011-08-11T00:00:00Z,FALSE,-1
8440,91,45,1,454.25,2011-08-11T00:00:00Z,FALSE,-1
8441,96,21,4,473.34,2011-08-11T00:00:00Z,FALSE,-1
8442,99,48,2,271.1,2011-08-11T00:00:00Z,FALSE,-1
8443,61,1,3,666.44,2011-08-11T00:00:00Z,FALSE,-1
8444,78,80,3,313.64,2011-08-11T00:00:00Z,FALSE,-1
8445,93,23,3,429.36,2011-08-11T00:00:00Z,FALSE,-1
8446,24,69,3,137.03,2011-08-11T00:00:00Z,FALSE,-1
8447,85,79,1,603.13,2011-08-11T00:00:00Z,FALSE,-1
8448,23,37,1,534.14,2011-08-11T00:00:00Z,FALSE,-1
8449,95,51,3,788.74,2011-08-11T00:00:00Z,FALSE,-1
8450,98,36,2,452.58,2011-08-11T00:00:00Z,FALSE,-1
8451,64,15,1,512.77,2011-08-11T00:00:00Z,FALSE,-1
8452,69,17,3,793.34,2011-08-12T00:00:00Z,FALSE,-1
8453,22,74,1,964.62,2011-08-12T00:00:00Z,FALSE,-1
8454,28,35,3,154.3,2011-08-12T00:00:00Z,FALSE,-1
8455,97,93,3,748.47,2011-08-12T00:00:00Z,FALSE,-1
8456,9,23,1,486.42,2011-08-12T00:00:00Z,FALSE,-1
8457,33,43,1,913.38,2011-08-12T00:00:00Z,FALSE,-1
8458,98,38,3,534.05,2011-08-12T00:00:00Z,FALSE,-1
8459,16,44,3,178.27,2011-08-12T00:00:00Z,FALSE,-1
8460,10,41,3,688.71,2011-08-12T00:00:00Z,FALSE,-1
8461,80,67,3,222.48,2011-08-12T00:00:00Z,FALSE,-1
8462,62,5,1,957.39,2011-08-13T00:00:00Z,FALSE,-1
8463,11,26,3,567.59,2011-08-13T00:00:00Z,FALSE,-1
8464,12,11,3,336.72,2011-08-13T00:00:00Z,FALSE,-1
8465,90,7,3,144.8,2011-08-13T00:00:00Z,FALSE,-1
8466,92,95,3,780.97,2011-08-13T00:00:00Z,FALSE,-1
8467,53,32,1,649.71,2011-08-13T00:00:00Z,FALSE,-1
8468,99,25,1,873.24,2011-08-13T00:00:00Z,FALSE,-1
8469,29,39,1,887.15,2011-08-13T00:00:00Z,FALSE,-1
8470,16,44,3,957.34,2011-08-13T00:00:00Z,FALSE,-1
8471,87,31,3,969.69,2011-08-13T00:00:00Z,FALSE,-1
8472,91,54,2,369.36,2011-08-13T00:00:00Z,FALSE,-1
8473,18,91,1,471.31,2011-08-13T00:00:00Z,FALSE,-1
8474,13,97,3,121.5,2011-08-13T00:00:00Z,FALSE,-1
8475,0,27,3,694.45,2011-08-13T00:00:00Z,FALSE,-1
8476,87,72,1,577.36,2011-08-13T00:00:00Z,FALSE,-1
8477,19,99,1,329.08,2011-08-13T00:00:00Z,FALSE,-1
8478,9,38,3,903.67,2011-08-14T00:00:00Z,FALSE,-1
8479,55,0,1,586.23,2011-08-14T00:00:00Z,FALSE,-1
8480,94,67,4,360.09,2011-08-14T00:00:00Z,FALSE,-1
8481,82,47,3,654.57,2011-08-14T00:00:00Z,FALSE,-1
8482,77,95,4,558.05,2011-08-14T00:00:00Z,FALSE,-1
8483,6,25,4,801.89,2011-08-14T00:00:00Z,FALSE,-1
8484,10,70,3,856.85,2011-08-14T00:00:00Z,FALSE,-1
8485,20,29,3,245.63,2011-08-14T00:00:00Z,FALSE,-1
8486,4,24,3,459.92,2011-08-14T00:00:00Z,FALSE,-1
8487,56,20,3,725.29,2011-08-14T00:00:00Z,FALSE,-1
8488,17,42,1,985.56,2011-08-14T00:00:00Z,FALSE,-1
8489,89,13,2,529.67,2011-08-14T00:00:00Z,FALSE,-1
8490,3,47,1,745.15,2011-08-14T00:00:00Z,FALSE,-1
8491,83,99,3,147.16,2011-08-15T00:00:00Z,FALSE,-1
8492,76,80,2,180.38,2011-08-15T00:00:00Z,FALSE,-1
8493,13,34,1,634.23,2011-08-15T00:00:00Z,FALSE,-1
8494,79,44,2,463.14,2011-08-15T00:00:00Z,FALSE,-1
8495,59,7,3,543.79,2011-08-15T00:00:00Z,FALSE,-1
8496,71,29,1,204.86,2011-08-15T00:00:00Z,FALSE,-1
8497,58,28,3,554.42,2011-08-16T00:00:00Z,FALSE,-1
8498,23,37,1,800.46,2011-08-16T00:00:00Z,FALSE,-1
8499,86,93,1,420.24,2011-08-16T00:00:00Z,FALSE,-1
8500,67,49,1,820.05,2011-08-16T00:00:00Z,FALSE,-1
8501,15,24,2,697.71,2011-08-16T00:00:00Z,FALSE,-1
8502,73,3,4,347.14,2011-08-16T00:00:00Z,FALSE,-1
8503,63,33,3,315.92,2011-08-16T00:00:00Z,FALSE,-1
8504,17,42,1,821.26,2011-08-16T00:00:00Z,FALSE,-1
8505,74,11,1,896.54,2011-08-16T00:00:00Z,FALSE,-1
8506,50,2,2,148.9,2011-08-16T00:00:00Z,FALSE,-1
8507,8,61,1,184.18,2011-08-16T00:00:00Z,FALSE,-1
8508,72,39,2,484.24,2011-08-16T00:00:00Z,FALSE,-1
8509,6,30,1,634.29,2011-08-16T00:00:00Z,FALSE,-1
8510,60,17,1,174.91,2011-08-16T00:00:00Z,FALSE,-1
8511,66,7,3,106.75,2011-08-16T00:00:00Z,FALSE,-1
8512,52,35,1,779.31,2011-08-16T00:00:00Z,FALSE,-1
8513,20,29,3,548.71,2011-08-16T00:00:00Z,FALSE,-1
8514,81,25,3,740.27,2011-08-16T00:00:00Z,FALSE,-1
8515,11,46,4,268.21,2011-08-16T00:00:00Z,FALSE,-1
8516,5,33,2,205.47,2011-08-16T00:00:00Z,FALSE,-1
8517,2,58,3,514.55,2011-08-16T00:00:00Z,FALSE,-1
8518,14,48,2,917.01,2011-08-17T00:00:00Z,FALSE,-1
8519,75,96,3,760.06,2011-08-17T00:00:00Z,FALSE,-1
8520,65,24,3,202.81,2011-08-17T00:00:00Z,FALSE,-1
8521,0,27,3,911.26,2011-08-17T00:00:00Z,FALSE,-1
8522,54,28,1,885.95,2011-08-17T00:00:00Z,FALSE,-1
8523,57,8,1,842.88,2011-08-17T00:00:00Z,FALSE,-1
8524,58,2,3,476.84,2011-08-17T00:00:00Z,FALSE,-1
8525,51,30,3,946.35,2011-08-17T00:00:00Z,FALSE,-1
8526,6,25,4,134.21,2011-08-17T00:00:00Z,FALSE,-1
8527,15,32,2,252.93,2011-08-17T00:00:00Z,FALSE,-1
8528,5,62,2,129.2,2011-08-17T00:00:00Z,FALSE,-1
8529,84,92,1,230.4,2011-08-17T00:00:00Z,FALSE,-1
8530,88,26,1,287.01,2011-08-17T00:00:00Z,FALSE,-1
8531,1,61,1,117.55,2011-08-17T00:00:00Z,FALSE,-1
8532,67,35,2,168.27,2011-08-17T00:00:00Z,FALSE,-1
8533,11,46,4,554.23,2011-08-17T00:00:00Z,FALSE,-1
8534,38,45,1,255.98,2011-08-18T00:00:00Z,FALSE,-1
8535,23,20,3,940.19,2011-08-18T00:00:00Z,FALSE,-1
8536,21,40,2,794.55,2011-08-18T00:00:00Z,FALSE,-1
8537,82,99,1,276.3,2011-08-18T00:00:00Z,FALSE,-1
8538,61,1,1,188.99,2011-08-18T00:00:00Z,FALSE,-1
8539,70,9,4,971.1,2011-08-18T00:00:00Z,FALSE,-1
8540,85,95,3,950.07,2011-08-18T00:00:00Z,FALSE,-1
8541,68,34,1,700.58,2011-08-18T00:00:00Z,FALSE,-1
8542,93,95,1,225.58,2011-08-18T00:00:00Z,FALSE,-1
8543,95,10,2,439.1,2011-08-18T00:00:00Z,FALSE,-1
8544,78,21,1,587.52,2011-08-18T00:00:00Z,FALSE,-1
8545,24,26,1,645.13,2011-08-18T00:00:00Z,FALSE,-1
8546,30,36,1,638.65,2011-08-18T00:00:00Z,FALSE,-1
8547,7,66,1,980.84,2011-08-18T00:00:00Z,FALSE,-1
8548,21,40,2,933.07,2011-08-18T00:00:00Z,FALSE,-1
8549,96,38,3,859.73,2011-08-18T00:00:00Z,FALSE,-1
8550,64,15,1,236.45,2011-08-18T00:00:00Z,FALSE,-1
8551,14,48,2,239.75,2011-08-18T00:00:00Z,FALSE,-1
8552,16,83,1,547.62,2011-08-19T00:00:00Z,FALSE,-1
8553,98,40,3,346.23,2011-08-19T00:00:00Z,FALSE,-1
8554,80,19,1,384.7,2011-08-19T00:00:00Z,FALSE,-1
8555,42,41,2,242.43,2011-08-19T00:00:00Z,FALSE,-1
8556,9,70,3,915.46,2011-08-19T00:00:00Z,FALSE,-1
8557,69,17,1,514.93,2011-08-19T00:00:00Z,FALSE,-1
8558,44,43,3,501.74,2011-08-19T00:00:00Z,FALSE,-1
8559,39,35,1,771.43,2011-08-19T00:00:00Z,FALSE,-1
8560,97,10,1,605.05,2011-08-19T00:00:00Z,FALSE,-1
8561,22,62,1,555.81,2011-08-19T00:00:00Z,FALSE,-1
8562,90,82,3,631.54,2011-08-20T00:00:00Z,FALSE,-1
8563,87,79,3,383.19,2011-08-20T00:00:00Z,FALSE,-1
8564,55,39,1,686.5,2011-08-20T00:00:00Z,FALSE,-1
8565,32,27,3,984.61,2011-08-20T00:00:00Z,FALSE,-1
8566,12,57,3,482.58,2011-08-20T00:00:00Z,FALSE,-1
8567,91,95,3,298.91,2011-08-20T00:00:00Z,FALSE,-1
8568,92,39,1,133.75,2011-08-20T00:00:00Z,FALSE,-1
8569,18,99,3,908.05,2011-08-20T00:00:00Z,FALSE,-1
8570,49,31,1,718.56,2011-08-20T00:00:00Z,FALSE,-1
8571,19,97,3,564.06,2011-08-20T00:00:00Z,FALSE,-1
8572,62,5,1,384.44,2011-08-20T00:00:00Z,FALSE,-1
8573,21,44,1,244.06,2011-08-20T00:00:00Z,FALSE,-1
8574,99,95,3,815.79,2011-08-20T00:00:00Z,FALSE,-1
8575,53,32,2,504.57,2011-08-20T00:00:00Z,FALSE,-1
8576,13,95,3,336.34,2011-08-20T00:00:00Z,FALSE,-1
8577,13,26,3,598.58,2011-08-20T00:00:00Z,FALSE,-1
8578,94,49,2,635.78,2011-08-21T00:00:00Z,FALSE,-1
8579,46,38,1,918.56,2011-08-21T00:00:00Z,FALSE,-1
8580,77,42,2,883.3,2011-08-21T00:00:00Z,FALSE,-1
8581,89,61,1,624.18,2011-08-21T00:00:00Z,FALSE,-1
8582,17,70,1,666.1,2011-08-21T00:00:00Z,FALSE,-1
8583,85,47,4,495.11,2011-08-21T00:00:00Z,FALSE,-1
8584,56,25,4,119.2,2011-08-21T00:00:00Z,FALSE,-1
8585,4,92,2,332.12,2011-08-21T00:00:00Z,FALSE,-1
8586,10,41,3,500.65,2011-08-21T00:00:00Z,FALSE,-1
8587,55,0,1,859.36,2011-08-21T00:00:00Z,FALSE,-1
8588,56,20,1,359.47,2011-08-21T00:00:00Z,FALSE,-1
8589,3,87,3,795.4,2011-08-21T00:00:00Z,FALSE,-1
8590,20,92,1,390.57,2011-08-21T00:00:00Z,FALSE,-1
8591,79,36,1,885.95,2011-08-22T00:00:00Z,FALSE,-1
8592,83,20,1,862.82,2011-08-22T00:00:00Z,FALSE,-1
8593,76,74,3,849.2,2011-08-22T00:00:00Z,FALSE,-1
8594,71,29,1,167.71,2011-08-22T00:00:00Z,FALSE,-1
8595,29,34,1,400.17,2011-08-22T00:00:00Z,FALSE,-1
8596,59,7,3,689.23,2011-08-22T00:00:00Z,FALSE,-1
8597,79,28,3,706.65,2011-08-23T00:00:00Z,FALSE,-1
8598,2,50,3,218.27,2011-08-23T00:00:00Z,FALSE,-1
8599,40,37,3,153.6,2011-08-23T00:00:00Z,FALSE,-1
8600,86,82,3,686.3,2011-08-23T00:00:00Z,FALSE,-1
8601,11,74,2,419.13,2011-08-23T00:00:00Z,FALSE,-1
8602,72,39,2,301.27,2011-08-23T00:00:00Z,FALSE,-1
8603,14,30,1,543.15,2011-08-23T00:00:00Z,FALSE,-1
8604,25,29,2,663.96,2011-08-23T00:00:00Z,FALSE,-1
8605,73,3,3,996.19,2011-08-23T00:00:00Z,FALSE,-1
8606,66,7,1,928.4,2011-08-23T00:00:00Z,FALSE,-1
8607,15,64,1,571.96,2011-08-23T00:00:00Z,FALSE,-1
8608,41,42,1,235.47,2011-08-23T00:00:00Z,FALSE,-1
8609,81,91,2,876.5,2011-08-23T00:00:00Z,FALSE,-1
8610,86,49,1,397.16,2011-08-23T00:00:00Z,FALSE,-1
8611,74,11,2,667.96,2011-08-23T00:00:00Z,FALSE,-1
8612,8,73,1,708.89,2011-08-23T00:00:00Z,FALSE,-1
8613,63,33,1,492.18,2011-08-23T00:00:00Z,FALSE,-1
8614,44,33,1,189.5,2011-08-23T00:00:00Z,FALSE,-1
8615,52,35,3,797.04,2011-08-23T00:00:00Z,FALSE,-1
8616,60,17,2,630.16,2011-08-23T00:00:00Z,FALSE,-1
8617,50,2,1,905.14,2011-08-23T00:00:00Z,FALSE,-1
8618,75,65,1,761.33,2011-08-24T00:00:00Z,FALSE,-1
8619,14,20,1,197.81,2011-08-24T00:00:00Z,FALSE,-1
8620,84,55,1,591.3,2011-08-24T00:00:00Z,FALSE,-1
8621,65,24,3,907.55,2011-08-24T00:00:00Z,FALSE,-1
8622,1,49,3,281.28,2011-08-24T00:00:00Z,FALSE,-1
8623,0,55,3,1009.65,2011-08-24T00:00:00Z,FALSE,-1
8624,5,87,3,336.26,2011-08-24T00:00:00Z,FALSE,-1
8625,88,17,2,701.84,2011-08-24T00:00:00Z,FALSE,-1
8626,18,46,2,935.25,2011-08-24T00:00:00Z,FALSE,-1
8627,58,2,1,763.69,2011-08-24T00:00:00Z,FALSE,-1
8628,57,8,3,854.21,2011-08-24T00:00:00Z,FALSE,-1
8629,6,93,2,1052.33,2011-08-24T00:00:00Z,FALSE,-1
8630,54,28,1,449,2011-08-24T00:00:00Z,FALSE,-1
8631,66,32,3,502.13,2011-08-24T00:00:00Z,FALSE,-1
8632,67,35,3,901.74,2011-08-24T00:00:00Z,FALSE,-1
8633,51,30,2,595.45,2011-08-24T00:00:00Z,FALSE,-1
8634,82,97,2,903.12,2011-08-25T00:00:00Z,FALSE,-1
8635,55,40,1,310.48,2011-08-25T00:00:00Z,FALSE,-1
8636,69,48,1,556.77,2011-08-25T00:00:00Z,FALSE,-1
8637,96,85,2,784.48,2011-08-25T00:00:00Z,FALSE,-1
8638,21,44,1,510.64,2011-08-25T00:00:00Z,FALSE,-1
8639,40,45,1,908.48,2011-08-25T00:00:00Z,FALSE,-1
8640,68,34,1,988.71,2011-08-25T00:00:00Z,FALSE,-1
8641,61,1,1,718.47,2011-08-25T00:00:00Z,FALSE,-1
8642,7,79,1,125.46,2011-08-25T00:00:00Z,FALSE,-1
8643,93,71,2,478.7,2011-08-25T00:00:00Z,FALSE,-1
8644,42,36,3,652.22,2011-08-25T00:00:00Z,FALSE,-1
8645,70,9,1,289.53,2011-08-25T00:00:00Z,FALSE,-1
8646,23,98,1,480.74,2011-08-25T00:00:00Z,FALSE,-1
8647,85,47,4,798.63,2011-08-25T00:00:00Z,FALSE,-1
8648,64,15,1,767.52,2011-08-25T00:00:00Z,FALSE,-1
8649,78,72,1,755.78,2011-08-25T00:00:00Z,FALSE,-1
8650,95,37,3,350.78,2011-08-25T00:00:00Z,FALSE,-1
8651,24,90,2,794.42,2011-08-25T00:00:00Z,FALSE,-1
8652,59,35,2,204.52,2011-08-26T00:00:00Z,FALSE,-1
8653,69,17,2,991.41,2011-08-26T00:00:00Z,FALSE,-1
8654,16,98,3,435.45,2011-08-26T00:00:00Z,FALSE,-1
8655,9,77,1,171.88,2011-08-26T00:00:00Z,FALSE,-1
8656,60,43,1,231.46,2011-08-26T00:00:00Z,FALSE,-1
8657,52,41,2,580.36,2011-08-26T00:00:00Z,FALSE,-1
8658,97,47,1,471.88,2011-08-26T00:00:00Z,FALSE,-1
8659,22,56,2,590.69,2011-08-26T00:00:00Z,FALSE,-1
8660,98,78,1,972.6,2011-08-26T00:00:00Z,FALSE,-1
8661,80,8,3,939.71,2011-08-26T00:00:00Z,FALSE,-1
8662,53,32,3,651.43,2011-08-27T00:00:00Z,FALSE,-1
8663,70,39,1,243.71,2011-08-27T00:00:00Z,FALSE,-1
8664,18,46,2,212.66,2011-08-27T00:00:00Z,FALSE,-1
8665,76,44,3,704.1,2011-08-27T00:00:00Z,FALSE,-1
8666,99,11,3,492.24,2011-08-27T00:00:00Z,FALSE,-1
8667,12,6,2,686.26,2011-08-27T00:00:00Z,FALSE,-1
8668,92,78,3,565.48,2011-08-27T00:00:00Z,FALSE,-1
8669,87,98,3,697.91,2011-08-27T00:00:00Z,FALSE,-1
8670,13,34,1,235.8,2011-08-27T00:00:00Z,FALSE,-1
8671,24,26,1,328.91,2011-08-27T00:00:00Z,FALSE,-1
8672,91,48,1,623.14,2011-08-27T00:00:00Z,FALSE,-1
8673,19,28,1,782.47,2011-08-27T00:00:00Z,FALSE,-1
8674,54,31,1,596.98,2011-08-27T00:00:00Z,FALSE,-1
8675,62,5,3,910.32,2011-08-27T00:00:00Z,FALSE,-1
8676,90,2,1,941.54,2011-08-27T00:00:00Z,FALSE,-1
8677,44,27,2,699.92,2011-08-27T00:00:00Z,FALSE,-1
8678,77,52,3,326.1,2011-08-28T00:00:00Z,FALSE,-1
8679,56,20,4,426.87,2011-08-28T00:00:00Z,FALSE,-1
8680,4,89,1,258.02,2011-08-28T00:00:00Z,FALSE,-1
8681,20,64,1,892,2011-08-28T00:00:00Z,FALSE,-1
8682,10,91,1,675.98,2011-08-28T00:00:00Z,FALSE,-1
8683,97,47,1,959.45,2011-08-28T00:00:00Z,FALSE,-1
8684,55,0,1,926.05,2011-08-28T00:00:00Z,FALSE,-1
8685,89,88,2,897.89,2011-08-28T00:00:00Z,FALSE,-1
8686,17,77,1,436.39,2011-08-28T00:00:00Z,FALSE,-1
8687,75,25,1,923.46,2011-08-28T00:00:00Z,FALSE,-1
8688,94,40,1,924.41,2011-08-28T00:00:00Z,FALSE,-1
8689,3,73,3,284.11,2011-08-28T00:00:00Z,FALSE,-1
8690,83,38,1,350.06,2011-08-28T00:00:00Z,FALSE,-1
8691,83,33,1,990.9,2011-08-29T00:00:00Z,FALSE,-1
8692,76,69,1,127.26,2011-08-29T00:00:00Z,FALSE,-1
8693,79,91,3,645.01,2011-08-29T00:00:00Z,FALSE,-1
8694,59,7,2,911.86,2011-08-29T00:00:00Z,FALSE,-1
8695,71,29,1,385.11,2011-08-29T00:00:00Z,FALSE,-1
8696,36,34,1,749.47,2011-08-29T00:00:00Z,FALSE,-1
8697,63,33,3,475.68,2011-08-30T00:00:00Z,FALSE,-1
8698,50,2,2,426.3,2011-08-30T00:00:00Z,FALSE,-1
8699,52,35,3,411.33,2011-08-30T00:00:00Z,FALSE,-1
8700,93,49,3,789.72,2011-08-30T00:00:00Z,FALSE,-1
8701,74,11,1,963.21,2011-08-30T00:00:00Z,FALSE,-1
8702,73,3,1,899.83,2011-08-30T00:00:00Z,FALSE,-1
8703,69,42,2,870.77,2011-08-30T00:00:00Z,FALSE,-1
8704,88,28,3,860.72,2011-08-30T00:00:00Z,FALSE,-1
8705,35,29,3,490.02,2011-08-30T00:00:00Z,FALSE,-1
8706,58,33,1,801.04,2011-08-30T00:00:00Z,FALSE,-1
8707,81,32,1,696.99,2011-08-30T00:00:00Z,FALSE,-1
8708,72,39,2,338.91,2011-08-30T00:00:00Z,FALSE,-1
8709,60,17,3,131.7,2011-08-30T00:00:00Z,FALSE,-1
8710,11,86,3,299.79,2011-08-30T00:00:00Z,FALSE,-1
8711,80,37,3,144.72,2011-08-30T00:00:00Z,FALSE,-1
8712,15,32,2,715.6,2011-08-30T00:00:00Z,FALSE,-1
8713,66,7,3,646.12,2011-08-30T00:00:00Z,FALSE,-1
8714,86,94,1,640.4,2011-08-30T00:00:00Z,FALSE,-1
8715,8,57,3,197.27,2011-08-30T00:00:00Z,FALSE,-1
8716,44,30,3,219.87,2011-08-30T00:00:00Z,FALSE,-1
8717,2,86,2,956.7,2011-08-30T00:00:00Z,FALSE,-1
8718,62,46,3,604.54,2011-08-31T00:00:00Z,FALSE,-1
8719,84,76,3,358.23,2011-08-31T00:00:00Z,FALSE,-1
8720,57,8,3,950.88,2011-08-31T00:00:00Z,FALSE,-1
8721,58,2,3,967.86,2011-08-31T00:00:00Z,FALSE,-1
8722,0,27,3,645.03,2011-08-31T00:00:00Z,FALSE,-1
8723,75,73,3,934.19,2011-08-31T00:00:00Z,FALSE,-1
8724,65,24,2,495.52,2011-08-31T00:00:00Z,FALSE,-1
8725,5,33,2,663.31,2011-08-31T00:00:00Z,FALSE,-1
8726,51,30,1,999.47,2011-08-31T00:00:00Z,FALSE,-1
8727,14,30,1,968.19,2011-08-31T00:00:00Z,FALSE,-1
8728,88,89,3,495.41,2011-08-31T00:00:00Z,FALSE,-1
8729,1,97,3,415.25,2011-08-31T00:00:00Z,FALSE,-1
8730,54,28,1,918.05,2011-08-31T00:00:00Z,FALSE,-1
8731,67,35,1,665.38,2011-08-31T00:00:00Z,FALSE,-1
8732,76,32,3,590.46,2011-08-31T00:00:00Z,FALSE,-1
8733,6,30,1,438.04,2011-08-31T00:00:00Z,FALSE,-1
8734,96,68,2,932.33,2011-09-01T00:00:00Z,FALSE,-1
8735,23,50,3,868.23,2011-09-01T00:00:00Z,FALSE,-1
8736,64,15,1,756.88,2011-09-01T00:00:00Z,FALSE,-1
8737,68,34,2,267.89,2011-09-01T00:00:00Z,FALSE,-1
8738,74,48,2,839.94,2011-09-01T00:00:00Z,FALSE,-1
8739,50,45,3,106.06,2011-09-01T00:00:00Z,FALSE,-1
8740,85,66,1,635.28,2011-09-01T00:00:00Z,FALSE,-1
8741,55,36,3,314.46,2011-09-01T00:00:00Z,FALSE,-1
8742,78,92,1,490.61,2011-09-01T00:00:00Z,FALSE,-1
8743,24,65,1,844.53,2011-09-01T00:00:00Z,FALSE,-1
8744,61,40,2,189.54,2011-09-01T00:00:00Z,FALSE,-1
8745,21,99,2,949.95,2011-09-01T00:00:00Z,FALSE,-1
8746,95,66,2,165.69,2011-09-01T00:00:00Z,FALSE,-1
8747,70,9,1,873.65,2011-09-01T00:00:00Z,FALSE,-1
8748,7,22,2,854.75,2011-09-01T00:00:00Z,FALSE,-1
8749,93,10,3,909.88,2011-09-01T00:00:00Z,FALSE,-1
8750,82,8,3,299.22,2011-09-01T00:00:00Z,FALSE,-1
8751,61,1,1,202.4,2011-09-01T00:00:00Z,FALSE,-1
8752,16,61,2,981.5,2011-09-02T00:00:00Z,FALSE,-1
8753,66,43,3,212.13,2011-09-02T00:00:00Z,FALSE,-1
8754,68,41,2,727.12,2011-09-02T00:00:00Z,FALSE,-1
8755,97,64,1,611.48,2011-09-02T00:00:00Z,FALSE,-1
8756,9,38,3,671.91,2011-09-02T00:00:00Z,FALSE,-1
8757,87,35,2,637.9,2011-09-02T00:00:00Z,FALSE,-1
8758,98,53,3,388.06,2011-09-02T00:00:00Z,FALSE,-1
8759,69,17,1,760.52,2011-09-02T00:00:00Z,FALSE,-1
8760,80,37,3,393.16,2011-09-02T00:00:00Z,FALSE,-1
8761,22,92,2,1052.17,2011-09-02T00:00:00Z,FALSE,-1
8762,18,96,1,438.8,2011-09-03T00:00:00Z,FALSE,-1
8763,79,44,2,857.55,2011-09-03T00:00:00Z,FALSE,-1
8764,62,5,3,988.53,2011-09-03T00:00:00Z,FALSE,-1
8765,12,5,3,911.22,2011-09-03T00:00:00Z,FALSE,-1
8766,72,39,2,604.59,2011-09-03T00:00:00Z,FALSE,-1
8767,53,32,3,881.95,2011-09-03T00:00:00Z,FALSE,-1
8768,87,97,2,577.08,2011-09-03T00:00:00Z,FALSE,-1
8769,90,39,1,364.71,2011-09-03T00:00:00Z,FALSE,-1
8770,45,27,3,285.82,2011-09-03T00:00:00Z,FALSE,-1
8771,19,85,3,1014.73,2011-09-03T00:00:00Z,FALSE,-1
8772,13,77,1,786.27,2011-09-03T00:00:00Z,FALSE,-1
8773,58,31,1,210.68,2011-09-03T00:00:00Z,FALSE,-1
8774,92,94,1,153.47,2011-09-03T00:00:00Z,FALSE,-1
8775,91,73,1,106.39,2011-09-03T00:00:00Z,FALSE,-1
8776,36,26,1,964.99,2011-09-03T00:00:00Z,FALSE,-1
8777,99,53,2,283.89,2011-09-03T00:00:00Z,FALSE,-1
8778,56,20,1,325.1,2011-09-04T00:00:00Z,FALSE,-1
8779,55,0,3,507.11,2011-09-04T00:00:00Z,FALSE,-1
8780,10,93,2,382.03,2011-09-04T00:00:00Z,FALSE,-1
8781,20,56,2,1021.76,2011-09-04T00:00:00Z,FALSE,-1
8782,98,47,1,760.2,2011-09-04T00:00:00Z,FALSE,-1
8783,88,38,1,416.12,2011-09-04T00:00:00Z,FALSE,-1
8784,77,96,1,828.73,2011-09-04T00:00:00Z,FALSE,-1
8785,94,33,2,583.72,2011-09-04T00:00:00Z,FALSE,-1
8786,89,98,3,940.99,2011-09-04T00:00:00Z,FALSE,-1
8787,4,24,3,969.13,2011-09-04T00:00:00Z,FALSE,-1
8788,81,25,3,467.12,2011-09-04T00:00:00Z,FALSE,-1
8789,3,47,1,234.68,2011-09-04T00:00:00Z,FALSE,-1
8790,17,60,1,323.44,2011-09-04T00:00:00Z,FALSE,-1
8791,76,72,1,160.42,2011-09-05T00:00:00Z,FALSE,-1
8792,79,82,3,619.96,2011-09-05T00:00:00Z,FALSE,-1
8793,77,34,3,420.74,2011-09-05T00:00:00Z,FALSE,-1
8794,83,38,1,983.04,2011-09-05T00:00:00Z,FALSE,-1
8795,59,7,1,401.16,2011-09-05T00:00:00Z,FALSE,-1
8796,71,29,1,538.67,2011-09-05T00:00:00Z,FALSE,-1
8797,66,29,1,259.22,2011-09-06T00:00:00Z,FALSE,-1
8798,8,66,3,705.18,2011-09-06T00:00:00Z,FALSE,-1
8799,70,42,3,720.07,2011-09-06T00:00:00Z,FALSE,-1
8800,66,7,3,939.39,2011-09-06T00:00:00Z,FALSE,-1
8801,11,26,3,844.4,2011-09-06T00:00:00Z,FALSE,-1
8802,81,76,2,793.15,2011-09-06T00:00:00Z,FALSE,-1
8803,72,39,2,321.15,2011-09-06T00:00:00Z,FALSE,-1
8804,94,49,2,213.78,2011-09-06T00:00:00Z,FALSE,-1
8805,60,17,3,750.36,2011-09-06T00:00:00Z,FALSE,-1
8806,54,28,1,793.91,2011-09-06T00:00:00Z,FALSE,-1
8807,15,47,1,130.91,2011-09-06T00:00:00Z,FALSE,-1
8808,92,30,3,560.36,2011-09-06T00:00:00Z,FALSE,-1
8809,2,58,3,805.91,2011-09-06T00:00:00Z,FALSE,-1
8810,86,56,2,443.19,2011-09-06T00:00:00Z,FALSE,-1
8811,88,37,2,650.65,2011-09-06T00:00:00Z,FALSE,-1
8812,74,11,1,256.42,2011-09-06T00:00:00Z,FALSE,-1
8813,52,35,3,356.81,2011-09-06T00:00:00Z,FALSE,-1
8814,83,33,1,127.18,2011-09-06T00:00:00Z,FALSE,-1
8815,50,2,3,102.51,2011-09-06T00:00:00Z,FALSE,-1
8816,63,33,3,735.66,2011-09-06T00:00:00Z,FALSE,-1
8817,73,3,1,151.03,2011-09-06T00:00:00Z,FALSE,-1
8818,84,98,3,904.07,2011-09-07T00:00:00Z,FALSE,-1
8819,75,25,1,985.55,2011-09-07T00:00:00Z,FALSE,-1
8820,1,61,1,179.08,2011-09-07T00:00:00Z,FALSE,-1
8821,57,8,1,286.24,2011-09-07T00:00:00Z,FALSE,-1
8822,67,35,1,961.45,2011-09-07T00:00:00Z,FALSE,-1
8823,54,28,1,340.37,2011-09-07T00:00:00Z,FALSE,-1
8824,14,16,4,1036.94,2011-09-07T00:00:00Z,FALSE,-1
8825,5,62,2,891.18,2011-09-07T00:00:00Z,FALSE,-1
8826,51,30,3,187.06,2011-09-07T00:00:00Z,FALSE,-1
8827,73,46,2,177.79,2011-09-07T00:00:00Z,FALSE,-1
8828,81,32,1,191.27,2011-09-07T00:00:00Z,FALSE,-1
8829,65,24,2,923.43,2011-09-07T00:00:00Z,FALSE,-1
8830,58,2,1,917.31,2011-09-07T00:00:00Z,FALSE,-1
8831,0,55,3,668.31,2011-09-07T00:00:00Z,FALSE,-1
8832,88,90,1,929.94,2011-09-07T00:00:00Z,FALSE,-1
8833,6,94,3,641.47,2011-09-07T00:00:00Z,FALSE,-1
8834,95,42,3,592.42,2011-09-08T00:00:00Z,FALSE,-1
8835,85,80,2,676.07,2011-09-08T00:00:00Z,FALSE,-1
8836,82,47,3,435.55,2011-09-08T00:00:00Z,FALSE,-1
8837,23,17,2,248.29,2011-09-08T00:00:00Z,FALSE,-1
8838,21,81,1,181.58,2011-09-08T00:00:00Z,FALSE,-1
8839,68,34,1,773.73,2011-09-08T00:00:00Z,FALSE,-1
8840,7,59,3,397.73,2011-09-08T00:00:00Z,FALSE,-1
8841,64,40,1,246.65,2011-09-08T00:00:00Z,FALSE,-1
8842,79,36,1,664.77,2011-09-08T00:00:00Z,FALSE,-1
8843,64,15,1,588.59,2011-09-08T00:00:00Z,FALSE,-1
8844,54,45,2,794.59,2011-09-08T00:00:00Z,FALSE,-1
8845,61,1,3,861.73,2011-09-08T00:00:00Z,FALSE,-1
8846,70,9,3,918.46,2011-09-08T00:00:00Z,FALSE,-1
8847,78,62,1,960.41,2011-09-08T00:00:00Z,FALSE,-1
8848,91,48,1,363.9,2011-09-08T00:00:00Z,FALSE,-1
8849,96,70,3,357.53,2011-09-08T00:00:00Z,FALSE,-1
8850,24,91,2,915.35,2011-09-08T00:00:00Z,FALSE,-1
8851,93,98,3,578.57,2011-09-08T00:00:00Z,FALSE,-1
8852,69,17,3,199.17,2011-09-09T00:00:00Z,FALSE,-1
8853,9,23,1,958.06,2011-09-09T00:00:00Z,FALSE,-1
8854,98,67,3,132.8,2011-09-09T00:00:00Z,FALSE,-1
8855,97,60,3,866.92,2011-09-09T00:00:00Z,FALSE,-1
8856,67,43,3,899.01,2011-09-09T00:00:00Z,FALSE,-1
8857,16,50,3,568.61,2011-09-09T00:00:00Z,FALSE,-1
8858,22,99,1,681.76,2011-09-09T00:00:00Z,FALSE,-1
8859,74,41,1,596.04,2011-09-09T00:00:00Z,FALSE,-1
8860,95,35,1,855.37,2011-09-09T00:00:00Z,FALSE,-1
8861,80,77,4,516.85,2011-09-09T00:00:00Z,FALSE,-1
8862,53,32,2,985.09,2011-09-10T00:00:00Z,FALSE,-1
8863,92,99,3,811.45,2011-09-10T00:00:00Z,FALSE,-1
8864,62,5,1,485.93,2011-09-10T00:00:00Z,FALSE,-1
8865,19,7,3,448.73,2011-09-10T00:00:00Z,FALSE,-1
8866,18,91,1,802.23,2011-09-10T00:00:00Z,FALSE,-1
8867,86,44,2,558.5,2011-09-10T00:00:00Z,FALSE,-1
8868,90,53,1,993.13,2011-09-10T00:00:00Z,FALSE,-1
8869,80,39,3,761.92,2011-09-10T00:00:00Z,FALSE,-1
8870,63,31,3,333.22,2011-09-10T00:00:00Z,FALSE,-1
8871,62,26,3,317.27,2011-09-10T00:00:00Z,FALSE,-1
8872,12,97,1,744.55,2011-09-10T00:00:00Z,FALSE,-1
8873,87,45,4,523.13,2011-09-10T00:00:00Z,FALSE,-1
8874,13,26,3,1051.96,2011-09-10T00:00:00Z,FALSE,-1
8875,93,27,2,575.31,2011-09-10T00:00:00Z,FALSE,-1
8876,91,71,1,938.96,2011-09-10T00:00:00Z,FALSE,-1
8877,99,88,3,469.24,2011-09-10T00:00:00Z,FALSE,-1
8878,3,47,1,569.74,2011-09-11T00:00:00Z,FALSE,-1
8879,55,0,1,977.89,2011-09-11T00:00:00Z,FALSE,-1
8880,10,78,3,724.21,2011-09-11T00:00:00Z,FALSE,-1
8881,77,65,2,619.84,2011-09-11T00:00:00Z,FALSE,-1
8882,20,55,1,817.2,2011-09-11T00:00:00Z,FALSE,-1
8883,89,37,2,328.93,2011-09-11T00:00:00Z,FALSE,-1
8884,4,92,2,925.58,2011-09-11T00:00:00Z,FALSE,-1
8885,17,69,3,606.82,2011-09-11T00:00:00Z,FALSE,-1
8886,95,38,1,408.65,2011-09-11T00:00:00Z,FALSE,-1
8887,94,44,1,320.48,2011-09-11T00:00:00Z,FALSE,-1
8888,56,20,1,111.99,2011-09-11T00:00:00Z,FALSE,-1
8889,3,87,3,898.71,2011-09-11T00:00:00Z,FALSE,-1
8890,94,25,1,134.93,2011-09-11T00:00:00Z,FALSE,-1
8891,76,95,3,926.86,2011-09-12T00:00:00Z,FALSE,-1
8892,71,29,3,968.16,2011-09-12T00:00:00Z,FALSE,-1
8893,93,34,3,608.1,2011-09-12T00:00:00Z,FALSE,-1
8894,83,90,1,453.93,2011-09-12T00:00:00Z,FALSE,-1
8895,79,96,4,544,2011-09-12T00:00:00Z,FALSE,-1
8896,59,7,2,345.24,2011-09-12T00:00:00Z,FALSE,-1
8897,77,29,3,902.35,2011-09-13T00:00:00Z,FALSE,-1
8898,63,33,3,931.35,2011-09-13T00:00:00Z,FALSE,-1
8899,89,37,2,254.11,2011-09-13T00:00:00Z,FALSE,-1
8900,52,35,1,614.29,2011-09-13T00:00:00Z,FALSE,-1
8901,77,42,2,494.39,2011-09-13T00:00:00Z,FALSE,-1
8902,73,3,3,243.38,2011-09-13T00:00:00Z,FALSE,-1
8903,50,2,1,917.87,2011-09-13T00:00:00Z,FALSE,-1
8904,81,68,3,465.93,2011-09-13T00:00:00Z,FALSE,-1
8905,94,33,2,890.37,2011-09-13T00:00:00Z,FALSE,-1
8906,60,17,3,997.81,2011-09-13T00:00:00Z,FALSE,-1
8907,72,39,2,266.59,2011-09-13T00:00:00Z,FALSE,-1
8908,15,22,3,379.65,2011-09-13T00:00:00Z,FALSE,-1
8909,74,11,2,694.64,2011-09-13T00:00:00Z,FALSE,-1
8910,19,28,1,823.66,2011-09-13T00:00:00Z,FALSE,-1
8911,2,50,3,631.81,2011-09-13T00:00:00Z,FALSE,-1
8912,66,7,3,851.96,2011-09-13T00:00:00Z,FALSE,-1
8913,1,49,3,525.57,2011-09-13T00:00:00Z,FALSE,-1
8914,8,61,1,446.47,2011-09-13T00:00:00Z,FALSE,-1
8915,86,44,2,775.5,2011-09-13T00:00:00Z,FALSE,-1
8916,11,98,2,513.81,2011-09-13T00:00:00Z,FALSE,-1
8917,94,30,2,338.2,2011-09-13T00:00:00Z,FALSE,-1
8918,54,28,1,321.44,2011-09-14T00:00:00Z,FALSE,-1
8919,65,24,3,174.39,2011-09-14T00:00:00Z,FALSE,-1
8920,58,2,2,474.91,2011-09-14T00:00:00Z,FALSE,-1
8921,88,57,3,486.25,2011-09-14T00:00:00Z,FALSE,-1
8922,84,78,1,725.72,2011-09-14T00:00:00Z,FALSE,-1
8923,57,8,1,959.39,2011-09-14T00:00:00Z,FALSE,-1
8924,6,25,4,805.2,2011-09-14T00:00:00Z,FALSE,-1
8925,95,46,1,502.47,2011-09-14T00:00:00Z,FALSE,-1
8926,83,32,3,360.64,2011-09-14T00:00:00Z,FALSE,-1
8927,1,49,3,355.18,2011-09-14T00:00:00Z,FALSE,-1
8928,5,87,3,161.72,2011-09-14T00:00:00Z,FALSE,-1
8929,0,27,3,141.11,2011-09-14T00:00:00Z,FALSE,-1
8930,67,35,3,859.59,2011-09-14T00:00:00Z,FALSE,-1
8931,75,98,2,824.46,2011-09-14T00:00:00Z,FALSE,-1
8932,14,55,3,941.78,2011-09-14T00:00:00Z,FALSE,-1
8933,51,30,3,780.82,2011-09-14T00:00:00Z,FALSE,-1
8934,7,66,1,824.62,2011-09-15T00:00:00Z,FALSE,-1
8935,61,1,3,146.62,2011-09-15T00:00:00Z,FALSE,-1
8936,94,48,3,685.71,2011-09-15T00:00:00Z,FALSE,-1
8937,82,75,2,259.37,2011-09-15T00:00:00Z,FALSE,-1
8938,95,82,1,164.79,2011-09-15T00:00:00Z,FALSE,-1
8939,93,36,1,554.52,2011-09-15T00:00:00Z,FALSE,-1
8940,70,9,1,664.2,2011-09-15T00:00:00Z,FALSE,-1
8941,78,45,1,333.54,2011-09-15T00:00:00Z,FALSE,-1
8942,93,27,2,674.46,2011-09-15T00:00:00Z,FALSE,-1
8943,64,15,3,280.86,2011-09-15T00:00:00Z,FALSE,-1
8944,23,79,1,765.37,2011-09-15T00:00:00Z,FALSE,-1
8945,82,40,1,531.42,2011-09-15T00:00:00Z,FALSE,-1
8946,85,50,2,140.51,2011-09-15T00:00:00Z,FALSE,-1
8947,24,60,1,134.57,2011-09-15T00:00:00Z,FALSE,-1
8948,68,34,1,606.02,2011-09-15T00:00:00Z,FALSE,-1
8949,78,45,1,244.74,2011-09-15T00:00:00Z,FALSE,-1
8950,21,92,3,337.9,2011-09-15T00:00:00Z,FALSE,-1
8951,96,90,3,958.63,2011-09-15T00:00:00Z,FALSE,-1
8952,98,41,1,290.49,2011-09-16T00:00:00Z,FALSE,-1
8953,22,74,1,815.01,2011-09-16T00:00:00Z,FALSE,-1
8954,69,17,2,909.88,2011-09-16T00:00:00Z,FALSE,-1
8955,68,43,1,170.4,2011-09-16T00:00:00Z,FALSE,-1
8956,52,35,1,581.11,2011-09-16T00:00:00Z,FALSE,-1
8957,9,70,3,125.72,2011-09-16T00:00:00Z,FALSE,-1
8958,16,44,3,274.92,2011-09-16T00:00:00Z,FALSE,-1
8959,98,83,1,620.44,2011-09-16T00:00:00Z,FALSE,-1
8960,97,98,3,991.74,2011-09-16T00:00:00Z,FALSE,-1
8961,80,39,3,409.87,2011-09-16T00:00:00Z,FALSE,-1
8962,13,97,3,788.41,2011-09-17T00:00:00Z,FALSE,-1
8963,97,27,2,766.61,2011-09-17T00:00:00Z,FALSE,-1
8964,91,97,1,884.1,2011-09-17T00:00:00Z,FALSE,-1
8965,88,44,3,555.53,2011-09-17T00:00:00Z,FALSE,-1
8966,99,46,1,624.89,2011-09-17T00:00:00Z,FALSE,-1
8967,88,26,1,667.6,2011-09-17T00:00:00Z,FALSE,-1
8968,18,99,3,758.88,2011-09-17T00:00:00Z,FALSE,-1
8969,12,11,3,573.16,2011-09-17T00:00:00Z,FALSE,-1
8970,87,89,4,149.4,2011-09-17T00:00:00Z,FALSE,-1
8971,87,31,3,514,2011-09-17T00:00:00Z,FALSE,-1
8972,62,5,1,266.57,2011-09-17T00:00:00Z,FALSE,-1
8973,90,6,2,186.89,2011-09-17T00:00:00Z,FALSE,-1
8974,19,99,1,209.57,2011-09-17T00:00:00Z,FALSE,-1
8975,53,32,3,963.71,2011-09-17T00:00:00Z,FALSE,-1
8976,92,91,2,885.21,2011-09-17T00:00:00Z,FALSE,-1
8977,90,39,1,189.27,2011-09-17T00:00:00Z,FALSE,-1
8978,89,94,1,446,2011-09-18T00:00:00Z,FALSE,-1
8979,99,25,1,893.92,2011-09-18T00:00:00Z,FALSE,-1
8980,17,42,1,714.24,2011-09-18T00:00:00Z,FALSE,-1
8981,10,70,3,637.6,2011-09-18T00:00:00Z,FALSE,-1
8982,56,20,3,356.13,2011-09-18T00:00:00Z,FALSE,-1
8983,94,48,3,509.15,2011-09-18T00:00:00Z,FALSE,-1
8984,77,68,1,557.09,2011-09-18T00:00:00Z,FALSE,-1
8985,96,38,3,791.88,2011-09-18T00:00:00Z,FALSE,-1
8986,15,47,1,301.48,2011-09-18T00:00:00Z,FALSE,-1
8987,55,0,1,520.99,2011-09-18T00:00:00Z,FALSE,-1
8988,20,29,3,898.57,2011-09-18T00:00:00Z,FALSE,-1
8989,3,73,3,863.46,2011-09-18T00:00:00Z,FALSE,-1
8990,4,89,1,197.29,2011-09-18T00:00:00Z,FALSE,-1
8991,83,97,2,336.16,2011-09-19T00:00:00Z,FALSE,-1
8992,59,7,1,181.83,2011-09-19T00:00:00Z,FALSE,-1
8993,94,34,2,840.31,2011-09-19T00:00:00Z,FALSE,-1
8994,71,29,3,107.19,2011-09-19T00:00:00Z,FALSE,-1
8995,79,74,2,289.88,2011-09-19T00:00:00Z,FALSE,-1
8996,76,63,4,886.32,2011-09-19T00:00:00Z,FALSE,-1
8997,2,86,2,621.5,2011-09-20T00:00:00Z,FALSE,-1
8998,72,39,2,796.48,2011-09-20T00:00:00Z,FALSE,-1
8999,98,33,3,614.14,2011-09-20T00:00:00Z,FALSE,-1
9000,73,3,1,903.41,2011-09-20T00:00:00Z,FALSE,-1
9001,66,7,1,238.2,2011-09-20T00:00:00Z,FALSE,-1
9002,74,11,1,730.23,2011-09-20T00:00:00Z,FALSE,-1
9003,8,73,1,960.04,2011-09-20T00:00:00Z,FALSE,-1
9004,91,37,2,343.92,2011-09-20T00:00:00Z,FALSE,-1
9005,60,17,1,956.93,2011-09-20T00:00:00Z,FALSE,-1
9006,81,50,3,846.96,2011-09-20T00:00:00Z,FALSE,-1
9007,11,46,4,617.51,2011-09-20T00:00:00Z,FALSE,-1
9008,89,42,1,468.72,2011-09-20T00:00:00Z,FALSE,-1
9009,96,29,2,278.37,2011-09-20T00:00:00Z,FALSE,-1
9010,98,30,1,978.95,2011-09-20T00:00:00Z,FALSE,-1
9011,15,24,2,177.53,2011-09-20T00:00:00Z,FALSE,-1
9012,63,33,3,555.1,2011-09-20T00:00:00Z,FALSE,-1
9013,25,28,3,715.44,2011-09-20T00:00:00Z,FALSE,-1
9014,38,49,1,571.2,2011-09-20T00:00:00Z,FALSE,-1
9015,50,2,3,294.21,2011-09-20T00:00:00Z,FALSE,-1
9016,86,18,3,852.11,2011-09-20T00:00:00Z,FALSE,-1
9017,52,35,3,651.39,2011-09-20T00:00:00Z,FALSE,-1
9018,6,93,2,403.21,2011-09-21T00:00:00Z,FALSE,-1
9019,57,8,1,191.12,2011-09-21T00:00:00Z,FALSE,-1
9020,99,32,1,147.27,2011-09-21T00:00:00Z,FALSE,-1
9021,88,44,3,372.76,2011-09-21T00:00:00Z,FALSE,-1
9022,1,97,3,175.43,2011-09-21T00:00:00Z,FALSE,-1
9023,0,55,3,505.86,2011-09-21T00:00:00Z,FALSE,-1
9024,5,33,2,179.37,2011-09-21T00:00:00Z,FALSE,-1
9025,65,24,2,220.51,2011-09-21T00:00:00Z,FALSE,-1
9026,67,35,3,329.94,2011-09-21T00:00:00Z,FALSE,-1
9027,75,78,2,764.7,2011-09-21T00:00:00Z,FALSE,-1
9028,54,28,1,349.61,2011-09-21T00:00:00Z,FALSE,-1
9029,51,30,3,689.25,2011-09-21T00:00:00Z,FALSE,-1
9030,58,2,1,816.54,2011-09-21T00:00:00Z,FALSE,-1
9031,84,70,2,254.92,2011-09-21T00:00:00Z,FALSE,-1
9032,14,48,2,149.78,2011-09-21T00:00:00Z,FALSE,-1
9033,97,46,1,525.96,2011-09-21T00:00:00Z,FALSE,-1
9034,94,40,1,212.92,2011-09-22T00:00:00Z,FALSE,-1
9035,95,70,3,336.69,2011-09-22T00:00:00Z,FALSE,-1
9036,21,40,2,486.8,2011-09-22T00:00:00Z,FALSE,-1
9037,7,79,1,545.93,2011-09-22T00:00:00Z,FALSE,-1
9038,23,37,1,939.33,2011-09-22T00:00:00Z,FALSE,-1
9039,70,9,3,247.37,2011-09-22T00:00:00Z,FALSE,-1
9040,97,36,1,806.59,2011-09-22T00:00:00Z,FALSE,-1
9041,85,78,3,195.76,2011-09-22T00:00:00Z,FALSE,-1
9042,78,83,3,851.12,2011-09-22T00:00:00Z,FALSE,-1
9043,64,15,1,584.86,2011-09-22T00:00:00Z,FALSE,-1
9044,93,78,3,131.94,2011-09-22T00:00:00Z,FALSE,-1
9045,97,48,3,679.27,2011-09-22T00:00:00Z,FALSE,-1
9046,61,1,1,818.59,2011-09-22T00:00:00Z,FALSE,-1
9047,87,45,4,390.05,2011-09-22T00:00:00Z,FALSE,-1
9048,82,84,3,531.83,2011-09-22T00:00:00Z,FALSE,-1
9049,96,29,2,417.4,2011-09-22T00:00:00Z,FALSE,-1
9050,24,69,3,601.58,2011-09-22T00:00:00Z,FALSE,-1
9051,68,34,3,840.85,2011-09-22T00:00:00Z,FALSE,-1
9052,69,17,2,134.95,2011-09-23T00:00:00Z,FALSE,-1
9053,9,77,1,742.97,2011-09-23T00:00:00Z,FALSE,-1
9054,80,12,1,504.59,2011-09-23T00:00:00Z,FALSE,-1
9055,16,83,1,399.43,2011-09-23T00:00:00Z,FALSE,-1
9056,99,41,1,273.67,2011-09-23T00:00:00Z,FALSE,-1
9057,95,43,1,933.08,2011-09-23T00:00:00Z,FALSE,-1
9058,98,82,1,937.03,2011-09-23T00:00:00Z,FALSE,-1
9059,67,35,1,385.79,2011-09-23T00:00:00Z,FALSE,-1
9060,97,21,3,424.48,2011-09-23T00:00:00Z,FALSE,-1
9061,22,62,1,989.46,2011-09-23T00:00:00Z,FALSE,-1
9062,0,27,3,694.74,2011-09-24T00:00:00Z,FALSE,-1
9063,87,71,3,202.73,2011-09-24T00:00:00Z,FALSE,-1
9064,90,76,2,252.29,2011-09-24T00:00:00Z,FALSE,-1
9065,53,32,2,688.33,2011-09-24T00:00:00Z,FALSE,-1
9066,94,44,1,834.3,2011-09-24T00:00:00Z,FALSE,-1
9067,18,46,2,1026.37,2011-09-24T00:00:00Z,FALSE,-1
9068,92,81,2,193.15,2011-09-24T00:00:00Z,FALSE,-1
9069,12,57,3,571.77,2011-09-24T00:00:00Z,FALSE,-1
9070,49,31,1,508.19,2011-09-24T00:00:00Z,FALSE,-1
9071,13,95,3,197.16,2011-09-24T00:00:00Z,FALSE,-1
9072,62,5,1,806.43,2011-09-24T00:00:00Z,FALSE,-1
9073,92,39,1,350.66,2011-09-24T00:00:00Z,FALSE,-1
9074,99,89,1,635.54,2011-09-24T00:00:00Z,FALSE,-1
9075,91,52,1,937.66,2011-09-24T00:00:00Z,FALSE,-1
9076,11,26,3,536.12,2011-09-24T00:00:00Z,FALSE,-1
9077,19,97,3,775.24,2011-09-24T00:00:00Z,FALSE,-1
9078,77,34,3,973.67,2011-09-25T00:00:00Z,FALSE,-1
9079,98,38,3,418.96,2011-09-25T00:00:00Z,FALSE,-1
9080,4,24,3,548.7,2011-09-25T00:00:00Z,FALSE,-1
9081,42,47,1,778.83,2011-09-25T00:00:00Z,FALSE,-1
9082,20,92,1,300.49,2011-09-25T00:00:00Z,FALSE,-1
9083,3,47,1,399.23,2011-09-25T00:00:00Z,FALSE,-1
9084,55,0,2,333.1,2011-09-25T00:00:00Z,FALSE,-1
9085,10,41,3,297.41,2011-09-25T00:00:00Z,FALSE,-1
9086,17,70,1,612.33,2011-09-25T00:00:00Z,FALSE,-1
9087,94,25,1,200.74,2011-09-25T00:00:00Z,FALSE,-1
9088,89,86,3,977.21,2011-09-25T00:00:00Z,FALSE,-1
9089,6,25,4,262.25,2011-09-25T00:00:00Z,FALSE,-1
9090,56,20,3,556.23,2011-09-25T00:00:00Z,FALSE,-1
9091,83,95,1,327.18,2011-09-26T00:00:00Z,FALSE,-1
9092,59,7,3,496.54,2011-09-26T00:00:00Z,FALSE,-1
9093,79,95,1,776.68,2011-09-26T00:00:00Z,FALSE,-1
9094,71,29,3,515.86,2011-09-26T00:00:00Z,FALSE,-1
9095,76,44,3,139.85,2011-09-26T00:00:00Z,FALSE,-1
9096,68,34,3,433.86,2011-09-26T00:00:00Z,FALSE,-1
9097,52,35,1,976.56,2011-09-27T00:00:00Z,FALSE,-1
9098,71,29,3,815.61,2011-09-27T00:00:00Z,FALSE,-1
9099,86,49,1,756.34,2011-09-27T00:00:00Z,FALSE,-1
9100,63,33,2,840.1,2011-09-27T00:00:00Z,FALSE,-1
9101,95,42,3,396.47,2011-09-27T00:00:00Z,FALSE,-1
9102,26,28,3,446.42,2011-09-27T00:00:00Z,FALSE,-1
9103,15,64,1,793.17,2011-09-27T00:00:00Z,FALSE,-1
9104,66,7,3,924.52,2011-09-27T00:00:00Z,FALSE,-1
9105,8,57,3,1054.34,2011-09-27T00:00:00Z,FALSE,-1
9106,2,58,3,538.8,2011-09-27T00:00:00Z,FALSE,-1
9107,73,3,1,520.69,2011-09-27T00:00:00Z,FALSE,-1
9108,11,74,2,248.48,2011-09-27T00:00:00Z,FALSE,-1
9109,95,37,3,519.8,2011-09-27T00:00:00Z,FALSE,-1
9110,56,49,3,168.94,2011-09-27T00:00:00Z,FALSE,-1
9111,51,30,3,117.18,2011-09-27T00:00:00Z,FALSE,-1
9112,74,11,1,739.32,2011-09-27T00:00:00Z,FALSE,-1
9113,72,39,2,168.61,2011-09-27T00:00:00Z,FALSE,-1
9114,63,33,3,587.64,2011-09-27T00:00:00Z,FALSE,-1
9115,50,2,3,448.88,2011-09-27T00:00:00Z,FALSE,-1
9116,60,17,1,154.19,2011-09-27T00:00:00Z,FALSE,-1
9117,81,95,1,145.1,2011-09-27T00:00:00Z,FALSE,-1
9118,0,27,3,698.2,2011-09-28T00:00:00Z,FALSE,-1
9119,54,28,1,868.31,2011-09-28T00:00:00Z,FALSE,-1
9120,51,30,2,472.37,2011-09-28T00:00:00Z,FALSE,-1
9121,88,37,2,764.35,2011-09-28T00:00:00Z,FALSE,-1
9122,99,46,1,353.5,2011-09-28T00:00:00Z,FALSE,-1
9123,6,30,1,148.62,2011-09-28T00:00:00Z,FALSE,-1
9124,1,61,1,805.02,2011-09-28T00:00:00Z,FALSE,-1
9125,57,8,1,351.21,2011-09-28T00:00:00Z,FALSE,-1
9126,5,62,2,540.02,2011-09-28T00:00:00Z,FALSE,-1
9127,53,32,3,248.88,2011-09-28T00:00:00Z,FALSE,-1
9128,14,20,1,298.36,2011-09-28T00:00:00Z,FALSE,-1
9129,75,11,1,596.91,2011-09-28T00:00:00Z,FALSE,-1
9130,65,24,1,396.94,2011-09-28T00:00:00Z,FALSE,-1
9131,67,35,1,959.93,2011-09-28T00:00:00Z,FALSE,-1
9132,58,2,1,290.52,2011-09-28T00:00:00Z,FALSE,-1
9133,84,95,2,970.59,2011-09-28T00:00:00Z,FALSE,-1
9134,98,36,2,847.39,2011-09-29T00:00:00Z,FALSE,-1
9135,96,83,3,196.85,2011-09-29T00:00:00Z,FALSE,-1
9136,91,45,1,840.61,2011-09-29T00:00:00Z,FALSE,-1
9137,78,77,1,730.69,2011-09-29T00:00:00Z,FALSE,-1
9138,64,15,1,967.85,2011-09-29T00:00:00Z,FALSE,-1
9139,99,48,2,877.7,2011-09-29T00:00:00Z,FALSE,-1
9140,82,56,3,132.23,2011-09-29T00:00:00Z,FALSE,-1
9141,21,44,1,851.23,2011-09-29T00:00:00Z,FALSE,-1
9142,61,1,3,612.47,2011-09-29T00:00:00Z,FALSE,-1
9143,95,35,1,881.94,2011-09-29T00:00:00Z,FALSE,-1
9144,98,40,3,713.51,2011-09-29T00:00:00Z,FALSE,-1
9145,24,26,1,993.19,2011-09-29T00:00:00Z,FALSE,-1
9146,7,22,2,963,2011-09-29T00:00:00Z,FALSE,-1
9147,68,34,1,929.02,2011-09-29T00:00:00Z,FALSE,-1
9148,93,73,1,358.95,2011-09-29T00:00:00Z,FALSE,-1
9149,85,60,1,343.8,2011-09-29T00:00:00Z,FALSE,-1
9150,23,20,3,314.92,2011-09-29T00:00:00Z,FALSE,-1
9151,70,9,4,786.03,2011-09-29T00:00:00Z,FALSE,-1
9152,98,54,1,485.2,2011-09-30T00:00:00Z,FALSE,-1
9153,10,41,3,743.82,2011-09-30T00:00:00Z,FALSE,-1
9154,16,98,3,657.03,2011-09-30T00:00:00Z,FALSE,-1
9155,22,56,2,341.88,2011-09-30T00:00:00Z,FALSE,-1
9156,33,43,1,599.59,2011-09-30T00:00:00Z,FALSE,-1
9157,9,38,3,469.15,2011-09-30T00:00:00Z,FALSE,-1
9158,69,17,2,904.24,2011-09-30T00:00:00Z,FALSE,-1
9159,28,35,3,934.38,2011-09-30T00:00:00Z,FALSE,-1
9160,80,97,1,138.31,2011-09-30T00:00:00Z,FALSE,-1
9161,97,96,1,261.48,2011-09-30T00:00:00Z,FALSE,-1
9162,13,26,3,508.67,2011-10-01T00:00:00Z,FALSE,-1
9163,92,90,1,131.69,2011-10-01T00:00:00Z,FALSE,-1
9164,99,41,1,757.37,2011-10-01T00:00:00Z,FALSE,-1
9165,13,34,1,584.95,2011-10-01T00:00:00Z,FALSE,-1
9166,29,39,1,439.56,2011-10-01T00:00:00Z,FALSE,-1
9167,54,31,1,892.77,2011-10-01T00:00:00Z,FALSE,-1
9168,53,32,2,656.27,2011-10-01T00:00:00Z,FALSE,-1
9169,91,94,1,882.38,2011-10-01T00:00:00Z,FALSE,-1
9170,18,96,1,805.8,2011-10-01T00:00:00Z,FALSE,-1
9171,16,44,3,550.24,2011-10-01T00:00:00Z,FALSE,-1
9172,90,87,2,867.89,2011-10-01T00:00:00Z,FALSE,-1
9173,62,5,3,296.66,2011-10-01T00:00:00Z,FALSE,-1
9174,87,70,1,649.49,2011-10-01T00:00:00Z,FALSE,-1
9175,19,28,1,973.92,2011-10-01T00:00:00Z,FALSE,-1
9176,32,27,3,231.62,2011-10-01T00:00:00Z,FALSE,-1
9177,12,6,2,210.92,2011-10-01T00:00:00Z,FALSE,-1
9178,55,0,3,452.13,2011-10-02T00:00:00Z,FALSE,-1
9179,77,47,3,238.65,2011-10-02T00:00:00Z,FALSE,-1
9180,4,92,2,831.44,2011-10-02T00:00:00Z,FALSE,-1
9181,10,91,1,478.89,2011-10-02T00:00:00Z,FALSE,-1
9182,89,96,1,818.54,2011-10-02T00:00:00Z,FALSE,-1
9183,9,38,3,735.88,2011-10-02T00:00:00Z,FALSE,-1
9184,17,77,1,338.02,2011-10-02T00:00:00Z,FALSE,-1
9185,56,25,4,985.63,2011-10-02T00:00:00Z,FALSE,-1
9186,20,64,1,487.06,2011-10-02T00:00:00Z,FALSE,-1
9187,94,92,1,544.68,2011-10-02T00:00:00Z,FALSE,-1
9188,77,47,3,403.55,2011-10-02T00:00:00Z,FALSE,-1
9189,3,87,3,256.34,2011-10-02T00:00:00Z,FALSE,-1
9190,56,20,1,766.38,2011-10-02T00:00:00Z,FALSE,-1
9191,71,29,3,601.98,2011-10-03T00:00:00Z,FALSE,-1
9192,59,7,2,820.79,2011-10-03T00:00:00Z,FALSE,-1
9193,76,51,3,574.43,2011-10-03T00:00:00Z,FALSE,-1
9194,13,34,1,992.6,2011-10-03T00:00:00Z,FALSE,-1
9195,79,17,3,471.21,2011-10-03T00:00:00Z,FALSE,-1
9196,83,94,3,666.49,2011-10-03T00:00:00Z,FALSE,-1
9197,15,32,2,743.18,2011-10-04T00:00:00Z,FALSE,-1
9198,63,33,3,454.78,2011-10-04T00:00:00Z,FALSE,-1
9199,50,2,2,847.59,2011-10-04T00:00:00Z,FALSE,-1
9200,6,30,1,782.14,2011-10-04T00:00:00Z,FALSE,-1
9201,81,54,2,272.15,2011-10-04T00:00:00Z,FALSE,-1
9202,23,37,1,465.24,2011-10-04T00:00:00Z,FALSE,-1
9203,59,49,2,185.49,2011-10-04T00:00:00Z,FALSE,-1
9204,2,50,3,568.71,2011-10-04T00:00:00Z,FALSE,-1
9205,20,29,3,672.83,2011-10-04T00:00:00Z,FALSE,-1
9206,73,3,1,541.67,2011-10-04T00:00:00Z,FALSE,-1
9207,72,39,2,594.52,2011-10-04T00:00:00Z,FALSE,-1
9208,8,66,3,655.66,2011-10-04T00:00:00Z,FALSE,-1
9209,11,86,3,776.38,2011-10-04T00:00:00Z,FALSE,-1
9210,5,33,2,669.4,2011-10-04T00:00:00Z,FALSE,-1
9211,27,28,1,998.19,2011-10-04T00:00:00Z,FALSE,-1
9212,52,35,3,130.93,2011-10-04T00:00:00Z,FALSE,-1
9213,66,7,3,751.68,2011-10-04T00:00:00Z,FALSE,-1
9214,60,17,3,824.6,2011-10-04T00:00:00Z,FALSE,-1
9215,17,42,1,451.34,2011-10-04T00:00:00Z,FALSE,-1
9216,74,11,1,802.44,2011-10-04T00:00:00Z,FALSE,-1
9217,86,98,1,576.97,2011-10-04T00:00:00Z,FALSE,-1
9218,5,87,3,325.32,2011-10-05T00:00:00Z,FALSE,-1
9219,0,55,3,852.26,2011-10-05T00:00:00Z,FALSE,-1
9220,58,2,3,368.5,2011-10-05T00:00:00Z,FALSE,-1
9221,67,35,1,763.74,2011-10-05T00:00:00Z,FALSE,-1
9222,14,30,1,837.74,2011-10-05T00:00:00Z,FALSE,-1
9223,6,94,3,397.8,2011-10-05T00:00:00Z,FALSE,-1
9224,15,32,2,843.92,2011-10-05T00:00:00Z,FALSE,-1
9225,11,46,4,348.26,2011-10-05T00:00:00Z,FALSE,-1
9226,65,24,2,868.89,2011-10-05T00:00:00Z,FALSE,-1
9227,57,8,3,442.35,2011-10-05T00:00:00Z,FALSE,-1
9228,51,30,2,988.76,2011-10-05T00:00:00Z,FALSE,-1
9229,1,49,3,983.46,2011-10-05T00:00:00Z,FALSE,-1
9230,84,75,3,473.26,2011-10-05T00:00:00Z,FALSE,-1
9231,75,96,3,554.43,2011-10-05T00:00:00Z,FALSE,-1
9232,88,79,1,672.79,2011-10-05T00:00:00Z,FALSE,-1
9233,54,28,1,318.99,2011-10-05T00:00:00Z,FALSE,-1
9234,70,9,1,703.76,2011-10-06T00:00:00Z,FALSE,-1
9235,85,11,1,448.83,2011-10-06T00:00:00Z,FALSE,-1
9236,30,36,1,851.64,2011-10-06T00:00:00Z,FALSE,-1
9237,21,40,2,626.68,2011-10-06T00:00:00Z,FALSE,-1
9238,82,83,1,407.44,2011-10-06T00:00:00Z,FALSE,-1
9239,96,84,1,972.35,2011-10-06T00:00:00Z,FALSE,-1
9240,64,15,1,599.11,2011-10-06T00:00:00Z,FALSE,-1
9241,61,1,1,878.53,2011-10-06T00:00:00Z,FALSE,-1
9242,21,99,2,530.9,2011-10-06T00:00:00Z,FALSE,-1
9243,78,14,2,329.59,2011-10-06T00:00:00Z,FALSE,-1
9244,24,90,2,202.22,2011-10-06T00:00:00Z,FALSE,-1
9245,23,98,1,194.25,2011-10-06T00:00:00Z,FALSE,-1
9246,95,84,3,494.16,2011-10-06T00:00:00Z,FALSE,-1
9247,7,59,3,767.3,2011-10-06T00:00:00Z,FALSE,-1
9248,93,54,3,655.34,2011-10-06T00:00:00Z,FALSE,-1
9249,14,48,2,209.79,2011-10-06T00:00:00Z,FALSE,-1
9250,68,34,2,902.56,2011-10-06T00:00:00Z,FALSE,-1
9251,38,45,1,149.47,2011-10-06T00:00:00Z,FALSE,-1
9252,22,92,2,670.67,2011-10-07T00:00:00Z,FALSE,-1
9253,97,27,2,617.58,2011-10-07T00:00:00Z,FALSE,-1
9254,98,64,1,936.07,2011-10-07T00:00:00Z,FALSE,-1
9255,44,43,3,745.94,2011-10-07T00:00:00Z,FALSE,-1
9256,39,35,1,516.91,2011-10-07T00:00:00Z,FALSE,-1
9257,69,17,1,232.31,2011-10-07T00:00:00Z,FALSE,-1
9258,80,56,2,294.46,2011-10-07T00:00:00Z,FALSE,-1
9259,9,23,1,784.25,2011-10-07T00:00:00Z,FALSE,-1
9260,16,61,2,818.97,2011-10-07T00:00:00Z,FALSE,-1
9261,42,41,2,748.15,2011-10-07T00:00:00Z,FALSE,-1
9262,62,5,1,667.59,2011-10-08T00:00:00Z,FALSE,-1
9263,58,31,1,998.66,2011-10-08T00:00:00Z,FALSE,-1
9264,24,26,1,963.07,2011-10-08T00:00:00Z,FALSE,-1
9265,99,52,3,878.03,2011-10-08T00:00:00Z,FALSE,-1
9266,44,27,2,766.05,2011-10-08T00:00:00Z,FALSE,-1
9267,19,85,3,422.93,2011-10-08T00:00:00Z,FALSE,-1
9268,55,39,1,829.37,2011-10-08T00:00:00Z,FALSE,-1
9269,13,77,1,326.8,2011-10-08T00:00:00Z,FALSE,-1
9270,87,35,2,631.59,2011-10-08T00:00:00Z,FALSE,-1
9271,18,91,1,509.58,2011-10-08T00:00:00Z,FALSE,-1
9272,21,44,1,469.32,2011-10-08T00:00:00Z,FALSE,-1
9273,92,2,3,465.62,2011-10-08T00:00:00Z,FALSE,-1
9274,12,5,3,686.31,2011-10-08T00:00:00Z,FALSE,-1
9275,90,96,2,669.84,2011-10-08T00:00:00Z,FALSE,-1
9276,91,51,1,975.86,2011-10-08T00:00:00Z,FALSE,-1
9277,53,32,3,710.75,2011-10-08T00:00:00Z,FALSE,-1
9278,10,93,2,310.51,2011-10-09T00:00:00Z,FALSE,-1
9279,55,0,2,111.04,2011-10-09T00:00:00Z,FALSE,-1
9280,89,51,1,743.15,2011-10-09T00:00:00Z,FALSE,-1
9281,77,72,2,541.73,2011-10-09T00:00:00Z,FALSE,-1
9282,4,89,1,881.65,2011-10-09T00:00:00Z,FALSE,-1
9283,56,20,4,237.89,2011-10-09T00:00:00Z,FALSE,-1
9284,20,56,2,753.14,2011-10-09T00:00:00Z,FALSE,-1
9285,3,73,3,626.27,2011-10-09T00:00:00Z,FALSE,-1
9286,94,86,3,718.12,2011-10-09T00:00:00Z,FALSE,-1
9287,75,25,1,520.62,2011-10-09T00:00:00Z,FALSE,-1
9288,46,38,1,878.8,2011-10-09T00:00:00Z,FALSE,-1
9289,17,60,1,499.04,2011-10-09T00:00:00Z,FALSE,-1
9290,82,47,3,670.48,2011-10-09T00:00:00Z,FALSE,-1
9291,79,88,3,610.64,2011-10-10T00:00:00Z,FALSE,-1
9292,71,29,1,356.71,2011-10-10T00:00:00Z,FALSE,-1
9293,83,13,1,625.56,2011-10-10T00:00:00Z,FALSE,-1
9294,59,7,2,510.92,2011-10-10T00:00:00Z,FALSE,-1
9295,76,32,3,983.69,2011-10-10T00:00:00Z,FALSE,-1
9296,29,34,1,927.11,2011-10-10T00:00:00Z,FALSE,-1
9297,44,33,1,245.37,2011-10-11T00:00:00Z,FALSE,-1
9298,15,47,1,253.33,2011-10-11T00:00:00Z,FALSE,-1
9299,73,3,4,332.33,2011-10-11T00:00:00Z,FALSE,-1
9300,63,33,1,507.36,2011-10-11T00:00:00Z,FALSE,-1
9301,60,17,2,167.55,2011-10-11T00:00:00Z,FALSE,-1
9302,52,35,1,915.51,2011-10-11T00:00:00Z,FALSE,-1
9303,66,7,3,406.71,2011-10-11T00:00:00Z,FALSE,-1
9304,25,29,2,971.18,2011-10-11T00:00:00Z,FALSE,-1
9305,41,42,1,161.29,2011-10-11T00:00:00Z,FALSE,-1
9306,72,39,2,688.42,2011-10-11T00:00:00Z,FALSE,-1
9307,11,26,3,110.3,2011-10-11T00:00:00Z,FALSE,-1
9308,8,61,1,222.96,2011-10-11T00:00:00Z,FALSE,-1
9309,86,99,2,836.87,2011-10-11T00:00:00Z,FALSE,-1
9310,50,2,3,873.78,2011-10-11T00:00:00Z,FALSE,-1
9311,29,28,1,268.16,2011-10-11T00:00:00Z,FALSE,-1
9312,81,59,1,901.14,2011-10-11T00:00:00Z,FALSE,-1
9313,14,30,1,365.86,2011-10-11T00:00:00Z,FALSE,-1
9314,40,37,3,900.83,2011-10-11T00:00:00Z,FALSE,-1
9315,67,49,1,892.59,2011-10-11T00:00:00Z,FALSE,-1
9316,74,11,1,688.79,2011-10-11T00:00:00Z,FALSE,-1
9317,2,86,2,814.07,2011-10-11T00:00:00Z,FALSE,-1
9318,88,28,3,477.14,2011-10-12T00:00:00Z,FALSE,-1
9319,84,99,3,653.91,2011-10-12T00:00:00Z,FALSE,-1
9320,6,25,4,708.42,2011-10-12T00:00:00Z,FALSE,-1
9321,67,35,3,546.78,2011-10-12T00:00:00Z,FALSE,-1
9322,1,97,3,726.3,2011-10-12T00:00:00Z,FALSE,-1
9323,51,30,1,410.77,2011-10-12T00:00:00Z,FALSE,-1
9324,58,2,3,202.23,2011-10-12T00:00:00Z,FALSE,-1
9325,5,33,2,630.55,2011-10-12T00:00:00Z,FALSE,-1
9326,54,28,2,733.53,2011-10-12T00:00:00Z,FALSE,-1
9327,75,65,1,449.1,2011-10-12T00:00:00Z,FALSE,-1
9328,65,24,1,235.72,2011-10-12T00:00:00Z,FALSE,-1
9329,0,27,3,235.67,2011-10-12T00:00:00Z,FALSE,-1
9330,14,16,4,381.18,2011-10-12T00:00:00Z,FALSE,-1
9331,66,32,3,923.7,2011-10-12T00:00:00Z,FALSE,-1
9332,57,8,2,998.05,2011-10-12T00:00:00Z,FALSE,-1
9333,18,46,2,266.95,2011-10-12T00:00:00Z,FALSE,-1
9334,61,1,2,796.98,2011-10-13T00:00:00Z,FALSE,-1
9335,24,65,1,215.45,2011-10-13T00:00:00Z,FALSE,-1
9336,93,34,3,723.91,2011-10-13T00:00:00Z,FALSE,-1
9337,95,43,1,926.54,2011-10-13T00:00:00Z,FALSE,-1
9338,21,81,1,615.43,2011-10-13T00:00:00Z,FALSE,-1
9339,23,50,3,290.19,2011-10-13T00:00:00Z,FALSE,-1
9340,64,15,3,412.56,2011-10-13T00:00:00Z,FALSE,-1
9341,68,34,3,745.15,2011-10-13T00:00:00Z,FALSE,-1
9342,7,66,1,463.43,2011-10-13T00:00:00Z,FALSE,-1
9343,96,63,1,496.88,2011-10-13T00:00:00Z,FALSE,-1
9344,69,48,1,274.13,2011-10-13T00:00:00Z,FALSE,-1
9345,55,40,1,814.75,2011-10-13T00:00:00Z,FALSE,-1
9346,85,20,3,603.73,2011-10-13T00:00:00Z,FALSE,-1
9347,82,40,1,641.97,2011-10-13T00:00:00Z,FALSE,-1
9348,78,80,3,628.8,2011-10-13T00:00:00Z,FALSE,-1
9349,40,45,1,749.99,2011-10-13T00:00:00Z,FALSE,-1
9350,42,36,3,882.88,2011-10-13T00:00:00Z,FALSE,-1
9351,70,9,3,436.67,2011-10-13T00:00:00Z,FALSE,-1
9352,52,41,2,605.75,2011-10-14T00:00:00Z,FALSE,-1
9353,22,99,1,171.59,2011-10-14T00:00:00Z,FALSE,-1
9354,16,50,3,406.89,2011-10-14T00:00:00Z,FALSE,-1
9355,80,69,1,332.77,2011-10-14T00:00:00Z,FALSE,-1
9356,98,41,1,269.68,2011-10-14T00:00:00Z,FALSE,-1
9357,9,70,3,280.64,2011-10-14T00:00:00Z,FALSE,-1
9358,69,17,1,335.99,2011-10-14T00:00:00Z,FALSE,-1
9359,97,74,4,758.25,2011-10-14T00:00:00Z,FALSE,-1
9360,60,43,1,858.53,2011-10-14T00:00:00Z,FALSE,-1
9361,59,35,2,481.28,2011-10-14T00:00:00Z,FALSE,-1
9362,12,97,1,593.07,2011-10-15T00:00:00Z,FALSE,-1
9363,18,99,3,668.57,2011-10-15T00:00:00Z,FALSE,-1
9364,91,78,3,155.23,2011-10-15T00:00:00Z,FALSE,-1
9365,13,26,3,847.06,2011-10-15T00:00:00Z,FALSE,-1
9366,76,44,3,363.04,2011-10-15T00:00:00Z,FALSE,-1
9367,19,7,3,111.21,2011-10-15T00:00:00Z,FALSE,-1
9368,87,82,3,891.31,2011-10-15T00:00:00Z,FALSE,-1
9369,36,26,1,120.72,2011-10-15T00:00:00Z,FALSE,-1
9370,63,31,3,176.94,2011-10-15T00:00:00Z,FALSE,-1
9371,62,5,2,136.01,2011-10-15T00:00:00Z,FALSE,-1
9372,53,32,3,368.56,2011-10-15T00:00:00Z,FALSE,-1
9373,45,27,3,643.22,2011-10-15T00:00:00Z,FALSE,-1
9374,99,84,2,223.36,2011-10-15T00:00:00Z,FALSE,-1
9375,92,93,4,323.39,2011-10-15T00:00:00Z,FALSE,-1
9376,90,79,1,946.87,2011-10-15T00:00:00Z,FALSE,-1
9377,70,39,1,290.27,2011-10-15T00:00:00Z,FALSE,-1
9378,3,47,1,302.76,2011-10-16T00:00:00Z,FALSE,-1
9379,85,47,4,572.58,2011-10-16T00:00:00Z,FALSE,-1
9380,17,69,3,547.04,2011-10-16T00:00:00Z,FALSE,-1
9381,89,42,1,970.45,2011-10-16T00:00:00Z,FALSE,-1
9382,81,25,3,357.86,2011-10-16T00:00:00Z,FALSE,-1
9383,10,78,3,1059.54,2011-10-16T00:00:00Z,FALSE,-1
9384,4,24,3,862.71,2011-10-16T00:00:00Z,FALSE,-1
9385,56,20,1,375.79,2011-10-16T00:00:00Z,FALSE,-1
9386,83,38,1,316.68,2011-10-16T00:00:00Z,FALSE,-1
9387,77,29,3,531.29,2011-10-16T00:00:00Z,FALSE,-1
9388,20,55,1,232.72,2011-10-16T00:00:00Z,FALSE,-1
9389,94,99,3,985.16,2011-10-16T00:00:00Z,FALSE,-1
9390,55,0,3,327.98,2011-10-16T00:00:00Z,FALSE,-1
9391,79,92,1,126.63,2011-10-17T00:00:00Z,FALSE,-1
9392,59,7,2,170.9,2011-10-17T00:00:00Z,FALSE,-1
9393,71,29,1,164.84,2011-10-17T00:00:00Z,FALSE,-1
9394,36,34,1,859.62,2011-10-17T00:00:00Z,FALSE,-1
9395,83,88,2,804.99,2011-10-17T00:00:00Z,FALSE,-1
9396,76,61,1,524.74,2011-10-17T00:00:00Z,FALSE,-1
9397,35,29,3,652.5,2011-10-18T00:00:00Z,FALSE,-1
9398,44,30,3,725.87,2011-10-18T00:00:00Z,FALSE,-1
9399,81,63,3,971.23,2011-10-18T00:00:00Z,FALSE,-1
9400,60,17,3,985.62,2011-10-18T00:00:00Z,FALSE,-1
9401,52,35,1,616.37,2011-10-18T00:00:00Z,FALSE,-1
9402,63,33,3,579.35,2011-10-18T00:00:00Z,FALSE,-1
9403,50,2,3,149.66,2011-10-18T00:00:00Z,FALSE,-1
9404,73,3,3,514.96,2011-10-18T00:00:00Z,FALSE,-1
9405,69,42,2,491.79,2011-10-18T00:00:00Z,FALSE,-1
9406,8,73,1,869.7,2011-10-18T00:00:00Z,FALSE,-1
9407,11,98,2,408.19,2011-10-18T00:00:00Z,FALSE,-1
9408,58,33,1,845.75,2011-10-18T00:00:00Z,FALSE,-1
9409,2,58,3,446.9,2011-10-18T00:00:00Z,FALSE,-1
9410,66,7,3,514.85,2011-10-18T00:00:00Z,FALSE,-1
9411,31,28,1,854.08,2011-10-18T00:00:00Z,FALSE,-1
9412,80,37,3,943.16,2011-10-18T00:00:00Z,FALSE,-1
9413,15,22,3,422.44,2011-10-18T00:00:00Z,FALSE,-1
9414,86,91,1,132.34,2011-10-18T00:00:00Z,FALSE,-1
9415,86,49,1,943.15,2011-10-18T00:00:00Z,FALSE,-1
9416,74,11,1,421.75,2011-10-18T00:00:00Z,FALSE,-1
9417,72,39,2,769.43,2011-10-18T00:00:00Z,FALSE,-1
9418,76,32,3,333.6,2011-10-19T00:00:00Z,FALSE,-1
9419,1,61,1,985.63,2011-10-19T00:00:00Z,FALSE,-1
9420,51,30,3,581.14,2011-10-19T00:00:00Z,FALSE,-1
9421,67,35,3,507.23,2011-10-19T00:00:00Z,FALSE,-1
9422,65,24,3,934.8,2011-10-19T00:00:00Z,FALSE,-1
9423,54,28,1,588.85,2011-10-19T00:00:00Z,FALSE,-1
9424,88,16,2,551.42,2011-10-19T00:00:00Z,FALSE,-1
9425,6,93,2,443.6,2011-10-19T00:00:00Z,FALSE,-1
9426,14,55,3,943.49,2011-10-19T00:00:00Z,FALSE,-1
9427,5,62,2,140.18,2011-10-19T00:00:00Z,FALSE,-1
9428,84,19,3,170.37,2011-10-19T00:00:00Z,FALSE,-1
9429,62,46,3,309.5,2011-10-19T00:00:00Z,FALSE,-1
9430,58,2,1,420.1,2011-10-19T00:00:00Z,FALSE,-1
9431,0,55,3,538.26,2011-10-19T00:00:00Z,FALSE,-1
9432,75,73,3,593.39,2011-10-19T00:00:00Z,FALSE,-1
9433,57,8,1,379.06,2011-10-19T00:00:00Z,FALSE,-1
9434,61,1,1,683.7,2011-10-20T00:00:00Z,FALSE,-1
9435,93,36,1,675.9,2011-10-20T00:00:00Z,FALSE,-1
9436,23,17,2,829.76,2011-10-20T00:00:00Z,FALSE,-1
9437,95,89,1,711.43,2011-10-20T00:00:00Z,FALSE,-1
9438,24,91,2,568.36,2011-10-20T00:00:00Z,FALSE,-1
9439,55,36,3,176.39,2011-10-20T00:00:00Z,FALSE,-1
9440,64,15,2,605.54,2011-10-20T00:00:00Z,FALSE,-1
9441,61,40,2,611.87,2011-10-20T00:00:00Z,FALSE,-1
9442,50,45,3,910.67,2011-10-20T00:00:00Z,FALSE,-1
9443,70,9,3,257.41,2011-10-20T00:00:00Z,FALSE,-1
9444,82,98,1,300.97,2011-10-20T00:00:00Z,FALSE,-1
9445,68,34,1,660.97,2011-10-20T00:00:00Z,FALSE,-1
9446,78,21,1,433.4,2011-10-20T00:00:00Z,FALSE,-1
9447,7,79,1,857.71,2011-10-20T00:00:00Z,FALSE,-1
9448,85,91,3,609.21,2011-10-20T00:00:00Z,FALSE,-1
9449,96,55,3,324.84,2011-10-20T00:00:00Z,FALSE,-1
9450,21,92,3,195.52,2011-10-20T00:00:00Z,FALSE,-1
9451,74,48,2,234.14,2011-10-20T00:00:00Z,FALSE,-1
9452,87,35,2,167.94,2011-10-21T00:00:00Z,FALSE,-1
9453,69,17,2,117.89,2011-10-21T00:00:00Z,FALSE,-1
9454,16,44,3,260.73,2011-10-21T00:00:00Z,FALSE,-1
9455,9,77,1,974.65,2011-10-21T00:00:00Z,FALSE,-1
9456,97,48,3,778.46,2011-10-21T00:00:00Z,FALSE,-1
9457,66,43,3,696.13,2011-10-21T00:00:00Z,FALSE,-1
9458,80,78,2,808.5,2011-10-21T00:00:00Z,FALSE,-1
9459,98,33,3,611.63,2011-10-21T00:00:00Z,FALSE,-1
9460,68,41,2,622.87,2011-10-21T00:00:00Z,FALSE,-1
9461,22,74,1,543.23,2011-10-21T00:00:00Z,FALSE,-1
9462,18,46,2,751.9,2011-10-22T00:00:00Z,FALSE,-1
9463,92,62,2,751.26,2011-10-22T00:00:00Z,FALSE,-1
9464,87,31,3,496.71,2011-10-22T00:00:00Z,FALSE,-1
9465,62,5,1,662.28,2011-10-22T00:00:00Z,FALSE,-1
9466,53,32,3,306.49,2011-10-22T00:00:00Z,FALSE,-1
9467,91,80,2,313.13,2011-10-22T00:00:00Z,FALSE,-1
9468,62,26,3,241.76,2011-10-22T00:00:00Z,FALSE,-1
9469,19,99,1,839.88,2011-10-22T00:00:00Z,FALSE,-1
9470,79,44,2,482.96,2011-10-22T00:00:00Z,FALSE,-1
9471,13,97,3,894.41,2011-10-22T00:00:00Z,FALSE,-1
9472,93,27,2,345.54,2011-10-22T00:00:00Z,FALSE,-1
9473,99,55,4,883.55,2011-10-22T00:00:00Z,FALSE,-1
9474,87,80,1,818.55,2011-10-22T00:00:00Z,FALSE,-1
9475,12,11,3,585.69,2011-10-22T00:00:00Z,FALSE,-1
9476,72,39,2,418.15,2011-10-22T00:00:00Z,FALSE,-1
9477,90,97,4,372.58,2011-10-22T00:00:00Z,FALSE,-1
9478,56,20,3,165.76,2011-10-23T00:00:00Z,FALSE,-1
9479,97,47,1,734.27,2011-10-23T00:00:00Z,FALSE,-1
9480,88,38,1,662.24,2011-10-23T00:00:00Z,FALSE,-1
9481,89,90,3,355.06,2011-10-23T00:00:00Z,FALSE,-1
9482,94,58,1,478.98,2011-10-23T00:00:00Z,FALSE,-1
9483,94,25,1,703.06,2011-10-23T00:00:00Z,FALSE,-1
9484,3,87,3,768.11,2011-10-23T00:00:00Z,FALSE,-1
9485,4,92,2,95.5,2011-10-23T00:00:00Z,FALSE,-1
9486,20,29,3,522.37,2011-10-23T00:00:00Z,FALSE,-1
9487,77,82,2,697.06,2011-10-23T00:00:00Z,FALSE,-1
9488,55,0,1,708.04,2011-10-23T00:00:00Z,FALSE,-1
9489,17,42,1,778.91,2011-10-23T00:00:00Z,FALSE,-1
9490,10,70,3,823.97,2011-10-23T00:00:00Z,FALSE,-1
9491,76,80,2,669.81,2011-10-24T00:00:00Z,FALSE,-1
9492,77,34,3,913.4,2011-10-24T00:00:00Z,FALSE,-1
9493,79,86,3,596.54,2011-10-24T00:00:00Z,FALSE,-1
9494,83,96,1,298.79,2011-10-24T00:00:00Z,FALSE,-1
9495,59,7,3,332.29,2011-10-24T00:00:00Z,FALSE,-1
9496,71,29,1,431.19,2011-10-24T00:00:00Z,FALSE,-1
9497,92,30,3,555.2,2011-10-25T00:00:00Z,FALSE,-1
9498,72,39,2,954.37,2011-10-25T00:00:00Z,FALSE,-1
9499,93,49,3,708.37,2011-10-25T00:00:00Z,FALSE,-1
9500,88,37,2,122.68,2011-10-25T00:00:00Z,FALSE,-1
9501,50,2,3,856.63,2011-10-25T00:00:00Z,FALSE,-1
9502,15,24,2,232.09,2011-10-25T00:00:00Z,FALSE,-1
9503,2,50,3,376.5,2011-10-25T00:00:00Z,FALSE,-1
9504,32,28,1,256.18,2011-10-25T00:00:00Z,FALSE,-1
9505,63,33,1,688.96,2011-10-25T00:00:00Z,FALSE,-1
9506,66,29,1,970.12,2011-10-25T00:00:00Z,FALSE,-1
9507,83,33,1,806.4,2011-10-25T00:00:00Z,FALSE,-1
9508,11,46,4,274.87,2011-10-25T00:00:00Z,FALSE,-1
9509,73,3,3,232.31,2011-10-25T00:00:00Z,FALSE,-1
9510,66,7,2,270.86,2011-10-25T00:00:00Z,FALSE,-1
9511,60,17,3,165.26,2011-10-25T00:00:00Z,FALSE,-1
9512,70,42,3,165.8,2011-10-25T00:00:00Z,FALSE,-1
9513,8,57,3,964.54,2011-10-25T00:00:00Z,FALSE,-1
9514,86,76,1,878.08,2011-10-25T00:00:00Z,FALSE,-1
9515,52,35,2,462.92,2011-10-25T00:00:00Z,FALSE,-1
9516,74,11,3,425.48,2011-10-25T00:00:00Z,FALSE,-1
9517,81,8,2,863.52,2011-10-25T00:00:00Z,FALSE,-1
9518,5,87,3,866.48,2011-10-26T00:00:00Z,FALSE,-1
9519,51,30,2,121.84,2011-10-26T00:00:00Z,FALSE,-1
9520,73,46,2,797.53,2011-10-26T00:00:00Z,FALSE,-1
9521,57,8,1,334.49,2011-10-26T00:00:00Z,FALSE,-1
9522,65,24,1,113.71,2011-10-26T00:00:00Z,FALSE,-1
9523,58,2,1,978.74,2011-10-26T00:00:00Z,FALSE,-1
9524,6,30,1,935.56,2011-10-26T00:00:00Z,FALSE,-1
9525,54,28,1,136.97,2011-10-26T00:00:00Z,FALSE,-1
9526,1,49,3,414.62,2011-10-26T00:00:00Z,FALSE,-1
9527,0,27,3,499.34,2011-10-26T00:00:00Z,FALSE,-1
9528,75,25,1,771.76,2011-10-26T00:00:00Z,FALSE,-1
9529,81,32,1,371.86,2011-10-26T00:00:00Z,FALSE,-1
9530,67,35,1,236.35,2011-10-26T00:00:00Z,FALSE,-1
9531,14,48,2,1032.52,2011-10-26T00:00:00Z,FALSE,-1
9532,88,81,3,681.3,2011-10-26T00:00:00Z,FALSE,-1
9533,84,89,4,589.42,2011-10-26T00:00:00Z,FALSE,-1
9534,78,72,1,219.02,2011-10-27T00:00:00Z,FALSE,-1
9535,61,1,3,355.01,2011-10-27T00:00:00Z,FALSE,-1
9536,91,48,1,426.59,2011-10-27T00:00:00Z,FALSE,-1
9537,64,15,3,658.88,2011-10-27T00:00:00Z,FALSE,-1
9538,95,93,3,348.68,2011-10-27T00:00:00Z,FALSE,-1
9539,68,34,1,609.66,2011-10-27T00:00:00Z,FALSE,-1
9540,96,94,3,843.42,2011-10-27T00:00:00Z,FALSE,-1
9541,54,45,2,956.09,2011-10-27T00:00:00Z,FALSE,-1
9542,7,22,2,919.48,2011-10-27T00:00:00Z,FALSE,-1
9543,24,60,1,481.33,2011-10-27T00:00:00Z,FALSE,-1
9544,23,79,1,703.77,2011-10-27T00:00:00Z,FALSE,-1
9545,64,40,1,451.28,2011-10-27T00:00:00Z,FALSE,-1
9546,82,73,3,843.51,2011-10-27T00:00:00Z,FALSE,-1
9547,79,36,1,659.74,2011-10-27T00:00:00Z,FALSE,-1
9548,93,49,3,830.91,2011-10-27T00:00:00Z,FALSE,-1
9549,85,67,1,777.6,2011-10-27T00:00:00Z,FALSE,-1
9550,21,40,2,535.81,2011-10-27T00:00:00Z,FALSE,-1
9551,70,9,3,812.76,2011-10-27T00:00:00Z,FALSE,-1
9552,22,62,1,586.77,2011-10-28T00:00:00Z,FALSE,-1
9553,95,35,1,841.31,2011-10-28T00:00:00Z,FALSE,-1
9554,16,83,1,273.51,2011-10-28T00:00:00Z,FALSE,-1
9555,9,38,3,1000.63,2011-10-28T00:00:00Z,FALSE,-1
9556,80,67,3,347.23,2011-10-28T00:00:00Z,FALSE,-1
9557,67,43,3,189.75,2011-10-28T00:00:00Z,FALSE,-1
9558,69,17,3,613.93,2011-10-28T00:00:00Z,FALSE,-1
9559,74,41,1,455.78,2011-10-28T00:00:00Z,FALSE,-1
9560,97,18,1,239.41,2011-10-28T00:00:00Z,FALSE,-1
9561,98,36,2,356.7,2011-10-28T00:00:00Z,FALSE,-1
9562,91,37,2,855.21,2011-10-29T00:00:00Z,FALSE,-1
9563,92,65,1,768.89,2011-10-29T00:00:00Z,FALSE,-1
9564,90,95,1,999.36,2011-10-29T00:00:00Z,FALSE,-1
9565,97,27,2,943.76,2011-10-29T00:00:00Z,FALSE,-1
9566,99,0,1,356.06,2011-10-29T00:00:00Z,FALSE,-1
9567,12,57,3,480.32,2011-10-29T00:00:00Z,FALSE,-1
9568,19,97,3,458.49,2011-10-29T00:00:00Z,FALSE,-1
9569,62,5,3,332.1,2011-10-29T00:00:00Z,FALSE,-1
9570,53,32,2,142.26,2011-10-29T00:00:00Z,FALSE,-1
9571,80,39,3,340.63,2011-10-29T00:00:00Z,FALSE,-1
9572,86,44,2,556.47,2011-10-29T00:00:00Z,FALSE,-1
9573,87,19,1,312.15,2011-10-29T00:00:00Z,FALSE,-1
9574,18,96,1,651,2011-10-29T00:00:00Z,FALSE,-1
9575,88,26,1,545.29,2011-10-29T00:00:00Z,FALSE,-1
9576,49,31,1,432.55,2011-10-29T00:00:00Z,FALSE,-1
9577,13,95,3,954.44,2011-10-29T00:00:00Z,FALSE,-1
9578,10,41,3,355.41,2011-10-30T00:00:00Z,FALSE,-1
9579,56,20,1,401.21,2011-10-30T00:00:00Z,FALSE,-1
9580,89,59,3,825.02,2011-10-30T00:00:00Z,FALSE,-1
9581,98,47,1,694.76,2011-10-30T00:00:00Z,FALSE,-1
9582,20,92,1,151.59,2011-10-30T00:00:00Z,FALSE,-1
9583,55,0,1,904.96,2011-10-30T00:00:00Z,FALSE,-1
9584,95,38,1,181.12,2011-10-30T00:00:00Z,FALSE,-1
9585,99,25,1,729.29,2011-10-30T00:00:00Z,FALSE,-1
9586,17,70,1,153.23,2011-10-30T00:00:00Z,FALSE,-1
9587,94,34,2,376.38,2011-10-30T00:00:00Z,FALSE,-1
9588,3,73,3,179.57,2011-10-30T00:00:00Z,FALSE,-1
9589,77,95,4,170.76,2011-10-30T00:00:00Z,FALSE,-1
9590,4,89,1,234.14,2011-10-30T00:00:00Z,FALSE,-1
9591,71,29,3,591.86,2011-10-31T00:00:00Z,FALSE,-1
9592,76,74,3,866.32,2011-10-31T00:00:00Z,FALSE,-1
9593,93,34,3,218.99,2011-10-31T00:00:00Z,FALSE,-1
9594,79,28,3,108.2,2011-10-31T00:00:00Z,FALSE,-1
9595,59,7,2,508.26,2011-10-31T00:00:00Z,FALSE,-1
9596,83,32,3,499.43,2011-10-31T00:00:00Z,FALSE,-1
9597,86,95,3,329.19,2011-11-01T00:00:00Z,FALSE,-1
9598,60,17,3,954.18,2011-11-01T00:00:00Z,FALSE,-1
9599,74,11,2,782.69,2011-11-01T00:00:00Z,FALSE,-1
9600,72,39,2,333.04,2011-11-01T00:00:00Z,FALSE,-1
9601,73,3,3,874.81,2011-11-01T00:00:00Z,FALSE,-1
9602,63,33,1,512.06,2011-11-01T00:00:00Z,FALSE,-1
9603,2,86,2,551.2,2011-11-01T00:00:00Z,FALSE,-1
9604,8,66,3,684.86,2011-11-01T00:00:00Z,FALSE,-1
9605,15,64,1,816.44,2011-11-01T00:00:00Z,FALSE,-1
9606,89,37,2,961.16,2011-11-01T00:00:00Z,FALSE,-1
9607,81,97,3,243.65,2011-11-01T00:00:00Z,FALSE,-1
9608,52,35,1,765.91,2011-11-01T00:00:00Z,FALSE,-1
9609,94,49,2,702.36,2011-11-01T00:00:00Z,FALSE,-1
9610,94,30,2,829.2,2011-11-01T00:00:00Z,FALSE,-1
9611,77,42,2,314.29,2011-11-01T00:00:00Z,FALSE,-1
9612,34,28,1,392.89,2011-11-01T00:00:00Z,FALSE,-1
9613,50,2,2,370.56,2011-11-01T00:00:00Z,FALSE,-1
9614,66,7,1,807.08,2011-11-01T00:00:00Z,FALSE,-1
9615,77,29,3,329.01,2011-11-01T00:00:00Z,FALSE,-1
9616,94,33,2,242.5,2011-11-01T00:00:00Z,FALSE,-1
9617,11,74,2,943.89,2011-11-01T00:00:00Z,FALSE,-1
9618,0,55,3,887.53,2011-11-02T00:00:00Z,FALSE,-1
9619,88,78,1,981.37,2011-11-02T00:00:00Z,FALSE,-1
9620,75,98,2,414,2011-11-02T00:00:00Z,FALSE,-1
9621,65,24,4,968.49,2011-11-02T00:00:00Z,FALSE,-1
9622,51,30,2,503.34,2011-11-02T00:00:00Z,FALSE,-1
9623,84,64,2,260.13,2011-11-02T00:00:00Z,FALSE,-1
9624,14,20,1,191.49,2011-11-02T00:00:00Z,FALSE,-1
9625,57,8,3,751.77,2011-11-02T00:00:00Z,FALSE,-1
9626,83,32,3,906.69,2011-11-02T00:00:00Z,FALSE,-1
9627,95,46,1,412.86,2011-11-02T00:00:00Z,FALSE,-1
9628,5,33,2,258,2011-11-02T00:00:00Z,FALSE,-1
9629,6,94,3,455.47,2011-11-02T00:00:00Z,FALSE,-1
9630,67,35,1,201.38,2011-11-02T00:00:00Z,FALSE,-1
9631,58,2,1,126.59,2011-11-02T00:00:00Z,FALSE,-1
9632,54,28,1,220.75,2011-11-02T00:00:00Z,FALSE,-1
9633,1,97,3,735.81,2011-11-02T00:00:00Z,FALSE,-1
9634,82,95,3,144.3,2011-11-03T00:00:00Z,FALSE,-1
9635,78,92,1,500.96,2011-11-03T00:00:00Z,FALSE,-1
9636,68,34,1,729.37,2011-11-03T00:00:00Z,FALSE,-1
9637,95,77,1,833.87,2011-11-03T00:00:00Z,FALSE,-1
9638,94,48,3,333.35,2011-11-03T00:00:00Z,FALSE,-1
9639,96,99,2,751.15,2011-11-03T00:00:00Z,FALSE,-1
9640,82,40,1,896.83,2011-11-03T00:00:00Z,FALSE,-1
9641,93,86,3,875.34,2011-11-03T00:00:00Z,FALSE,-1
9642,61,1,2,907.65,2011-11-03T00:00:00Z,FALSE,-1
9643,93,36,1,767.85,2011-11-03T00:00:00Z,FALSE,-1
9644,64,15,3,193.64,2011-11-03T00:00:00Z,FALSE,-1
9645,21,44,1,777.14,2011-11-03T00:00:00Z,FALSE,-1
9646,23,37,1,288.72,2011-11-03T00:00:00Z,FALSE,-1
9647,70,9,3,986.36,2011-11-03T00:00:00Z,FALSE,-1
9648,78,45,1,677.96,2011-11-03T00:00:00Z,FALSE,-1
9649,85,79,1,718.49,2011-11-03T00:00:00Z,FALSE,-1
9650,7,59,3,417.48,2011-11-03T00:00:00Z,FALSE,-1
9651,24,69,3,295.37,2011-11-03T00:00:00Z,FALSE,-1
9652,68,43,1,320.87,2011-11-04T00:00:00Z,FALSE,-1
9653,52,35,1,110.84,2011-11-04T00:00:00Z,FALSE,-1
9654,98,95,2,225.82,2011-11-04T00:00:00Z,FALSE,-1
9655,22,56,2,671.45,2011-11-04T00:00:00Z,FALSE,-1
9656,16,98,3,204.93,2011-11-04T00:00:00Z,FALSE,-1
9657,98,41,1,139.56,2011-11-04T00:00:00Z,FALSE,-1
9658,9,23,1,169.81,2011-11-04T00:00:00Z,FALSE,-1
9659,97,22,3,630.58,2011-11-04T00:00:00Z,FALSE,-1
9660,80,19,1,357.97,2011-11-04T00:00:00Z,FALSE,-1
9661,69,17,3,356.66,2011-11-04T00:00:00Z,FALSE,-1
9662,90,39,1,660.29,2011-11-05T00:00:00Z,FALSE,-1
9663,62,5,2,760,2011-11-05T00:00:00Z,FALSE,-1
9664,87,31,3,163.73,2011-11-05T00:00:00Z,FALSE,-1
9665,12,6,2,883.33,2011-11-05T00:00:00Z,FALSE,-1
9666,90,52,3,444.6,2011-11-05T00:00:00Z,FALSE,-1
9667,88,44,3,184.17,2011-11-05T00:00:00Z,FALSE,-1
9668,0,27,3,910.46,2011-11-05T00:00:00Z,FALSE,-1
9669,99,94,2,597.81,2011-11-05T00:00:00Z,FALSE,-1
9670,18,91,1,642.68,2011-11-05T00:00:00Z,FALSE,-1
9671,92,64,3,688.73,2011-11-05T00:00:00Z,FALSE,-1
9672,11,26,3,138.03,2011-11-05T00:00:00Z,FALSE,-1
9673,54,31,1,791.53,2011-11-05T00:00:00Z,FALSE,-1
9674,13,34,1,575.65,2011-11-05T00:00:00Z,FALSE,-1
9675,91,67,3,780.3,2011-11-05T00:00:00Z,FALSE,-1
9676,19,28,1,628.78,2011-11-05T00:00:00Z,FALSE,-1
9677,53,32,3,915.11,2011-11-05T00:00:00Z,FALSE,-1
9678,56,20,4,604.6,2011-11-06T00:00:00Z,FALSE,-1
9679,55,0,1,898.91,2011-11-06T00:00:00Z,FALSE,-1
9680,3,47,1,626.65,2011-11-06T00:00:00Z,FALSE,-1
9681,77,42,2,983.5,2011-11-06T00:00:00Z,FALSE,-1
9682,20,64,1,238.55,2011-11-06T00:00:00Z,FALSE,-1
9683,6,25,4,917.23,2011-11-06T00:00:00Z,FALSE,-1
9684,17,77,1,807.79,2011-11-06T00:00:00Z,FALSE,-1
9685,10,91,1,388.53,2011-11-06T00:00:00Z,FALSE,-1
9686,96,38,3,410.14,2011-11-06T00:00:00Z,FALSE,-1
9687,94,13,2,454.8,2011-11-06T00:00:00Z,FALSE,-1
9688,89,77,1,742.39,2011-11-06T00:00:00Z,FALSE,-1
9689,4,24,3,170.48,2011-11-06T00:00:00Z,FALSE,-1
9690,3,47,1,498.18,2011-11-06T00:00:00Z,FALSE,-1
9691,94,34,2,707.73,2011-11-07T00:00:00Z,FALSE,-1
9692,79,75,3,875.45,2011-11-07T00:00:00Z,FALSE,-1
9693,76,69,1,832.14,2011-11-07T00:00:00Z,FALSE,-1
9694,59,7,2,567.04,2011-11-07T00:00:00Z,FALSE,-1
9695,83,54,1,498.73,2011-11-07T00:00:00Z,FALSE,-1
9696,71,29,3,788.36,2011-11-07T00:00:00Z,FALSE,-1
9697,11,86,3,179,2011-11-08T00:00:00Z,FALSE,-1
9698,35,28,3,958.97,2011-11-08T00:00:00Z,FALSE,-1
9699,73,3,4,948.91,2011-11-08T00:00:00Z,FALSE,-1
9700,89,42,1,163.65,2011-11-08T00:00:00Z,FALSE,-1
9701,50,2,1,473.85,2011-11-08T00:00:00Z,FALSE,-1
9702,74,11,2,199.68,2011-11-08T00:00:00Z,FALSE,-1
9703,60,17,1,162.57,2011-11-08T00:00:00Z,FALSE,-1
9704,91,37,2,192.4,2011-11-08T00:00:00Z,FALSE,-1
9705,98,30,1,313.32,2011-11-08T00:00:00Z,FALSE,-1
9706,98,33,3,516.83,2011-11-08T00:00:00Z,FALSE,-1
9707,66,7,3,222.01,2011-11-08T00:00:00Z,FALSE,-1
9708,15,32,2,526.19,2011-11-08T00:00:00Z,FALSE,-1
9709,1,49,3,240.8,2011-11-08T00:00:00Z,FALSE,-1
9710,8,61,1,600.79,2011-11-08T00:00:00Z,FALSE,-1
9711,2,58,3,208.75,2011-11-08T00:00:00Z,FALSE,-1
9712,86,93,1,229.89,2011-11-08T00:00:00Z,FALSE,-1
9713,81,89,2,278.47,2011-11-08T00:00:00Z,FALSE,-1
9714,63,33,2,732.59,2011-11-08T00:00:00Z,FALSE,-1
9715,52,35,3,666.61,2011-11-08T00:00:00Z,FALSE,-1
9716,96,29,2,612.36,2011-11-08T00:00:00Z,FALSE,-1
9717,72,39,2,350.05,2011-11-08T00:00:00Z,FALSE,-1
9718,65,24,1,301.13,2011-11-09T00:00:00Z,FALSE,-1
9719,14,30,1,451.99,2011-11-09T00:00:00Z,FALSE,-1
9720,88,38,1,464.56,2011-11-09T00:00:00Z,FALSE,-1
9721,6,25,4,685.39,2011-11-09T00:00:00Z,FALSE,-1
9722,57,8,1,805.54,2011-11-09T00:00:00Z,FALSE,-1
9723,99,32,1,729.18,2011-11-09T00:00:00Z,FALSE,-1
9724,0,27,3,456.31,2011-11-09T00:00:00Z,FALSE,-1
9725,97,46,1,631.43,2011-11-09T00:00:00Z,FALSE,-1
9726,67,35,3,522.65,2011-11-09T00:00:00Z,FALSE,-1
9727,84,58,3,861.41,2011-11-09T00:00:00Z,FALSE,-1
9728,5,62,2,882.46,2011-11-09T00:00:00Z,FALSE,-1
9729,54,28,1,730.68,2011-11-09T00:00:00Z,FALSE,-1
9730,75,78,2,532.39,2011-11-09T00:00:00Z,FALSE,-1
9731,58,2,3,547.79,2011-11-09T00:00:00Z,FALSE,-1
9732,1,61,1,484.36,2011-11-09T00:00:00Z,FALSE,-1
9733,51,30,4,721.88,2011-11-09T00:00:00Z,FALSE,-1
9734,94,40,1,548.21,2011-11-10T00:00:00Z,FALSE,-1
9735,68,34,1,617.21,2011-11-10T00:00:00Z,FALSE,-1
9736,85,95,3,496.17,2011-11-10T00:00:00Z,FALSE,-1
9737,23,20,3,196.96,2011-11-10T00:00:00Z,FALSE,-1
9738,61,1,1,161.96,2011-11-10T00:00:00Z,FALSE,-1
9739,87,45,4,208.14,2011-11-10T00:00:00Z,FALSE,-1
9740,97,48,3,500.37,2011-11-10T00:00:00Z,FALSE,-1
9741,93,97,3,195.38,2011-11-10T00:00:00Z,FALSE,-1
9742,64,15,1,110.28,2011-11-10T00:00:00Z,FALSE,-1
9743,97,36,1,270.85,2011-11-10T00:00:00Z,FALSE,-1
9744,95,69,1,941.36,2011-11-10T00:00:00Z,FALSE,-1
9745,78,62,1,852.76,2011-11-10T00:00:00Z,FALSE,-1
9746,21,99,2,482.93,2011-11-10T00:00:00Z,FALSE,-1
9747,70,9,1,195.48,2011-11-10T00:00:00Z,FALSE,-1
9748,96,14,3,656.2,2011-11-10T00:00:00Z,FALSE,-1
9749,7,66,1,238.92,2011-11-10T00:00:00Z,FALSE,-1
9750,82,99,1,563.23,2011-11-10T00:00:00Z,FALSE,-1
9751,24,26,1,570.38,2011-11-10T00:00:00Z,FALSE,-1
9752,16,61,2,669.14,2011-11-11T00:00:00Z,FALSE,-1
9753,22,92,2,188.11,2011-11-11T00:00:00Z,FALSE,-1
9754,80,8,3,552.06,2011-11-11T00:00:00Z,FALSE,-1
9755,99,41,1,937.64,2011-11-11T00:00:00Z,FALSE,-1
9756,98,12,3,522.14,2011-11-11T00:00:00Z,FALSE,-1
9757,95,43,1,437.88,2011-11-11T00:00:00Z,FALSE,-1
9758,9,70,3,850.41,2011-11-11T00:00:00Z,FALSE,-1
9759,97,36,1,931.18,2011-11-11T00:00:00Z,FALSE,-1
9760,67,35,3,902.79,2011-11-11T00:00:00Z,FALSE,-1
9761,69,17,3,237.54,2011-11-11T00:00:00Z,FALSE,-1
9762,92,39,1,640.39,2011-11-12T00:00:00Z,FALSE,-1
9763,94,44,1,340.86,2011-11-12T00:00:00Z,FALSE,-1
9764,13,77,1,559.26,2011-11-12T00:00:00Z,FALSE,-1
9765,90,50,1,686.45,2011-11-12T00:00:00Z,FALSE,-1
9766,53,32,2,645.02,2011-11-12T00:00:00Z,FALSE,-1
9767,18,99,3,598.73,2011-11-12T00:00:00Z,FALSE,-1
9768,62,5,2,313.92,2011-11-12T00:00:00Z,FALSE,-1
9769,91,99,3,769.97,2011-11-12T00:00:00Z,FALSE,-1
9770,58,31,1,575.37,2011-11-12T00:00:00Z,FALSE,-1
9771,13,26,3,486.28,2011-11-12T00:00:00Z,FALSE,-1
9772,99,73,1,286.47,2011-11-12T00:00:00Z,FALSE,-1
9773,87,95,3,450.92,2011-11-12T00:00:00Z,FALSE,-1
9774,19,85,3,357.68,2011-11-12T00:00:00Z,FALSE,-1
9775,12,5,3,511.33,2011-11-12T00:00:00Z,FALSE,-1
9776,92,98,1,588.67,2011-11-12T00:00:00Z,FALSE,-1
9777,32,27,3,603.55,2011-11-12T00:00:00Z,FALSE,-1
9778,17,60,1,919.36,2011-11-13T00:00:00Z,FALSE,-1
9779,15,47,1,176.42,2011-11-13T00:00:00Z,FALSE,-1
9780,77,52,3,923.33,2011-11-13T00:00:00Z,FALSE,-1
9781,94,96,2,792.39,2011-11-13T00:00:00Z,FALSE,-1
9782,20,56,2,821.19,2011-11-13T00:00:00Z,FALSE,-1
9783,55,0,1,409.22,2011-11-13T00:00:00Z,FALSE,-1
9784,10,93,2,714.75,2011-11-13T00:00:00Z,FALSE,-1
9785,98,38,3,735.74,2011-11-13T00:00:00Z,FALSE,-1
9786,3,87,3,565.43,2011-11-13T00:00:00Z,FALSE,-1
9787,56,20,3,913.32,2011-11-13T00:00:00Z,FALSE,-1
9788,89,93,1,605.13,2011-11-13T00:00:00Z,FALSE,-1
9789,56,25,4,734.49,2011-11-13T00:00:00Z,FALSE,-1
9790,4,92,2,178.28,2011-11-13T00:00:00Z,FALSE,-1
9791,76,72,1,917.87,2011-11-14T00:00:00Z,FALSE,-1
9792,59,7,2,710.68,2011-11-14T00:00:00Z,FALSE,-1
9793,83,99,3,996.25,2011-11-14T00:00:00Z,FALSE,-1
9794,79,44,2,248.01,2011-11-14T00:00:00Z,FALSE,-1
9795,68,34,1,266.75,2011-11-14T00:00:00Z,FALSE,-1
9796,71,29,3,352.64,2011-11-14T00:00:00Z,FALSE,-1
9797,74,11,1,851.81,2011-11-15T00:00:00Z,FALSE,-1
9798,51,30,3,867.43,2011-11-15T00:00:00Z,FALSE,-1
9799,73,3,3,672.72,2011-11-15T00:00:00Z,FALSE,-1
9800,86,82,3,325.11,2011-11-15T00:00:00Z,FALSE,-1
9801,2,50,3,730.22,2011-11-15T00:00:00Z,FALSE,-1
9802,66,7,3,451.3,2011-11-15T00:00:00Z,FALSE,-1
9803,8,73,1,559.98,2011-11-15T00:00:00Z,FALSE,-1
9804,38,49,1,839.56,2011-11-15T00:00:00Z,FALSE,-1
9805,60,17,1,442.59,2011-11-15T00:00:00Z,FALSE,-1
9806,15,47,1,225.47,2011-11-15T00:00:00Z,FALSE,-1
9807,11,26,3,611.1,2011-11-15T00:00:00Z,FALSE,-1
9808,50,2,2,468.77,2011-11-15T00:00:00Z,FALSE,-1
9809,81,25,3,374.56,2011-11-15T00:00:00Z,FALSE,-1
9810,63,33,3,935.63,2011-11-15T00:00:00Z,FALSE,-1
9811,71,29,4,420.88,2011-11-15T00:00:00Z,FALSE,-1
9812,63,33,3,758.74,2011-11-15T00:00:00Z,FALSE,-1
9813,95,42,3,214.34,2011-11-15T00:00:00Z,FALSE,-1
9814,36,28,3,613.42,2011-11-15T00:00:00Z,FALSE,-1
9815,72,39,2,181.69,2011-11-15T00:00:00Z,FALSE,-1
9816,52,35,1,303.55,2011-11-15T00:00:00Z,FALSE,-1
9817,95,37,3,783.58,2011-11-15T00:00:00Z,FALSE,-1
9818,57,8,1,891.83,2011-11-16T00:00:00Z,FALSE,-1
9819,5,87,3,134.27,2011-11-16T00:00:00Z,FALSE,-1
9820,84,92,1,851.86,2011-11-16T00:00:00Z,FALSE,-1
9821,65,24,1,455.68,2011-11-16T00:00:00Z,FALSE,-1
9822,0,55,3,949.94,2011-11-16T00:00:00Z,FALSE,-1
9823,88,77,1,810.26,2011-11-16T00:00:00Z,FALSE,-1
9824,14,16,4,297.73,2011-11-16T00:00:00Z,FALSE,-1
9825,53,32,3,667.03,2011-11-16T00:00:00Z,FALSE,-1
9826,6,93,2,948.25,2011-11-16T00:00:00Z,FALSE,-1
9827,1,49,3,903.94,2011-11-16T00:00:00Z,FALSE,-1
9828,99,46,1,941.05,2011-11-16T00:00:00Z,FALSE,-1
9829,54,28,1,791.24,2011-11-16T00:00:00Z,FALSE,-1
9830,75,11,1,498.24,2011-11-16T00:00:00Z,FALSE,-1
9831,51,30,3,271.32,2011-11-16T00:00:00Z,FALSE,-1
9832,58,2,3,384.51,2011-11-16T00:00:00Z,FALSE,-1
9833,67,35,1,498.6,2011-11-16T00:00:00Z,FALSE,-1
9834,68,34,1,249.4,2011-11-17T00:00:00Z,FALSE,-1
9835,24,90,2,965.98,2011-11-17T00:00:00Z,FALSE,-1
9836,98,36,2,864.29,2011-11-17T00:00:00Z,FALSE,-1
9837,23,98,1,849.44,2011-11-17T00:00:00Z,FALSE,-1
9838,95,46,1,247.11,2011-11-17T00:00:00Z,FALSE,-1
9839,91,45,1,171.31,2011-11-17T00:00:00Z,FALSE,-1
9840,21,81,1,134.7,2011-11-17T00:00:00Z,FALSE,-1
9841,98,40,3,745.57,2011-11-17T00:00:00Z,FALSE,-1
9842,85,47,4,587.39,2011-11-17T00:00:00Z,FALSE,-1
9843,96,88,3,667.28,2011-11-17T00:00:00Z,FALSE,-1
9844,93,91,4,463.08,2011-11-17T00:00:00Z,FALSE,-1
9845,82,97,2,942.42,2011-11-17T00:00:00Z,FALSE,-1
9846,70,9,2,374.61,2011-11-17T00:00:00Z,FALSE,-1
9847,7,79,1,882.09,2011-11-17T00:00:00Z,FALSE,-1
9848,64,15,3,403.95,2011-11-17T00:00:00Z,FALSE,-1
9849,99,48,2,125.39,2011-11-17T00:00:00Z,FALSE,-1
9850,61,1,2,912.89,2011-11-17T00:00:00Z,FALSE,-1
9851,78,45,1,799.29,2011-11-17T00:00:00Z,FALSE,-1
9852,97,99,1,531.25,2011-11-18T00:00:00Z,FALSE,-1
9853,10,41,3,406.56,2011-11-18T00:00:00Z,FALSE,-1
9854,16,50,3,1008.46,2011-11-18T00:00:00Z,FALSE,-1
9855,9,77,1,757.61,2011-11-18T00:00:00Z,FALSE,-1
9856,22,99,1,930.47,2011-11-18T00:00:00Z,FALSE,-1
9857,98,22,3,236.41,2011-11-18T00:00:00Z,FALSE,-1
9858,80,37,3,897.78,2011-11-18T00:00:00Z,FALSE,-1
9859,69,17,3,351.57,2011-11-18T00:00:00Z,FALSE,-1
9860,28,35,3,408.39,2011-11-18T00:00:00Z,FALSE,-1
9861,33,43,1,131.35,2011-11-18T00:00:00Z,FALSE,-1
9862,90,7,3,741.25,2011-11-19T00:00:00Z,FALSE,-1
9863,53,32,3,251.75,2011-11-19T00:00:00Z,FALSE,-1
9864,12,97,1,711.78,2011-11-19T00:00:00Z,FALSE,-1
9865,44,27,2,957.92,2011-11-19T00:00:00Z,FALSE,-1
9866,91,62,1,880.22,2011-11-19T00:00:00Z,FALSE,-1
9867,29,39,1,543.38,2011-11-19T00:00:00Z,FALSE,-1
9868,13,26,3,826.72,2011-11-19T00:00:00Z,FALSE,-1
9869,62,5,3,876.57,2011-11-19T00:00:00Z,FALSE,-1
9870,63,31,3,684.06,2011-11-19T00:00:00Z,FALSE,-1
9871,87,72,1,278.22,2011-11-19T00:00:00Z,FALSE,-1
9872,19,7,3,520.3,2011-11-19T00:00:00Z,FALSE,-1
9873,24,26,1,899.41,2011-11-19T00:00:00Z,FALSE,-1
9874,99,7,3,670.75,2011-11-19T00:00:00Z,FALSE,-1
9875,92,30,3,749.64,2011-11-19T00:00:00Z,FALSE,-1
9876,16,44,3,380.54,2011-11-19T00:00:00Z,FALSE,-1
9877,18,46,2,328.46,2011-11-19T00:00:00Z,FALSE,-1
9878,77,96,1,751.7,2011-11-20T00:00:00Z,FALSE,-1
9879,4,89,1,816.88,2011-11-20T00:00:00Z,FALSE,-1
9880,9,38,3,715.67,2011-11-20T00:00:00Z,FALSE,-1
9881,55,0,3,961.92,2011-11-20T00:00:00Z,FALSE,-1
9882,20,55,1,407.02,2011-11-20T00:00:00Z,FALSE,-1
9883,3,73,3,774.61,2011-11-20T00:00:00Z,FALSE,-1
9884,10,78,3,339.15,2011-11-20T00:00:00Z,FALSE,-1
9885,56,20,3,540.23,2011-11-20T00:00:00Z,FALSE,-1
9886,75,25,1,682.03,2011-11-20T00:00:00Z,FALSE,-1
9887,94,53,3,986.18,2011-11-20T00:00:00Z,FALSE,-1
9888,89,83,3,759.2,2011-11-20T00:00:00Z,FALSE,-1
9889,17,69,3,126.32,2011-11-20T00:00:00Z,FALSE,-1
9890,42,47,1,428.83,2011-11-20T00:00:00Z,FALSE,-1
9891,76,95,3,836.77,2011-11-21T00:00:00Z,FALSE,-1
9892,71,29,3,726.17,2011-11-21T00:00:00Z,FALSE,-1
9893,79,36,1,600.62,2011-11-21T00:00:00Z,FALSE,-1
9894,13,34,1,337.12,2011-11-21T00:00:00Z,FALSE,-1
9895,83,20,1,969.86,2011-11-21T00:00:00Z,FALSE,-1
9896,59,7,2,313.47,2011-11-21T00:00:00Z,FALSE,-1
9897,8,57,3,230.12,2011-11-22T00:00:00Z,FALSE,-1
9898,15,22,3,444.9,2011-11-22T00:00:00Z,FALSE,-1
9899,11,98,2,419.31,2011-11-22T00:00:00Z,FALSE,-1
9900,63,33,3,810.25,2011-11-22T00:00:00Z,FALSE,-1
9901,17,42,1,126.2,2011-11-22T00:00:00Z,FALSE,-1
9902,37,28,2,495.6,2011-11-22T00:00:00Z,FALSE,-1
9903,66,7,1,114.05,2011-11-22T00:00:00Z,FALSE,-1
9904,52,35,1,458.75,2011-11-22T00:00:00Z,FALSE,-1
9905,60,17,2,426.07,2011-11-22T00:00:00Z,FALSE,-1
9906,5,33,2,868.96,2011-11-22T00:00:00Z,FALSE,-1
9907,50,2,2,394.21,2011-11-22T00:00:00Z,FALSE,-1
9908,56,49,3,561.18,2011-11-22T00:00:00Z,FALSE,-1
9909,2,86,2,132.49,2011-11-22T00:00:00Z,FALSE,-1
9910,73,3,4,747.93,2011-11-22T00:00:00Z,FALSE,-1
9911,72,39,2,549.19,2011-11-22T00:00:00Z,FALSE,-1
9912,6,30,1,781.37,2011-11-22T00:00:00Z,FALSE,-1
9913,86,94,1,523.45,2011-11-22T00:00:00Z,FALSE,-1
9914,20,29,3,686.61,2011-11-22T00:00:00Z,FALSE,-1
9915,74,11,1,514.17,2011-11-22T00:00:00Z,FALSE,-1
9916,81,91,2,369.26,2011-11-22T00:00:00Z,FALSE,-1
9917,23,37,1,351.99,2011-11-22T00:00:00Z,FALSE,-1
9918,58,2,3,567.31,2011-11-23T00:00:00Z,FALSE,-1
9919,5,33,2,149.86,2011-11-23T00:00:00Z,FALSE,-1
9920,51,30,3,966.83,2011-11-23T00:00:00Z,FALSE,-1
9921,6,30,1,905.32,2011-11-23T00:00:00Z,FALSE,-1
9922,88,26,1,978.89,2011-11-23T00:00:00Z,FALSE,-1
9923,57,8,1,986.16,2011-11-23T00:00:00Z,FALSE,-1
9924,15,32,2,572.43,2011-11-23T00:00:00Z,FALSE,-1
9925,0,27,3,684.39,2011-11-23T00:00:00Z,FALSE,-1
9926,14,55,3,835.06,2011-11-23T00:00:00Z,FALSE,-1
9927,54,28,1,580.58,2011-11-23T00:00:00Z,FALSE,-1
9928,1,97,3,752.61,2011-11-23T00:00:00Z,FALSE,-1
9929,11,46,4,534.44,2011-11-23T00:00:00Z,FALSE,-1
9930,67,35,1,450.45,2011-11-23T00:00:00Z,FALSE,-1
9931,84,55,1,505.21,2011-11-23T00:00:00Z,FALSE,-1
9932,65,24,3,498.92,2011-11-23T00:00:00Z,FALSE,-1
9933,75,96,3,722.04,2011-11-23T00:00:00Z,FALSE,-1
9934,64,15,3,374.04,2011-11-24T00:00:00Z,FALSE,-1
9935,30,36,1,857.9,2011-11-24T00:00:00Z,FALSE,-1
9936,93,90,3,514.75,2011-11-24T00:00:00Z,FALSE,-1
9937,21,92,3,375.97,2011-11-24T00:00:00Z,FALSE,-1
9938,78,83,3,936.19,2011-11-24T00:00:00Z,FALSE,-1
9939,38,45,1,227.64,2011-11-24T00:00:00Z,FALSE,-1
9940,70,9,3,934,2011-11-24T00:00:00Z,FALSE,-1
9941,21,40,2,228.42,2011-11-24T00:00:00Z,FALSE,-1
9942,68,34,1,665.13,2011-11-24T00:00:00Z,FALSE,-1
9943,61,1,3,701.15,2011-11-24T00:00:00Z,FALSE,-1
9944,96,95,3,471.33,2011-11-24T00:00:00Z,FALSE,-1
9945,14,48,2,907.94,2011-11-24T00:00:00Z,FALSE,-1
9946,7,22,2,206.42,2011-11-24T00:00:00Z,FALSE,-1
9947,85,66,1,407.25,2011-11-24T00:00:00Z,FALSE,-1
9948,95,55,3,498.66,2011-11-24T00:00:00Z,FALSE,-1
9949,23,50,3,871.94,2011-11-24T00:00:00Z,FALSE,-1
9950,24,65,1,310.73,2011-11-24T00:00:00Z,FALSE,-1
9951,82,8,3,633.59,2011-11-24T00:00:00Z,FALSE,-1
9952,80,77,4,263.73,2011-11-25T00:00:00Z,FALSE,-1
9953,42,41,2,953.17,2011-11-25T00:00:00Z,FALSE,-1
9954,16,44,3,278.08,2011-11-25T00:00:00Z,FALSE,-1
9955,39,35,1,929.79,2011-11-25T00:00:00Z,FALSE,-1
9956,9,38,3,802.31,2011-11-25T00:00:00Z,FALSE,-1
9957,97,59,1,601.24,2011-11-25T00:00:00Z,FALSE,-1
9958,44,43,3,551.35,2011-11-25T00:00:00Z,FALSE,-1
9959,22,74,1,745.11,2011-11-25T00:00:00Z,FALSE,-1
9960,98,60,3,712.61,2011-11-25T00:00:00Z,FALSE,-1
9961,69,17,1,179.73,2011-11-25T00:00:00Z,FALSE,-1
9962,45,27,3,766.64,2011-11-26T00:00:00Z,FALSE,-1
9963,62,5,1,111.81,2011-11-26T00:00:00Z,FALSE,-1
9964,55,39,1,331.08,2011-11-26T00:00:00Z,FALSE,-1
9965,21,44,1,186.06,2011-11-26T00:00:00Z,FALSE,-1
9966,36,26,1,716.14,2011-11-26T00:00:00Z,FALSE,-1
9967,91,45,1,324.54,2011-11-26T00:00:00Z,FALSE,-1
9968,90,82,3,756.92,2011-11-26T00:00:00Z,FALSE,-1
9969,87,79,3,106.15,2011-11-26T00:00:00Z,FALSE,-1
9970,18,96,1,180.51,2011-11-26T00:00:00Z,FALSE,-1
9971,99,85,4,564.98,2011-11-26T00:00:00Z,FALSE,-1
9972,19,99,1,118.33,2011-11-26T00:00:00Z,FALSE,-1
9973,92,5,2,558.35,2011-11-26T00:00:00Z,FALSE,-1
9974,87,31,3,950.4,2011-11-26T00:00:00Z,FALSE,-1
9975,13,97,3,464.73,2011-11-26T00:00:00Z,FALSE,-1
9976,12,11,3,146.92,2011-11-26T00:00:00Z,FALSE,-1
9977,53,32,1,342.28,2011-11-26T00:00:00Z,FALSE,-1
9978,10,70,3,330.83,2011-11-27T00:00:00Z,FALSE,-1
9979,17,42,1,415.87,2011-11-27T00:00:00Z,FALSE,-1
9980,81,25,3,788.36,2011-11-27T00:00:00Z,FALSE,-1
9981,56,20,3,684.97,2011-11-27T00:00:00Z,FALSE,-1
9982,94,57,4,264,2011-11-27T00:00:00Z,FALSE,-1
9983,4,24,3,432.26,2011-11-27T00:00:00Z,FALSE,-1
9984,89,13,2,423.26,2011-11-27T00:00:00Z,FALSE,-1
9985,46,38,1,627.62,2011-11-27T00:00:00Z,FALSE,-1
9986,3,47,1,446.94,2011-11-27T00:00:00Z,FALSE,-1
9987,55,0,1,858.98,2011-11-27T00:00:00Z,FALSE,-1
9988,77,47,3,157.48,2011-11-27T00:00:00Z,FALSE,-1
9989,77,65,2,775.18,2011-11-27T00:00:00Z,FALSE,-1
9990,20,29,3,755.39,2011-11-27T00:00:00Z,FALSE,-1
9991,79,91,3,781.48,2011-11-28T00:00:00Z,FALSE,-1
9992,76,63,4,921.77,2011-11-28T00:00:00Z,FALSE,-1
9993,29,34,1,794.13,2011-11-28T00:00:00Z,FALSE,-1
9994,59,7,1,695.95,2011-11-28T00:00:00Z,FALSE,-1
9995,83,33,1,420.12,2011-11-28T00:00:00Z,FALSE,-1
9996,71,29,2,432.17,2011-11-28T00:00:00Z,FALSE,-1
9997,86,56,2,674.5,2011-11-29T00:00:00Z,FALSE,-1
9998,25,29,2,798.34,2011-11-29T00:00:00Z,FALSE,-1
9999,41,42,1,682.39,2011-11-29T00:00:00Z,FALSE,-1
10000,74,11,1,492.64,2011-11-29T00:00:00Z,FALSE,-1
10001,66,7,1,397.57,2011-11-29T00:00:00Z,FALSE,-1
10002,52,35,1,166.49,2011-11-29T00:00:00Z,FALSE,-1
10003,40,37,3,656.43,2011-11-29T00:00:00Z,FALSE,-1
10004,63,33,3,622.99,2011-11-29T00:00:00Z,FALSE,-1
10005,2,58,3,571.5,2011-11-29T00:00:00Z,FALSE,-1
10006,15,24,2,904.25,2011-11-29T00:00:00Z,FALSE,-1
10007,72,39,2,804.1,2011-11-29T00:00:00Z,FALSE,-1
10008,8,66,3,390.05,2011-11-29T00:00:00Z,FALSE,-1
10009,73,3,1,519.58,2011-11-29T00:00:00Z,FALSE,-1
10010,81,32,1,584.55,2011-11-29T00:00:00Z,FALSE,-1
10011,14,30,1,732.3,2011-11-29T00:00:00Z,FALSE,-1
10012,50,2,3,134.75,2011-11-29T00:00:00Z,FALSE,-1
10013,38,28,2,964.88,2011-11-29T00:00:00Z,FALSE,-1
10014,60,17,3,316.92,2011-11-29T00:00:00Z,FALSE,-1
10015,11,46,4,596.61,2011-11-29T00:00:00Z,FALSE,-1
10016,44,33,1,788.54,2011-11-29T00:00:00Z,FALSE,-1
10017,59,49,2,218.38,2011-11-29T00:00:00Z,FALSE,-1
10018,57,8,3,884.72,2011-11-30T00:00:00Z,FALSE,-1
10019,75,65,1,522.59,2011-11-30T00:00:00Z,FALSE,-1
10020,18,46,2,653.71,2011-11-30T00:00:00Z,FALSE,-1
10021,65,24,2,247.76,2011-11-30T00:00:00Z,FALSE,-1
10022,67,35,2,710,2011-11-30T00:00:00Z,FALSE,-1
10023,5,62,2,291.8,2011-11-30T00:00:00Z,FALSE,-1
10024,84,76,3,149.76,2011-11-30T00:00:00Z,FALSE,-1
10025,1,61,1,745.6,2011-11-30T00:00:00Z,FALSE,-1
10026,6,94,3,807.69,2011-11-30T00:00:00Z,FALSE,-1
10027,51,30,3,170.61,2011-11-30T00:00:00Z,FALSE,-1
10028,14,48,2,668.92,2011-11-30T00:00:00Z,FALSE,-1
10029,54,28,1,555.33,2011-11-30T00:00:00Z,FALSE,-1
10030,58,2,3,706.43,2011-11-30T00:00:00Z,FALSE,-1
10031,66,32,3,708.42,2011-11-30T00:00:00Z,FALSE,-1
10032,0,55,3,1015.94,2011-11-30T00:00:00Z,FALSE,-1
10033,88,17,2,413.07,2011-11-30T00:00:00Z,FALSE,-1
10034,42,36,3,970.91,2011-12-01T00:00:00Z,FALSE,-1
10035,96,4,1,422.33,2011-12-01T00:00:00Z,FALSE,-1
10036,69,48,1,805.13,2011-12-01T00:00:00Z,FALSE,-1
10037,24,91,2,201.9,2011-12-01T00:00:00Z,FALSE,-1
10038,70,9,3,359.84,2011-12-01T00:00:00Z,FALSE,-1
10039,64,15,2,516.74,2011-12-01T00:00:00Z,FALSE,-1
10040,93,9,1,960.7,2011-12-01T00:00:00Z,FALSE,-1
10041,78,77,1,884.44,2011-12-01T00:00:00Z,FALSE,-1
10042,85,80,2,274.74,2011-12-01T00:00:00Z,FALSE,-1
10043,21,40,2,527.28,2011-12-01T00:00:00Z,FALSE,-1
10044,55,40,1,768.39,2011-12-01T00:00:00Z,FALSE,-1
10045,7,59,3,995.75,2011-12-01T00:00:00Z,FALSE,-1
10046,23,17,2,1022.54,2011-12-01T00:00:00Z,FALSE,-1
10047,68,34,3,225.93,2011-12-01T00:00:00Z,FALSE,-1
10048,82,47,3,690.68,2011-12-01T00:00:00Z,FALSE,-1
10049,61,1,1,870.57,2011-12-01T00:00:00Z,FALSE,-1
10050,40,45,1,713.65,2011-12-01T00:00:00Z,FALSE,-1
10051,95,38,1,748.54,2011-12-01T00:00:00Z,FALSE,-1
10052,9,23,1,97.07,2011-12-02T00:00:00Z,FALSE,-1
10053,80,39,3,101.4,2011-12-02T00:00:00Z,FALSE,-1
10054,59,35,2,917.24,2011-12-02T00:00:00Z,FALSE,-1
10055,69,17,3,978.07,2011-12-02T00:00:00Z,FALSE,-1
10056,16,83,1,377.66,2011-12-02T00:00:00Z,FALSE,-1
10057,22,62,1,503.8,2011-12-02T00:00:00Z,FALSE,-1
10058,60,43,1,625.22,2011-12-02T00:00:00Z,FALSE,-1
10059,52,41,2,279.35,2011-12-02T00:00:00Z,FALSE,-1
10060,98,81,3,143.73,2011-12-02T00:00:00Z,FALSE,-1
10061,97,54,1,113.73,2011-12-02T00:00:00Z,FALSE,-1
10062,19,97,3,570.47,2011-12-03T00:00:00Z,FALSE,-1
10063,13,95,3,195.26,2011-12-03T00:00:00Z,FALSE,-1
10064,92,85,1,478.18,2011-12-03T00:00:00Z,FALSE,-1
10065,93,27,2,772.35,2011-12-03T00:00:00Z,FALSE,-1
10066,70,39,1,280.17,2011-12-03T00:00:00Z,FALSE,-1
10067,18,91,1,806.87,2011-12-03T00:00:00Z,FALSE,-1
10068,87,98,3,409.71,2011-12-03T00:00:00Z,FALSE,-1
10069,12,57,3,925.52,2011-12-03T00:00:00Z,FALSE,-1
10070,76,44,3,282.33,2011-12-03T00:00:00Z,FALSE,-1
10071,53,32,3,475.55,2011-12-03T00:00:00Z,FALSE,-1
10072,49,31,1,157.32,2011-12-03T00:00:00Z,FALSE,-1
10073,90,2,1,847.94,2011-12-03T00:00:00Z,FALSE,-1
10074,91,84,1,440.55,2011-12-03T00:00:00Z,FALSE,-1
10075,62,26,3,281.02,2011-12-03T00:00:00Z,FALSE,-1
10076,62,5,2,194.68,2011-12-03T00:00:00Z,FALSE,-1
10077,99,64,1,128.97,2011-12-03T00:00:00Z,FALSE,-1
10078,4,92,2,584.31,2011-12-04T00:00:00Z,FALSE,-1
10079,82,47,3,362.76,2011-12-04T00:00:00Z,FALSE,-1
10080,56,20,3,147.22,2011-12-04T00:00:00Z,FALSE,-1
10081,89,61,1,939.99,2011-12-04T00:00:00Z,FALSE,-1
10082,3,87,3,804.02,2011-12-04T00:00:00Z,FALSE,-1
10083,20,92,1,711.13,2011-12-04T00:00:00Z,FALSE,-1
10084,94,25,1,897.63,2011-12-04T00:00:00Z,FALSE,-1
10085,17,70,1,465.1,2011-12-04T00:00:00Z,FALSE,-1
10086,55,0,3,872.5,2011-12-04T00:00:00Z,FALSE,-1
10087,10,41,3,930.53,2011-12-04T00:00:00Z,FALSE,-1
10088,77,68,1,856.83,2011-12-04T00:00:00Z,FALSE,-1
10089,94,30,2,195.79,2011-12-04T00:00:00Z,FALSE,-1
10090,83,38,1,307.16,2011-12-04T00:00:00Z,FALSE,-1
10091,71,29,3,350.02,2011-12-05T00:00:00Z,FALSE,-1
10092,59,7,3,712.83,2011-12-05T00:00:00Z,FALSE,-1
10093,79,82,3,843.43,2011-12-05T00:00:00Z,FALSE,-1
10094,76,44,3,585.96,2011-12-05T00:00:00Z,FALSE,-1
10095,83,38,1,683.18,2011-12-05T00:00:00Z,FALSE,-1
10096,36,34,1,736.48,2011-12-05T00:00:00Z,FALSE,-1
10097,44,30,3,743.17,2011-12-06T00:00:00Z,FALSE,-1
10098,8,61,1,409.69,2011-12-06T00:00:00Z,FALSE,-1
10099,67,49,1,792.46,2011-12-06T00:00:00Z,FALSE,-1
10100,60,17,3,619.27,2011-12-06T00:00:00Z,FALSE,-1
10101,35,29,3,456.08,2011-12-06T00:00:00Z,FALSE,-1
10102,15,64,1,793.4,2011-12-06T00:00:00Z,FALSE,-1
10103,50,2,1,121.87,2011-12-06T00:00:00Z,FALSE,-1
10104,69,42,2,475.27,2011-12-06T00:00:00Z,FALSE,-1
10105,80,37,3,236.86,2011-12-06T00:00:00Z,FALSE,-1
10106,58,33,1,314.17,2011-12-06T00:00:00Z,FALSE,-1
10107,2,50,3,888.1,2011-12-06T00:00:00Z,FALSE,-1
10108,39,28,3,283.97,2011-12-06T00:00:00Z,FALSE,-1
10109,74,11,1,166.92,2011-12-06T00:00:00Z,FALSE,-1
10110,52,35,1,741.33,2011-12-06T00:00:00Z,FALSE,-1
10111,81,76,2,537.18,2011-12-06T00:00:00Z,FALSE,-1
10112,73,3,4,190.52,2011-12-06T00:00:00Z,FALSE,-1
10113,86,44,2,362,2011-12-06T00:00:00Z,FALSE,-1
10114,66,7,3,890.27,2011-12-06T00:00:00Z,FALSE,-1
10115,72,39,2,137.46,2011-12-06T00:00:00Z,FALSE,-1
10116,63,33,1,882.33,2011-12-06T00:00:00Z,FALSE,-1
10117,11,74,2,118.74,2011-12-06T00:00:00Z,FALSE,-1
10118,54,28,1,484.04,2011-12-07T00:00:00Z,FALSE,-1
10119,88,89,3,287.71,2011-12-07T00:00:00Z,FALSE,-1
10120,67,35,1,837.16,2011-12-07T00:00:00Z,FALSE,-1
10121,6,25,4,715.93,2011-12-07T00:00:00Z,FALSE,-1
10122,57,8,1,743.51,2011-12-07T00:00:00Z,FALSE,-1
10123,1,49,3,605.73,2011-12-07T00:00:00Z,FALSE,-1
10124,14,20,1,455.78,2011-12-07T00:00:00Z,FALSE,-1
10125,51,30,3,622.35,2011-12-07T00:00:00Z,FALSE,-1
10126,5,87,3,778.72,2011-12-07T00:00:00Z,FALSE,-1
10127,76,32,3,977.63,2011-12-07T00:00:00Z,FALSE,-1
10128,75,73,3,648.77,2011-12-07T00:00:00Z,FALSE,-1
10129,62,46,3,754.61,2011-12-07T00:00:00Z,FALSE,-1
10130,58,2,3,485.32,2011-12-07T00:00:00Z,FALSE,-1
10131,0,27,3,909.32,2011-12-07T00:00:00Z,FALSE,-1
10132,84,98,3,511.23,2011-12-07T00:00:00Z,FALSE,-1
10133,65,24,3,215.29,2011-12-07T00:00:00Z,FALSE,-1
10134,68,34,2,797.47,2011-12-08T00:00:00Z,FALSE,-1
10135,96,21,4,699.65,2011-12-08T00:00:00Z,FALSE,-1
10136,78,14,2,385.94,2011-12-08T00:00:00Z,FALSE,-1
10137,93,23,3,337.91,2011-12-08T00:00:00Z,FALSE,-1
10138,61,40,2,874.78,2011-12-08T00:00:00Z,FALSE,-1
10139,7,66,1,413.91,2011-12-08T00:00:00Z,FALSE,-1
10140,61,1,3,484.48,2011-12-08T00:00:00Z,FALSE,-1
10141,23,79,1,978.69,2011-12-08T00:00:00Z,FALSE,-1
10142,55,36,3,470.46,2011-12-08T00:00:00Z,FALSE,-1
10143,70,9,1,316.94,2011-12-08T00:00:00Z,FALSE,-1
10144,21,44,1,585.91,2011-12-08T00:00:00Z,FALSE,-1
10145,82,75,2,218.68,2011-12-08T00:00:00Z,FALSE,-1
10146,50,45,3,251.35,2011-12-08T00:00:00Z,FALSE,-1
10147,24,60,1,522.92,2011-12-08T00:00:00Z,FALSE,-1
10148,85,50,2,888.05,2011-12-08T00:00:00Z,FALSE,-1
10149,74,48,2,398.33,2011-12-08T00:00:00Z,FALSE,-1
10150,95,62,1,767.25,2011-12-08T00:00:00Z,FALSE,-1
10151,64,15,1,834.15,2011-12-08T00:00:00Z,FALSE,-1
10152,98,72,3,267.13,2011-12-09T00:00:00Z,FALSE,-1
10153,69,17,3,433.04,2011-12-09T00:00:00Z,FALSE,-1
10154,66,43,3,523.5,2011-12-09T00:00:00Z,FALSE,-1
10155,22,56,2,378.72,2011-12-09T00:00:00Z,FALSE,-1
10156,9,70,3,533.18,2011-12-09T00:00:00Z,FALSE,-1
10157,97,79,1,118.2,2011-12-09T00:00:00Z,FALSE,-1
10158,68,41,2,262.48,2011-12-09T00:00:00Z,FALSE,-1
10159,87,35,2,601.43,2011-12-09T00:00:00Z,FALSE,-1
10160,16,98,3,506.91,2011-12-09T00:00:00Z,FALSE,-1
10161,80,12,1,430.13,2011-12-09T00:00:00Z,FALSE,-1
10162,19,28,1,936.82,2011-12-10T00:00:00Z,FALSE,-1
10163,12,6,2,184.8,2011-12-10T00:00:00Z,FALSE,-1
10164,18,99,3,226.04,2011-12-10T00:00:00Z,FALSE,-1
10165,72,39,2,939.8,2011-12-10T00:00:00Z,FALSE,-1
10166,99,91,2,668.24,2011-12-10T00:00:00Z,FALSE,-1
10167,91,54,2,168.27,2011-12-10T00:00:00Z,FALSE,-1
10168,92,95,3,990.95,2011-12-10T00:00:00Z,FALSE,-1
10169,54,31,1,492.17,2011-12-10T00:00:00Z,FALSE,-1
10170,97,27,2,305.89,2011-12-10T00:00:00Z,FALSE,-1
10171,79,44,2,592.38,2011-12-10T00:00:00Z,FALSE,-1
10172,88,26,1,120.18,2011-12-10T00:00:00Z,FALSE,-1
10173,53,32,3,412.38,2011-12-10T00:00:00Z,FALSE,-1
10174,13,34,1,937.75,2011-12-10T00:00:00Z,FALSE,-1
10175,90,39,1,141.34,2011-12-10T00:00:00Z,FALSE,-1
10176,87,97,2,412.87,2011-12-10T00:00:00Z,FALSE,-1
10177,62,5,1,579.5,2011-12-10T00:00:00Z,FALSE,-1
10178,4,89,1,319.72,2011-12-11T00:00:00Z,FALSE,-1
10179,99,25,1,215.61,2011-12-11T00:00:00Z,FALSE,-1
10180,10,91,1,231.47,2011-12-11T00:00:00Z,FALSE,-1
10181,20,64,1,173.56,2011-12-11T00:00:00Z,FALSE,-1
10182,88,38,1,634.68,2011-12-11T00:00:00Z,FALSE,-1
10183,77,34,3,531.35,2011-12-11T00:00:00Z,FALSE,-1
10184,94,67,4,361.72,2011-12-11T00:00:00Z,FALSE,-1
10185,56,20,1,552.28,2011-12-11T00:00:00Z,FALSE,-1
10186,85,47,4,260,2011-12-11T00:00:00Z,FALSE,-1
10187,55,0,1,599.95,2011-12-11T00:00:00Z,FALSE,-1
10188,17,77,1,315.73,2011-12-11T00:00:00Z,FALSE,-1
10189,89,88,2,721.3,2011-12-11T00:00:00Z,FALSE,-1
10190,3,73,3,831.87,2011-12-11T00:00:00Z,FALSE,-1
10191,59,7,2,394.43,2011-12-12T00:00:00Z,FALSE,-1
10192,71,29,4,915.77,2011-12-12T00:00:00Z,FALSE,-1
10193,79,96,4,249.08,2011-12-12T00:00:00Z,FALSE,-1
10194,77,34,3,152.58,2011-12-12T00:00:00Z,FALSE,-1
10195,76,51,3,826.45,2011-12-12T00:00:00Z,FALSE,-1
10196,83,90,1,232.98,2011-12-12T00:00:00Z,FALSE,-1
10197,86,18,3,427.96,2011-12-13T00:00:00Z,FALSE,-1
10198,50,2,3,178.45,2011-12-13T00:00:00Z,FALSE,-1
10199,73,3,3,348.33,2011-12-13T00:00:00Z,FALSE,-1
10200,81,68,3,694.86,2011-12-13T00:00:00Z,FALSE,-1
10201,52,35,3,227.98,2011-12-13T00:00:00Z,FALSE,-1
10202,83,33,1,277.82,2011-12-13T00:00:00Z,FALSE,-1
10203,92,30,3,989.1,2011-12-13T00:00:00Z,FALSE,-1
10204,15,32,2,459.47,2011-12-13T00:00:00Z,FALSE,-1
10205,74,11,1,740.67,2011-12-13T00:00:00Z,FALSE,-1
10206,11,86,3,771.38,2011-12-13T00:00:00Z,FALSE,-1
10207,66,7,2,518.56,2011-12-13T00:00:00Z,FALSE,-1
10208,88,37,2,576.2,2011-12-13T00:00:00Z,FALSE,-1
10209,63,33,3,597.89,2011-12-13T00:00:00Z,FALSE,-1
10210,2,86,2,633.33,2011-12-13T00:00:00Z,FALSE,-1
10211,70,42,3,965.99,2011-12-13T00:00:00Z,FALSE,-1
10212,60,17,1,504.42,2011-12-13T00:00:00Z,FALSE,-1
10213,86,49,1,553.74,2011-12-13T00:00:00Z,FALSE,-1
10214,66,29,1,847.11,2011-12-13T00:00:00Z,FALSE,-1
10215,40,28,1,209.73,2011-12-13T00:00:00Z,FALSE,-1
10216,72,39,2,905.1,2011-12-13T00:00:00Z,FALSE,-1
10217,8,73,1,130.24,2011-12-13T00:00:00Z,FALSE,-1
10218,1,97,3,396.52,2011-12-14T00:00:00Z,FALSE,-1
10219,75,25,1,199.21,2011-12-14T00:00:00Z,FALSE,-1
10220,58,2,3,811.81,2011-12-14T00:00:00Z,FALSE,-1
10221,73,46,2,268.04,2011-12-14T00:00:00Z,FALSE,-1
10222,5,33,2,961.03,2011-12-14T00:00:00Z,FALSE,-1
10223,65,24,1,931.94,2011-12-14T00:00:00Z,FALSE,-1
10224,84,78,1,680.85,2011-12-14T00:00:00Z,FALSE,-1
10225,54,28,1,176.63,2011-12-14T00:00:00Z,FALSE,-1
10226,6,93,2,563.15,2011-12-14T00:00:00Z,FALSE,-1
10227,88,90,1,378.13,2011-12-14T00:00:00Z,FALSE,-1
10228,57,8,2,819.7,2011-12-14T00:00:00Z,FALSE,-1
10229,51,30,4,164.32,2011-12-14T00:00:00Z,FALSE,-1
10230,81,32,1,606.89,2011-12-14T00:00:00Z,FALSE,-1
10231,67,35,3,676.51,2011-12-14T00:00:00Z,FALSE,-1
10232,0,55,3,543.89,2011-12-14T00:00:00Z,FALSE,-1
10233,14,30,1,364.89,2011-12-14T00:00:00Z,FALSE,-1
10234,70,9,1,301.57,2011-12-15T00:00:00Z,FALSE,-1
10235,68,34,2,112.36,2011-12-15T00:00:00Z,FALSE,-1
10236,64,15,3,178.89,2011-12-15T00:00:00Z,FALSE,-1
10237,85,78,3,234.62,2011-12-15T00:00:00Z,FALSE,-1
10238,23,37,1,194.78,2011-12-15T00:00:00Z,FALSE,-1
10239,61,1,1,913.19,2011-12-15T00:00:00Z,FALSE,-1
10240,64,40,1,199.6,2011-12-15T00:00:00Z,FALSE,-1
10241,96,38,3,500.88,2011-12-15T00:00:00Z,FALSE,-1
10242,21,99,2,565.51,2011-12-15T00:00:00Z,FALSE,-1
10243,95,51,3,287.55,2011-12-15T00:00:00Z,FALSE,-1
10244,82,84,3,103.99,2011-12-15T00:00:00Z,FALSE,-1
10245,93,95,1,299.5,2011-12-15T00:00:00Z,FALSE,-1
10246,91,48,1,813.41,2011-12-15T00:00:00Z,FALSE,-1
10247,24,69,3,827.41,2011-12-15T00:00:00Z,FALSE,-1
10248,54,45,2,549.51,2011-12-15T00:00:00Z,FALSE,-1
10249,79,36,1,399.13,2011-12-15T00:00:00Z,FALSE,-1
10250,7,79,1,930.25,2011-12-15T00:00:00Z,FALSE,-1
10251,78,80,3,442.4,2011-12-15T00:00:00Z,FALSE,-1
10252,80,97,1,289.12,2011-12-16T00:00:00Z,FALSE,-1
10253,67,43,3,471.97,2011-12-16T00:00:00Z,FALSE,-1
10254,16,61,2,308.22,2011-12-16T00:00:00Z,FALSE,-1
10255,22,92,2,894.3,2011-12-16T00:00:00Z,FALSE,-1
10256,9,77,1,482.79,2011-12-16T00:00:00Z,FALSE,-1
10257,74,41,1,962.32,2011-12-16T00:00:00Z,FALSE,-1
10258,95,35,1,666.64,2011-12-16T00:00:00Z,FALSE,-1
10259,98,2,1,230.2,2011-12-16T00:00:00Z,FALSE,-1
10260,69,17,1,126.74,2011-12-16T00:00:00Z,FALSE,-1
10261,97,76,2,223.11,2011-12-16T00:00:00Z,FALSE,-1
10262,12,5,3,771.64,2011-12-17T00:00:00Z,FALSE,-1
10263,62,5,3,723.92,2011-12-17T00:00:00Z,FALSE,-1
10264,13,77,1,307.35,2011-12-17T00:00:00Z,FALSE,-1
10265,91,95,3,225.63,2011-12-17T00:00:00Z,FALSE,-1
10266,18,46,2,344.26,2011-12-17T00:00:00Z,FALSE,-1
10267,86,44,2,861.85,2011-12-17T00:00:00Z,FALSE,-1
10268,53,32,1,415.03,2011-12-17T00:00:00Z,FALSE,-1
10269,92,39,1,894.22,2011-12-17T00:00:00Z,FALSE,-1
10270,90,53,1,384.58,2011-12-17T00:00:00Z,FALSE,-1
10271,58,31,1,622.34,2011-12-17T00:00:00Z,FALSE,-1
10272,80,39,3,869.71,2011-12-17T00:00:00Z,FALSE,-1
10273,11,26,3,891.84,2011-12-17T00:00:00Z,FALSE,-1
10274,99,86,3,475.06,2011-12-17T00:00:00Z,FALSE,-1
10275,87,45,4,807.11,2011-12-17T00:00:00Z,FALSE,-1
10276,0,27,3,158.02,2011-12-17T00:00:00Z,FALSE,-1
10277,19,85,3,304,2011-12-17T00:00:00Z,FALSE,-1
10278,56,20,1,204.53,2011-12-18T00:00:00Z,FALSE,-1
10279,20,56,2,406.72,2011-12-18T00:00:00Z,FALSE,-1
10280,6,25,4,548.81,2011-12-18T00:00:00Z,FALSE,-1
10281,77,47,3,973.55,2011-12-18T00:00:00Z,FALSE,-1
10282,89,98,3,522.1,2011-12-18T00:00:00Z,FALSE,-1
10283,3,47,1,396.84,2011-12-18T00:00:00Z,FALSE,-1
10284,4,24,3,707.9,2011-12-18T00:00:00Z,FALSE,-1
10285,94,49,2,775.35,2011-12-18T00:00:00Z,FALSE,-1
10286,10,93,2,1027.69,2011-12-18T00:00:00Z,FALSE,-1
10287,17,60,1,604.53,2011-12-18T00:00:00Z,FALSE,-1
10288,97,47,1,342.26,2011-12-18T00:00:00Z,FALSE,-1
10289,55,0,1,463.11,2011-12-18T00:00:00Z,FALSE,-1
10290,95,38,1,549.51,2011-12-18T00:00:00Z,FALSE,-1
10291,93,34,3,858.93,2011-12-19T00:00:00Z,FALSE,-1
10292,59,7,2,751.71,2011-12-19T00:00:00Z,FALSE,-1
10293,79,74,2,342.52,2011-12-19T00:00:00Z,FALSE,-1
10294,83,97,2,469.28,2011-12-19T00:00:00Z,FALSE,-1
10295,76,32,3,852.45,2011-12-19T00:00:00Z,FALSE,-1
10296,71,29,3,807.91,2011-12-19T00:00:00Z,FALSE,-1
10297,94,33,2,857.56,2011-12-20T00:00:00Z,FALSE,-1
10298,60,17,2,877.05,2011-12-20T00:00:00Z,FALSE,-1
10299,2,58,3,179.2,2011-12-20T00:00:00Z,FALSE,-1
10300,77,42,2,483.78,2011-12-20T00:00:00Z,FALSE,-1
10301,52,35,1,520.31,2011-12-20T00:00:00Z,FALSE,-1
10302,42,28,2,773.52,2011-12-20T00:00:00Z,FALSE,-1
10303,74,11,1,629.74,2011-12-20T00:00:00Z,FALSE,-1
10304,15,47,1,539.97,2011-12-20T00:00:00Z,FALSE,-1
10305,72,39,2,338.87,2011-12-20T00:00:00Z,FALSE,-1
10306,86,49,1,784.92,2011-12-20T00:00:00Z,FALSE,-1
10307,73,3,3,690.82,2011-12-20T00:00:00Z,FALSE,-1
10308,50,2,2,255.8,2011-12-20T00:00:00Z,FALSE,-1
10309,94,30,2,444.51,2011-12-20T00:00:00Z,FALSE,-1
10310,63,33,1,208.83,2011-12-20T00:00:00Z,FALSE,-1
10311,66,7,1,300.25,2011-12-20T00:00:00Z,FALSE,-1
10312,81,50,3,476.57,2011-12-20T00:00:00Z,FALSE,-1
10313,89,37,2,231.45,2011-12-20T00:00:00Z,FALSE,-1
10314,93,49,3,552.3,2011-12-20T00:00:00Z,FALSE,-1
10315,77,29,3,234.52,2011-12-20T00:00:00Z,FALSE,-1
10316,11,26,3,315.37,2011-12-20T00:00:00Z,FALSE,-1
10317,8,57,3,208.62,2011-12-20T00:00:00Z,FALSE,-1
10318,5,62,2,218.01,2011-12-21T00:00:00Z,FALSE,-1
10319,54,28,1,571.63,2011-12-21T00:00:00Z,FALSE,-1
10320,88,57,3,578.38,2011-12-21T00:00:00Z,FALSE,-1
10321,67,35,3,415.98,2011-12-21T00:00:00Z,FALSE,-1
10322,83,32,3,615.09,2011-12-21T00:00:00Z,FALSE,-1
10323,0,27,3,943.09,2011-12-21T00:00:00Z,FALSE,-1
10324,65,24,3,252.05,2011-12-21T00:00:00Z,FALSE,-1
10325,95,46,1,739.03,2011-12-21T00:00:00Z,FALSE,-1
10326,51,30,3,132.92,2011-12-21T00:00:00Z,FALSE,-1
10327,6,30,1,397.49,2011-12-21T00:00:00Z,FALSE,-1
10328,84,70,2,853.21,2011-12-21T00:00:00Z,FALSE,-1
10329,75,98,2,743.3,2011-12-21T00:00:00Z,FALSE,-1
10330,58,2,3,431.46,2011-12-21T00:00:00Z,FALSE,-1
10331,57,8,1,296.61,2011-12-21T00:00:00Z,FALSE,-1
10332,14,16,4,200.86,2011-12-21T00:00:00Z,FALSE,-1
10333,1,61,1,110.11,2011-12-21T00:00:00Z,FALSE,-1
